./jpf-sv-comp --propertyfile ../../sv-benchmarks/java/properties/assert_java.prp ../../sv-benchmarks/java/common ../../sv-benchmarks/java/securibench/micro ../../sv-benchmarks/java/securibench/Sanitizers4


--------------------------------------------------------------------------------


PROP_FILE=../../sv-benchmarks/java/properties/assert_java.prp
CHECK( init(Main.main()), LTL(G assert) )
ASSERTION_MODE=TRUE
RUNTIME_EXCEPTION_MODE=FALSE
Note: Some input files use unchecked or unsafe operations.
Note: Recompile with -Xlint:unchecked for details.
/tmp/jpf-benchmark.VuAUoD/config.jpf
LD_LIBRARY_PATH=/home/f8/Desktop/bench-defs/bin/spf-x7QRTWdPtu/jpf-symbc/lib:/home/f8/Desktop/SPF/jpf-symbc/lib:
symbolic.min_int=-2147483648
symbolic.min_long=-9223372036854775808
symbolic.min_short=-32768
symbolic.min_byte=-128
symbolic.min_char=0
symbolic.max_int=2147483647
symbolic.max_long=9223372036854775807
symbolic.max_short=32767
symbolic.max_byte=127
symbolic.max_char=65535
symbolic.min_double=4.9E-324
symbolic.max_double=1.7976931348623157E308
JavaPathfinder core system v8.0 (rev a9cfdfd20e921dacd2aaa6e92103681eb28cc81d) - (C) 2005-2014 United States Government. All rights reserved.


====================================================== system under test
Main.main()

====================================================== search started: 7/8/25 4:51 AM
$$$$$$$$$$$$$$$$$$$$$$$$$$$$$$$$
Calling Z3str3

Returned solutions: 
(define-fun string0 () String  "")
*************************************
Satisfiable: true
string0 => ""
*************************************

$$$$$$$$$$$$$$$$$$$$$$$$$$$$$$$$
Calling Z3str3

Returned solutions: 
(define-fun string0 () String  "A")
*************************************
Satisfiable: true
string0 => "A"
*************************************

$$$$$$$$$$$$$$$$$$$$$$$$$$$$$$$$
Calling Z3str3

Returned solutions: 
(define-fun string0 () String  "&")
*************************************
Satisfiable: true
string0 => "&"
*************************************

$$$$$$$$$$$$$$$$$$$$$$$$$$$$$$$$
Calling Z3str3

Returned solutions: 
(define-fun string0 () String  "&")
*************************************
Satisfiable: true
string0 => "&"
*************************************

$$$$$$$$$$$$$$$$$$$$$$$$$$$$$$$$
Calling Z3str3

Returned solutions: 
(define-fun string0 () String  "&A")
*************************************
Satisfiable: true
string0 => "&A"
*************************************

$$$$$$$$$$$$$$$$$$$$$$$$$$$$$$$$
Calling Z3str3

Returned solutions: 
(define-fun string0 () String  "&&")
*************************************
Satisfiable: true
string0 => "&&"
*************************************

$$$$$$$$$$$$$$$$$$$$$$$$$$$$$$$$
Calling Z3str3

Returned solutions: 
(define-fun string0 () String  "&&")
*************************************
Satisfiable: true
string0 => "&&"
*************************************

$$$$$$$$$$$$$$$$$$$$$$$$$$$$$$$$
Calling Z3str3

Returned solutions: 
(define-fun string0 () String  "&&A")
*************************************
Satisfiable: true
string0 => "&&A"
*************************************

$$$$$$$$$$$$$$$$$$$$$$$$$$$$$$$$
Calling Z3str3

Returned solutions: 
(define-fun string0 () String  "&&&")
*************************************
Satisfiable: true
string0 => "&&&"
*************************************

$$$$$$$$$$$$$$$$$$$$$$$$$$$$$$$$
Calling Z3str3

Returned solutions: 
(define-fun string0 () String  "&&&")
*************************************
Satisfiable: true
string0 => "&&&"
*************************************

$$$$$$$$$$$$$$$$$$$$$$$$$$$$$$$$
Calling Z3str3

Returned solutions: 
(define-fun string0 () String  "&&&A")
*************************************
Satisfiable: true
string0 => "&&&A"
*************************************

$$$$$$$$$$$$$$$$$$$$$$$$$$$$$$$$
Calling Z3str3

Returned solutions: 
(define-fun string0 () String  "&&&&")
*************************************
Satisfiable: true
string0 => "&&&&"
*************************************

$$$$$$$$$$$$$$$$$$$$$$$$$$$$$$$$
Calling Z3str3

Returned solutions: 
(define-fun string0 () String  "&&&&")
*************************************
Satisfiable: true
string0 => "&&&&"
*************************************

$$$$$$$$$$$$$$$$$$$$$$$$$$$$$$$$
Calling Z3str3

Returned solutions: 
(define-fun string0 () String  "&&&&AB")
*************************************
Satisfiable: true
string0 => "&&&&AB"
*************************************

$$$$$$$$$$$$$$$$$$$$$$$$$$$$$$$$
Calling Z3str3

Returned solutions: 
(define-fun string0 () String  "&&&&&")
*************************************
Satisfiable: true
string0 => "&&&&&"
*************************************

$$$$$$$$$$$$$$$$$$$$$$$$$$$$$$$$
Calling Z3str3

Returned solutions: 
(define-fun string0 () String  "&&&&&")
*************************************
Satisfiable: true
string0 => "&&&&&"
*************************************

$$$$$$$$$$$$$$$$$$$$$$$$$$$$$$$$
Calling Z3str3

Returned solutions: 
(define-fun string0 () String  "&&&&&A")
*************************************
Satisfiable: true
string0 => "&&&&&A"
*************************************

$$$$$$$$$$$$$$$$$$$$$$$$$$$$$$$$
Calling Z3str3

Returned solutions: 
(define-fun string0 () String  "&&&&&&")
*************************************
Satisfiable: true
string0 => "&&&&&&"
*************************************

$$$$$$$$$$$$$$$$$$$$$$$$$$$$$$$$
Calling Z3str3

Returned solutions: 
(define-fun string0 () String  "&&&&&&")
*************************************
Satisfiable: true
string0 => "&&&&&&"
*************************************

$$$$$$$$$$$$$$$$$$$$$$$$$$$$$$$$
Calling Z3str3

Returned solutions: 
(define-fun string0 () String  "&&&&&&A")
*************************************
Satisfiable: true
string0 => "&&&&&&A"
*************************************


====================================================== search constraint
depth limit reached: 13

====================================================== snapshot 
thread java.lang.Thread:{id:0,name:main,status:RUNNING,priority:5,isDaemon:false,lockCount:0,suspendCount:0}
  call stack:
	at securibench.micro.sanitizers.Sanitizers4.clean(Sanitizers4.java:43)
	at securibench.micro.sanitizers.Sanitizers4.doGet(Sanitizers4.java:31)
	at Main.main(Main.java:23)

$$$$$$$$$$$$$$$$$$$$$$$$$$$$$$$$
Calling Z3str3

Returned solutions: 
(define-fun string0 () String  "&&&&&A")
*************************************
Satisfiable: true
string0 => "&&&&&A"
*************************************

$$$$$$$$$$$$$$$$$$$$$$$$$$$$$$$$
Calling Z3str3

Returned solutions: 
(define-fun string0 () String  "&&&&&A")
*************************************
Satisfiable: true
string0 => "&&&&&A"
*************************************

$$$$$$$$$$$$$$$$$$$$$$$$$$$$$$$$
Calling Z3str3

Returned solutions: 
(define-fun string0 () String  "&&&&&AB")
*************************************
Satisfiable: true
string0 => "&&&&&AB"
*************************************


====================================================== search constraint
depth limit reached: 13

====================================================== snapshot 
thread java.lang.Thread:{id:0,name:main,status:RUNNING,priority:5,isDaemon:false,lockCount:0,suspendCount:0}
  call stack:
	at securibench.micro.sanitizers.Sanitizers4.clean(Sanitizers4.java:43)
	at securibench.micro.sanitizers.Sanitizers4.doGet(Sanitizers4.java:31)
	at Main.main(Main.java:23)

$$$$$$$$$$$$$$$$$$$$$$$$$$$$$$$$
Calling Z3str3

*************************************
Satisfiable: false
*************************************


====================================================== search constraint
depth limit reached: 13

====================================================== snapshot 
thread java.lang.Thread:{id:0,name:main,status:RUNNING,priority:5,isDaemon:false,lockCount:0,suspendCount:0}
  call stack:
	at mockx.servlet.http.HttpServletResponse.checkNoSymbolic(HttpServletResponse.java:40)
	at mockx.servlet.http.HttpServletResponse.access$000(HttpServletResponse.java:12)
	at mockx.servlet.http.HttpServletResponse$1.println(HttpServletResponse.java:22)
	at securibench.micro.sanitizers.Sanitizers4.doGet(Sanitizers4.java:36)
	at Main.main(Main.java:23)

$$$$$$$$$$$$$$$$$$$$$$$$$$$$$$$$
Calling Z3str3

Returned solutions: 
(define-fun string0 () String  "&&&&&")
*************************************
Satisfiable: true
string0 => "&&&&&"
*************************************


====================================================== search constraint
depth limit reached: 13

====================================================== snapshot 
thread java.lang.Thread:{id:0,name:main,status:RUNNING,priority:5,isDaemon:false,lockCount:0,suspendCount:0}
  call stack:
	at mockx.servlet.http.HttpServletResponse.checkNoSymbolic(HttpServletResponse.java:37)
	at mockx.servlet.http.HttpServletResponse.access$000(HttpServletResponse.java:12)
	at mockx.servlet.http.HttpServletResponse$1.println(HttpServletResponse.java:22)
	at securibench.micro.sanitizers.Sanitizers4.doGet(Sanitizers4.java:36)
	at Main.main(Main.java:23)

$$$$$$$$$$$$$$$$$$$$$$$$$$$$$$$$
Calling Z3str3

Returned solutions: 
(define-fun string0 () String  "&&&&A")
*************************************
Satisfiable: true
string0 => "&&&&A"
*************************************

$$$$$$$$$$$$$$$$$$$$$$$$$$$$$$$$
Calling Z3str3

Returned solutions: 
(define-fun string0 () String  "&&&&A")
*************************************
Satisfiable: true
string0 => "&&&&A"
*************************************

$$$$$$$$$$$$$$$$$$$$$$$$$$$$$$$$
Calling Z3str3

Returned solutions: 
(define-fun string0 () String  "&&&&AB")
*************************************
Satisfiable: true
string0 => "&&&&AB"
*************************************

$$$$$$$$$$$$$$$$$$$$$$$$$$$$$$$$
Calling Z3str3

Returned solutions: 
(define-fun string0 () String  "&&&&A&")
*************************************
Satisfiable: true
string0 => "&&&&A&"
*************************************

$$$$$$$$$$$$$$$$$$$$$$$$$$$$$$$$
Calling Z3str3

Returned solutions: 
(define-fun string0 () String  "&&&&A&")
*************************************
Satisfiable: true
string0 => "&&&&A&"
*************************************

$$$$$$$$$$$$$$$$$$$$$$$$$$$$$$$$
Calling Z3str3

Returned solutions: 
(define-fun string0 () String  "&&&&A&B")
*************************************
Satisfiable: true
string0 => "&&&&A&B"
*************************************


====================================================== search constraint
depth limit reached: 13

====================================================== snapshot 
thread java.lang.Thread:{id:0,name:main,status:RUNNING,priority:5,isDaemon:false,lockCount:0,suspendCount:0}
  call stack:
	at securibench.micro.sanitizers.Sanitizers4.clean(Sanitizers4.java:43)
	at securibench.micro.sanitizers.Sanitizers4.doGet(Sanitizers4.java:31)
	at Main.main(Main.java:23)

$$$$$$$$$$$$$$$$$$$$$$$$$$$$$$$$
Calling Z3str3

Returned solutions: 
(define-fun string0 () String  "&&&&AB")
*************************************
Satisfiable: true
string0 => "&&&&AB"
*************************************

$$$$$$$$$$$$$$$$$$$$$$$$$$$$$$$$
Calling Z3str3

Returned solutions: 
(define-fun string0 () String  "&&&&AB")
*************************************
Satisfiable: true
string0 => "&&&&AB"
*************************************

$$$$$$$$$$$$$$$$$$$$$$$$$$$$$$$$
Calling Z3str3

Returned solutions: 
(define-fun string0 () String  "&&&&ABC")
*************************************
Satisfiable: true
string0 => "&&&&ABC"
*************************************


====================================================== search constraint
depth limit reached: 13

====================================================== snapshot 
thread java.lang.Thread:{id:0,name:main,status:RUNNING,priority:5,isDaemon:false,lockCount:0,suspendCount:0}
  call stack:
	at securibench.micro.sanitizers.Sanitizers4.clean(Sanitizers4.java:43)
	at securibench.micro.sanitizers.Sanitizers4.doGet(Sanitizers4.java:31)
	at Main.main(Main.java:23)

$$$$$$$$$$$$$$$$$$$$$$$$$$$$$$$$
Calling Z3str3

*************************************
Satisfiable: false
*************************************


====================================================== search constraint
depth limit reached: 13

====================================================== snapshot 
thread java.lang.Thread:{id:0,name:main,status:RUNNING,priority:5,isDaemon:false,lockCount:0,suspendCount:0}
  call stack:
	at mockx.servlet.http.HttpServletResponse.checkNoSymbolic(HttpServletResponse.java:40)
	at mockx.servlet.http.HttpServletResponse.access$000(HttpServletResponse.java:12)
	at mockx.servlet.http.HttpServletResponse$1.println(HttpServletResponse.java:22)
	at securibench.micro.sanitizers.Sanitizers4.doGet(Sanitizers4.java:36)
	at Main.main(Main.java:23)

$$$$$$$$$$$$$$$$$$$$$$$$$$$$$$$$
Calling Z3str3

Returned solutions: 
(define-fun string0 () String  "&&&&A")
*************************************
Satisfiable: true
string0 => "&&&&A"
*************************************


====================================================== search constraint
depth limit reached: 13

====================================================== snapshot 
thread java.lang.Thread:{id:0,name:main,status:RUNNING,priority:5,isDaemon:false,lockCount:0,suspendCount:0}
  call stack:
	at mockx.servlet.http.HttpServletResponse.checkNoSymbolic(HttpServletResponse.java:37)
	at mockx.servlet.http.HttpServletResponse.access$000(HttpServletResponse.java:12)
	at mockx.servlet.http.HttpServletResponse$1.println(HttpServletResponse.java:22)
	at securibench.micro.sanitizers.Sanitizers4.doGet(Sanitizers4.java:36)
	at Main.main(Main.java:23)

$$$$$$$$$$$$$$$$$$$$$$$$$$$$$$$$
Calling Z3str3

*************************************
Satisfiable: false
*************************************

$$$$$$$$$$$$$$$$$$$$$$$$$$$$$$$$
Calling Z3str3

Returned solutions: 
(define-fun string0 () String  "&&&&")
*************************************
Satisfiable: true
string0 => "&&&&"
*************************************

$$$$$$$$$$$$$$$$$$$$$$$$$$$$$$$$
Calling Z3str3

Returned solutions: 
(define-fun string0 () String  "&&&&")
*************************************
Satisfiable: true
string0 => "&&&&"
*************************************

$$$$$$$$$$$$$$$$$$$$$$$$$$$$$$$$
Calling Z3str3

*************************************
Satisfiable: false
*************************************


====================================================== search constraint
depth limit reached: 13

====================================================== snapshot 
thread java.lang.Thread:{id:0,name:main,status:RUNNING,priority:5,isDaemon:false,lockCount:0,suspendCount:0}
  call stack:
	at mockx.servlet.http.HttpServletResponse.checkNoSymbolic(HttpServletResponse.java:40)
	at mockx.servlet.http.HttpServletResponse.access$000(HttpServletResponse.java:12)
	at mockx.servlet.http.HttpServletResponse$1.println(HttpServletResponse.java:22)
	at securibench.micro.sanitizers.Sanitizers4.doGet(Sanitizers4.java:37)
	at Main.main(Main.java:23)

$$$$$$$$$$$$$$$$$$$$$$$$$$$$$$$$
Calling Z3str3

Returned solutions: 
(define-fun string0 () String  "&&&&")
*************************************
Satisfiable: true
string0 => "&&&&"
*************************************


====================================================== search constraint
depth limit reached: 13

====================================================== snapshot 
thread java.lang.Thread:{id:0,name:main,status:RUNNING,priority:5,isDaemon:false,lockCount:0,suspendCount:0}
  call stack:
	at mockx.servlet.http.HttpServletResponse.checkNoSymbolic(HttpServletResponse.java:37)
	at mockx.servlet.http.HttpServletResponse.access$000(HttpServletResponse.java:12)
	at mockx.servlet.http.HttpServletResponse$1.println(HttpServletResponse.java:22)
	at securibench.micro.sanitizers.Sanitizers4.doGet(Sanitizers4.java:37)
	at Main.main(Main.java:23)

$$$$$$$$$$$$$$$$$$$$$$$$$$$$$$$$
Calling Z3str3

*************************************
Satisfiable: false
*************************************

$$$$$$$$$$$$$$$$$$$$$$$$$$$$$$$$
Calling Z3str3

Returned solutions: 
(define-fun string0 () String  "&&&A")
*************************************
Satisfiable: true
string0 => "&&&A"
*************************************

$$$$$$$$$$$$$$$$$$$$$$$$$$$$$$$$
Calling Z3str3

Returned solutions: 
(define-fun string0 () String  "&&&A")
*************************************
Satisfiable: true
string0 => "&&&A"
*************************************

$$$$$$$$$$$$$$$$$$$$$$$$$$$$$$$$
Calling Z3str3

Returned solutions: 
(define-fun string0 () String  "&&&AB")
*************************************
Satisfiable: true
string0 => "&&&AB"
*************************************

$$$$$$$$$$$$$$$$$$$$$$$$$$$$$$$$
Calling Z3str3

Returned solutions: 
(define-fun string0 () String  "&&&A&")
*************************************
Satisfiable: true
string0 => "&&&A&"
*************************************

$$$$$$$$$$$$$$$$$$$$$$$$$$$$$$$$
Calling Z3str3

Returned solutions: 
(define-fun string0 () String  "&&&A&")
*************************************
Satisfiable: true
string0 => "&&&A&"
*************************************

$$$$$$$$$$$$$$$$$$$$$$$$$$$$$$$$
Calling Z3str3

Returned solutions: 
(define-fun string0 () String  "&&&A&B")
*************************************
Satisfiable: true
string0 => "&&&A&B"
*************************************

$$$$$$$$$$$$$$$$$$$$$$$$$$$$$$$$
Calling Z3str3

Returned solutions: 
(define-fun string0 () String  "&&&A&&")
*************************************
Satisfiable: true
string0 => "&&&A&&"
*************************************

$$$$$$$$$$$$$$$$$$$$$$$$$$$$$$$$
Calling Z3str3

Returned solutions: 
(define-fun string0 () String  "&&&A&&")
*************************************
Satisfiable: true
string0 => "&&&A&&"
*************************************

$$$$$$$$$$$$$$$$$$$$$$$$$$$$$$$$
Calling Z3str3

Returned solutions: 
(define-fun string0 () String  "&&&A&&B")
*************************************
Satisfiable: true
string0 => "&&&A&&B"
*************************************


====================================================== search constraint
depth limit reached: 13

====================================================== snapshot 
thread java.lang.Thread:{id:0,name:main,status:RUNNING,priority:5,isDaemon:false,lockCount:0,suspendCount:0}
  call stack:
	at securibench.micro.sanitizers.Sanitizers4.clean(Sanitizers4.java:43)
	at securibench.micro.sanitizers.Sanitizers4.doGet(Sanitizers4.java:31)
	at Main.main(Main.java:23)

$$$$$$$$$$$$$$$$$$$$$$$$$$$$$$$$
Calling Z3str3

Returned solutions: 
(define-fun string0 () String  "&&&A&B")
*************************************
Satisfiable: true
string0 => "&&&A&B"
*************************************

$$$$$$$$$$$$$$$$$$$$$$$$$$$$$$$$
Calling Z3str3

Returned solutions: 
(define-fun string0 () String  "&&&A&B")
*************************************
Satisfiable: true
string0 => "&&&A&B"
*************************************

$$$$$$$$$$$$$$$$$$$$$$$$$$$$$$$$
Calling Z3str3

Returned solutions: 
(define-fun string0 () String  "&&&A&BC")
*************************************
Satisfiable: true
string0 => "&&&A&BC"
*************************************


====================================================== search constraint
depth limit reached: 13

====================================================== snapshot 
thread java.lang.Thread:{id:0,name:main,status:RUNNING,priority:5,isDaemon:false,lockCount:0,suspendCount:0}
  call stack:
	at securibench.micro.sanitizers.Sanitizers4.clean(Sanitizers4.java:43)
	at securibench.micro.sanitizers.Sanitizers4.doGet(Sanitizers4.java:31)
	at Main.main(Main.java:23)

$$$$$$$$$$$$$$$$$$$$$$$$$$$$$$$$
Calling Z3str3

*************************************
Satisfiable: false
*************************************


====================================================== search constraint
depth limit reached: 13

====================================================== snapshot 
thread java.lang.Thread:{id:0,name:main,status:RUNNING,priority:5,isDaemon:false,lockCount:0,suspendCount:0}
  call stack:
	at mockx.servlet.http.HttpServletResponse.checkNoSymbolic(HttpServletResponse.java:40)
	at mockx.servlet.http.HttpServletResponse.access$000(HttpServletResponse.java:12)
	at mockx.servlet.http.HttpServletResponse$1.println(HttpServletResponse.java:22)
	at securibench.micro.sanitizers.Sanitizers4.doGet(Sanitizers4.java:36)
	at Main.main(Main.java:23)

$$$$$$$$$$$$$$$$$$$$$$$$$$$$$$$$
Calling Z3str3

Returned solutions: 
(define-fun string0 () String  "&&&A&")
*************************************
Satisfiable: true
string0 => "&&&A&"
*************************************


====================================================== search constraint
depth limit reached: 13

====================================================== snapshot 
thread java.lang.Thread:{id:0,name:main,status:RUNNING,priority:5,isDaemon:false,lockCount:0,suspendCount:0}
  call stack:
	at mockx.servlet.http.HttpServletResponse.checkNoSymbolic(HttpServletResponse.java:37)
	at mockx.servlet.http.HttpServletResponse.access$000(HttpServletResponse.java:12)
	at mockx.servlet.http.HttpServletResponse$1.println(HttpServletResponse.java:22)
	at securibench.micro.sanitizers.Sanitizers4.doGet(Sanitizers4.java:36)
	at Main.main(Main.java:23)

$$$$$$$$$$$$$$$$$$$$$$$$$$$$$$$$
Calling Z3str3

Returned solutions: 
(define-fun string0 () String  "&&&AB")
*************************************
Satisfiable: true
string0 => "&&&AB"
*************************************

$$$$$$$$$$$$$$$$$$$$$$$$$$$$$$$$
Calling Z3str3

Returned solutions: 
(define-fun string0 () String  "&&&AB")
*************************************
Satisfiable: true
string0 => "&&&AB"
*************************************

$$$$$$$$$$$$$$$$$$$$$$$$$$$$$$$$
Calling Z3str3

Returned solutions: 
(define-fun string0 () String  "&&&ABC")
*************************************
Satisfiable: true
string0 => "&&&ABC"
*************************************

$$$$$$$$$$$$$$$$$$$$$$$$$$$$$$$$
Calling Z3str3

Returned solutions: 
(define-fun string0 () String  "&&&AB&")
*************************************
Satisfiable: true
string0 => "&&&AB&"
*************************************

$$$$$$$$$$$$$$$$$$$$$$$$$$$$$$$$
Calling Z3str3

Returned solutions: 
(define-fun string0 () String  "&&&AB&")
*************************************
Satisfiable: true
string0 => "&&&AB&"
*************************************

$$$$$$$$$$$$$$$$$$$$$$$$$$$$$$$$
Calling Z3str3

Returned solutions: 
(define-fun string0 () String  "&&&AB&C")
*************************************
Satisfiable: true
string0 => "&&&AB&C"
*************************************


====================================================== search constraint
depth limit reached: 13

====================================================== snapshot 
thread java.lang.Thread:{id:0,name:main,status:RUNNING,priority:5,isDaemon:false,lockCount:0,suspendCount:0}
  call stack:
	at securibench.micro.sanitizers.Sanitizers4.clean(Sanitizers4.java:43)
	at securibench.micro.sanitizers.Sanitizers4.doGet(Sanitizers4.java:31)
	at Main.main(Main.java:23)

$$$$$$$$$$$$$$$$$$$$$$$$$$$$$$$$
Calling Z3str3

Returned solutions: 
(define-fun string0 () String  "&&&ABC")
*************************************
Satisfiable: true
string0 => "&&&ABC"
*************************************

$$$$$$$$$$$$$$$$$$$$$$$$$$$$$$$$
Calling Z3str3

Returned solutions: 
(define-fun string0 () String  "&&&ABC")
*************************************
Satisfiable: true
string0 => "&&&ABC"
*************************************

$$$$$$$$$$$$$$$$$$$$$$$$$$$$$$$$
Calling Z3str3

Returned solutions: 
(define-fun string0 () String  "&&&ABCD")
*************************************
Satisfiable: true
string0 => "&&&ABCD"
*************************************


====================================================== search constraint
depth limit reached: 13

====================================================== snapshot 
thread java.lang.Thread:{id:0,name:main,status:RUNNING,priority:5,isDaemon:false,lockCount:0,suspendCount:0}
  call stack:
	at securibench.micro.sanitizers.Sanitizers4.clean(Sanitizers4.java:43)
	at securibench.micro.sanitizers.Sanitizers4.doGet(Sanitizers4.java:31)
	at Main.main(Main.java:23)

$$$$$$$$$$$$$$$$$$$$$$$$$$$$$$$$
Calling Z3str3

*************************************
Satisfiable: false
*************************************


====================================================== search constraint
depth limit reached: 13

====================================================== snapshot 
thread java.lang.Thread:{id:0,name:main,status:RUNNING,priority:5,isDaemon:false,lockCount:0,suspendCount:0}
  call stack:
	at mockx.servlet.http.HttpServletResponse.checkNoSymbolic(HttpServletResponse.java:40)
	at mockx.servlet.http.HttpServletResponse.access$000(HttpServletResponse.java:12)
	at mockx.servlet.http.HttpServletResponse$1.println(HttpServletResponse.java:22)
	at securibench.micro.sanitizers.Sanitizers4.doGet(Sanitizers4.java:36)
	at Main.main(Main.java:23)

$$$$$$$$$$$$$$$$$$$$$$$$$$$$$$$$
Calling Z3str3

Returned solutions: 
(define-fun string0 () String  "&&&AB")
*************************************
Satisfiable: true
string0 => "&&&AB"
*************************************


====================================================== search constraint
depth limit reached: 13

====================================================== snapshot 
thread java.lang.Thread:{id:0,name:main,status:RUNNING,priority:5,isDaemon:false,lockCount:0,suspendCount:0}
  call stack:
	at mockx.servlet.http.HttpServletResponse.checkNoSymbolic(HttpServletResponse.java:37)
	at mockx.servlet.http.HttpServletResponse.access$000(HttpServletResponse.java:12)
	at mockx.servlet.http.HttpServletResponse$1.println(HttpServletResponse.java:22)
	at securibench.micro.sanitizers.Sanitizers4.doGet(Sanitizers4.java:36)
	at Main.main(Main.java:23)

$$$$$$$$$$$$$$$$$$$$$$$$$$$$$$$$
Calling Z3str3

*************************************
Satisfiable: false
*************************************

$$$$$$$$$$$$$$$$$$$$$$$$$$$$$$$$
Calling Z3str3

Returned solutions: 
(define-fun string0 () String  "&&&A")
*************************************
Satisfiable: true
string0 => "&&&A"
*************************************

$$$$$$$$$$$$$$$$$$$$$$$$$$$$$$$$
Calling Z3str3

Returned solutions: 
(define-fun string0 () String  "&&&A")
*************************************
Satisfiable: true
string0 => "&&&A"
*************************************

$$$$$$$$$$$$$$$$$$$$$$$$$$$$$$$$
Calling Z3str3

*************************************
Satisfiable: false
*************************************


====================================================== search constraint
depth limit reached: 13

====================================================== snapshot 
thread java.lang.Thread:{id:0,name:main,status:RUNNING,priority:5,isDaemon:false,lockCount:0,suspendCount:0}
  call stack:
	at mockx.servlet.http.HttpServletResponse.checkNoSymbolic(HttpServletResponse.java:40)
	at mockx.servlet.http.HttpServletResponse.access$000(HttpServletResponse.java:12)
	at mockx.servlet.http.HttpServletResponse$1.println(HttpServletResponse.java:22)
	at securibench.micro.sanitizers.Sanitizers4.doGet(Sanitizers4.java:37)
	at Main.main(Main.java:23)

$$$$$$$$$$$$$$$$$$$$$$$$$$$$$$$$
Calling Z3str3

Returned solutions: 
(define-fun string0 () String  "&&&A")
*************************************
Satisfiable: true
string0 => "&&&A"
*************************************


====================================================== search constraint
depth limit reached: 13

====================================================== snapshot 
thread java.lang.Thread:{id:0,name:main,status:RUNNING,priority:5,isDaemon:false,lockCount:0,suspendCount:0}
  call stack:
	at mockx.servlet.http.HttpServletResponse.checkNoSymbolic(HttpServletResponse.java:37)
	at mockx.servlet.http.HttpServletResponse.access$000(HttpServletResponse.java:12)
	at mockx.servlet.http.HttpServletResponse$1.println(HttpServletResponse.java:22)
	at securibench.micro.sanitizers.Sanitizers4.doGet(Sanitizers4.java:37)
	at Main.main(Main.java:23)

$$$$$$$$$$$$$$$$$$$$$$$$$$$$$$$$
Calling Z3str3

*************************************
Satisfiable: false
*************************************

$$$$$$$$$$$$$$$$$$$$$$$$$$$$$$$$
Calling Z3str3

*************************************
Satisfiable: false
*************************************

$$$$$$$$$$$$$$$$$$$$$$$$$$$$$$$$
Calling Z3str3

Returned solutions: 
(define-fun string0 () String  "&&&")
*************************************
Satisfiable: true
string0 => "&&&"
*************************************

$$$$$$$$$$$$$$$$$$$$$$$$$$$$$$$$
Calling Z3str3

Returned solutions: 
(define-fun string0 () String  "&&&")
*************************************
Satisfiable: true
string0 => "&&&"
*************************************

$$$$$$$$$$$$$$$$$$$$$$$$$$$$$$$$
Calling Z3str3

*************************************
Satisfiable: false
*************************************

$$$$$$$$$$$$$$$$$$$$$$$$$$$$$$$$
Calling Z3str3

Returned solutions: 
(define-fun string0 () String  "&&&")
*************************************
Satisfiable: true
string0 => "&&&"
*************************************

$$$$$$$$$$$$$$$$$$$$$$$$$$$$$$$$
Calling Z3str3

Returned solutions: 
(define-fun string0 () String  "&&&")
*************************************
Satisfiable: true
string0 => "&&&"
*************************************

$$$$$$$$$$$$$$$$$$$$$$$$$$$$$$$$
Calling Z3str3

*************************************
Satisfiable: false
*************************************

$$$$$$$$$$$$$$$$$$$$$$$$$$$$$$$$
Calling Z3str3

*************************************
Satisfiable: false
*************************************

$$$$$$$$$$$$$$$$$$$$$$$$$$$$$$$$
Calling Z3str3

Returned solutions: 
(define-fun string0 () String  "&&A")
*************************************
Satisfiable: true
string0 => "&&A"
*************************************

$$$$$$$$$$$$$$$$$$$$$$$$$$$$$$$$
Calling Z3str3

Returned solutions: 
(define-fun string0 () String  "&&A")
*************************************
Satisfiable: true
string0 => "&&A"
*************************************

$$$$$$$$$$$$$$$$$$$$$$$$$$$$$$$$
Calling Z3str3

Returned solutions: 
(define-fun string0 () String  "&&AB")
*************************************
Satisfiable: true
string0 => "&&AB"
*************************************

$$$$$$$$$$$$$$$$$$$$$$$$$$$$$$$$
Calling Z3str3

Returned solutions: 
(define-fun string0 () String  "&&A&")
*************************************
Satisfiable: true
string0 => "&&A&"
*************************************

$$$$$$$$$$$$$$$$$$$$$$$$$$$$$$$$
Calling Z3str3

Returned solutions: 
(define-fun string0 () String  "&&A&")
*************************************
Satisfiable: true
string0 => "&&A&"
*************************************

$$$$$$$$$$$$$$$$$$$$$$$$$$$$$$$$
Calling Z3str3

Returned solutions: 
(define-fun string0 () String  "&&A&B")
*************************************
Satisfiable: true
string0 => "&&A&B"
*************************************

$$$$$$$$$$$$$$$$$$$$$$$$$$$$$$$$
Calling Z3str3

Returned solutions: 
(define-fun string0 () String  "&&A&&")
*************************************
Satisfiable: true
string0 => "&&A&&"
*************************************

$$$$$$$$$$$$$$$$$$$$$$$$$$$$$$$$
Calling Z3str3

Returned solutions: 
(define-fun string0 () String  "&&A&&")
*************************************
Satisfiable: true
string0 => "&&A&&"
*************************************

$$$$$$$$$$$$$$$$$$$$$$$$$$$$$$$$
Calling Z3str3

Returned solutions: 
(define-fun string0 () String  "&&A&&B")
*************************************
Satisfiable: true
string0 => "&&A&&B"
*************************************

$$$$$$$$$$$$$$$$$$$$$$$$$$$$$$$$
Calling Z3str3

Returned solutions: 
(define-fun string0 () String  "&&A&&&")
*************************************
Satisfiable: true
string0 => "&&A&&&"
*************************************

$$$$$$$$$$$$$$$$$$$$$$$$$$$$$$$$
Calling Z3str3

Returned solutions: 
(define-fun string0 () String  "&&A&&&")
*************************************
Satisfiable: true
string0 => "&&A&&&"
*************************************

$$$$$$$$$$$$$$$$$$$$$$$$$$$$$$$$
Calling Z3str3

Returned solutions: 
(define-fun string0 () String  "&&A&&&B")
*************************************
Satisfiable: true
string0 => "&&A&&&B"
*************************************


====================================================== search constraint
depth limit reached: 13

====================================================== snapshot 
thread java.lang.Thread:{id:0,name:main,status:RUNNING,priority:5,isDaemon:false,lockCount:0,suspendCount:0}
  call stack:
	at securibench.micro.sanitizers.Sanitizers4.clean(Sanitizers4.java:43)
	at securibench.micro.sanitizers.Sanitizers4.doGet(Sanitizers4.java:31)
	at Main.main(Main.java:23)

$$$$$$$$$$$$$$$$$$$$$$$$$$$$$$$$
Calling Z3str3

Returned solutions: 
(define-fun string0 () String  "&&A&&B")
*************************************
Satisfiable: true
string0 => "&&A&&B"
*************************************

$$$$$$$$$$$$$$$$$$$$$$$$$$$$$$$$
Calling Z3str3

Returned solutions: 
(define-fun string0 () String  "&&A&&B")
*************************************
Satisfiable: true
string0 => "&&A&&B"
*************************************

$$$$$$$$$$$$$$$$$$$$$$$$$$$$$$$$
Calling Z3str3

Returned solutions: 
(define-fun string0 () String  "&&A&&BC")
*************************************
Satisfiable: true
string0 => "&&A&&BC"
*************************************


====================================================== search constraint
depth limit reached: 13

====================================================== snapshot 
thread java.lang.Thread:{id:0,name:main,status:RUNNING,priority:5,isDaemon:false,lockCount:0,suspendCount:0}
  call stack:
	at securibench.micro.sanitizers.Sanitizers4.clean(Sanitizers4.java:43)
	at securibench.micro.sanitizers.Sanitizers4.doGet(Sanitizers4.java:31)
	at Main.main(Main.java:23)

$$$$$$$$$$$$$$$$$$$$$$$$$$$$$$$$
Calling Z3str3

*************************************
Satisfiable: false
*************************************


====================================================== search constraint
depth limit reached: 13

====================================================== snapshot 
thread java.lang.Thread:{id:0,name:main,status:RUNNING,priority:5,isDaemon:false,lockCount:0,suspendCount:0}
  call stack:
	at mockx.servlet.http.HttpServletResponse.checkNoSymbolic(HttpServletResponse.java:40)
	at mockx.servlet.http.HttpServletResponse.access$000(HttpServletResponse.java:12)
	at mockx.servlet.http.HttpServletResponse$1.println(HttpServletResponse.java:22)
	at securibench.micro.sanitizers.Sanitizers4.doGet(Sanitizers4.java:36)
	at Main.main(Main.java:23)

$$$$$$$$$$$$$$$$$$$$$$$$$$$$$$$$
Calling Z3str3

Returned solutions: 
(define-fun string0 () String  "&&A&&")
*************************************
Satisfiable: true
string0 => "&&A&&"
*************************************


====================================================== search constraint
depth limit reached: 13

====================================================== snapshot 
thread java.lang.Thread:{id:0,name:main,status:RUNNING,priority:5,isDaemon:false,lockCount:0,suspendCount:0}
  call stack:
	at mockx.servlet.http.HttpServletResponse.checkNoSymbolic(HttpServletResponse.java:37)
	at mockx.servlet.http.HttpServletResponse.access$000(HttpServletResponse.java:12)
	at mockx.servlet.http.HttpServletResponse$1.println(HttpServletResponse.java:22)
	at securibench.micro.sanitizers.Sanitizers4.doGet(Sanitizers4.java:36)
	at Main.main(Main.java:23)

$$$$$$$$$$$$$$$$$$$$$$$$$$$$$$$$
Calling Z3str3

Returned solutions: 
(define-fun string0 () String  "&&A&B")
*************************************
Satisfiable: true
string0 => "&&A&B"
*************************************

$$$$$$$$$$$$$$$$$$$$$$$$$$$$$$$$
Calling Z3str3

Returned solutions: 
(define-fun string0 () String  "&&A&B")
*************************************
Satisfiable: true
string0 => "&&A&B"
*************************************

$$$$$$$$$$$$$$$$$$$$$$$$$$$$$$$$
Calling Z3str3

Returned solutions: 
(define-fun string0 () String  "&&A&BC")
*************************************
Satisfiable: true
string0 => "&&A&BC"
*************************************

$$$$$$$$$$$$$$$$$$$$$$$$$$$$$$$$
Calling Z3str3

Returned solutions: 
(define-fun string0 () String  "&&A&B&")
*************************************
Satisfiable: true
string0 => "&&A&B&"
*************************************

$$$$$$$$$$$$$$$$$$$$$$$$$$$$$$$$
Calling Z3str3

Returned solutions: 
(define-fun string0 () String  "&&A&B&")
*************************************
Satisfiable: true
string0 => "&&A&B&"
*************************************

$$$$$$$$$$$$$$$$$$$$$$$$$$$$$$$$
Calling Z3str3

Returned solutions: 
(define-fun string0 () String  "&&A&B&C")
*************************************
Satisfiable: true
string0 => "&&A&B&C"
*************************************


====================================================== search constraint
depth limit reached: 13

====================================================== snapshot 
thread java.lang.Thread:{id:0,name:main,status:RUNNING,priority:5,isDaemon:false,lockCount:0,suspendCount:0}
  call stack:
	at securibench.micro.sanitizers.Sanitizers4.clean(Sanitizers4.java:43)
	at securibench.micro.sanitizers.Sanitizers4.doGet(Sanitizers4.java:31)
	at Main.main(Main.java:23)

$$$$$$$$$$$$$$$$$$$$$$$$$$$$$$$$
Calling Z3str3

Returned solutions: 
(define-fun string0 () String  "&&A&BC")
*************************************
Satisfiable: true
string0 => "&&A&BC"
*************************************

$$$$$$$$$$$$$$$$$$$$$$$$$$$$$$$$
Calling Z3str3

Returned solutions: 
(define-fun string0 () String  "&&A&BC")
*************************************
Satisfiable: true
string0 => "&&A&BC"
*************************************

$$$$$$$$$$$$$$$$$$$$$$$$$$$$$$$$
Calling Z3str3

Returned solutions: 
(define-fun string0 () String  "&&A&BCD")
*************************************
Satisfiable: true
string0 => "&&A&BCD"
*************************************


====================================================== search constraint
depth limit reached: 13

====================================================== snapshot 
thread java.lang.Thread:{id:0,name:main,status:RUNNING,priority:5,isDaemon:false,lockCount:0,suspendCount:0}
  call stack:
	at securibench.micro.sanitizers.Sanitizers4.clean(Sanitizers4.java:43)
	at securibench.micro.sanitizers.Sanitizers4.doGet(Sanitizers4.java:31)
	at Main.main(Main.java:23)

$$$$$$$$$$$$$$$$$$$$$$$$$$$$$$$$
Calling Z3str3

*************************************
Satisfiable: false
*************************************


====================================================== search constraint
depth limit reached: 13

====================================================== snapshot 
thread java.lang.Thread:{id:0,name:main,status:RUNNING,priority:5,isDaemon:false,lockCount:0,suspendCount:0}
  call stack:
	at mockx.servlet.http.HttpServletResponse.checkNoSymbolic(HttpServletResponse.java:40)
	at mockx.servlet.http.HttpServletResponse.access$000(HttpServletResponse.java:12)
	at mockx.servlet.http.HttpServletResponse$1.println(HttpServletResponse.java:22)
	at securibench.micro.sanitizers.Sanitizers4.doGet(Sanitizers4.java:36)
	at Main.main(Main.java:23)

$$$$$$$$$$$$$$$$$$$$$$$$$$$$$$$$
Calling Z3str3

Returned solutions: 
(define-fun string0 () String  "&&A&B")
*************************************
Satisfiable: true
string0 => "&&A&B"
*************************************


====================================================== search constraint
depth limit reached: 13

====================================================== snapshot 
thread java.lang.Thread:{id:0,name:main,status:RUNNING,priority:5,isDaemon:false,lockCount:0,suspendCount:0}
  call stack:
	at mockx.servlet.http.HttpServletResponse.checkNoSymbolic(HttpServletResponse.java:37)
	at mockx.servlet.http.HttpServletResponse.access$000(HttpServletResponse.java:12)
	at mockx.servlet.http.HttpServletResponse$1.println(HttpServletResponse.java:22)
	at securibench.micro.sanitizers.Sanitizers4.doGet(Sanitizers4.java:36)
	at Main.main(Main.java:23)

$$$$$$$$$$$$$$$$$$$$$$$$$$$$$$$$
Calling Z3str3

*************************************
Satisfiable: false
*************************************

$$$$$$$$$$$$$$$$$$$$$$$$$$$$$$$$
Calling Z3str3

Returned solutions: 
(define-fun string0 () String  "&&A&")
*************************************
Satisfiable: true
string0 => "&&A&"
*************************************

$$$$$$$$$$$$$$$$$$$$$$$$$$$$$$$$
Calling Z3str3

Returned solutions: 
(define-fun string0 () String  "&&<&")
*************************************
Satisfiable: true
string0 => "&&<&"
*************************************

$$$$$$$$$$$$$$$$$$$$$$$$$$$$$$$$
Calling Z3str3

*************************************
Satisfiable: false
*************************************


====================================================== search constraint
depth limit reached: 13

====================================================== snapshot 
thread java.lang.Thread:{id:0,name:main,status:RUNNING,priority:5,isDaemon:false,lockCount:0,suspendCount:0}
  call stack:
	at mockx.servlet.http.HttpServletResponse.checkNoSymbolic(HttpServletResponse.java:40)
	at mockx.servlet.http.HttpServletResponse.access$000(HttpServletResponse.java:12)
	at mockx.servlet.http.HttpServletResponse$1.println(HttpServletResponse.java:22)
	at securibench.micro.sanitizers.Sanitizers4.doGet(Sanitizers4.java:37)
	at Main.main(Main.java:23)

$$$$$$$$$$$$$$$$$$$$$$$$$$$$$$$$
Calling Z3str3

Returned solutions: 
(define-fun string0 () String  "&&<&")
*************************************
Satisfiable: true
string0 => "&&<&"
*************************************


====================================================== search constraint
depth limit reached: 13

====================================================== snapshot 
thread java.lang.Thread:{id:0,name:main,status:RUNNING,priority:5,isDaemon:false,lockCount:0,suspendCount:0}
  call stack:
	at mockx.servlet.http.HttpServletResponse.checkNoSymbolic(HttpServletResponse.java:37)
	at mockx.servlet.http.HttpServletResponse.access$000(HttpServletResponse.java:12)
	at mockx.servlet.http.HttpServletResponse$1.println(HttpServletResponse.java:22)
	at securibench.micro.sanitizers.Sanitizers4.doGet(Sanitizers4.java:37)
	at Main.main(Main.java:23)

$$$$$$$$$$$$$$$$$$$$$$$$$$$$$$$$
Calling Z3str3

*************************************
Satisfiable: false
*************************************

$$$$$$$$$$$$$$$$$$$$$$$$$$$$$$$$
Calling Z3str3

Returned solutions: 
(define-fun string0 () String  "&&AB")
*************************************
Satisfiable: true
string0 => "&&AB"
*************************************

$$$$$$$$$$$$$$$$$$$$$$$$$$$$$$$$
Calling Z3str3

Returned solutions: 
(define-fun string0 () String  "&&AB")
*************************************
Satisfiable: true
string0 => "&&AB"
*************************************

$$$$$$$$$$$$$$$$$$$$$$$$$$$$$$$$
Calling Z3str3

Returned solutions: 
(define-fun string0 () String  "&&ABCD")
*************************************
Satisfiable: true
string0 => "&&ABCD"
*************************************

$$$$$$$$$$$$$$$$$$$$$$$$$$$$$$$$
Calling Z3str3

Returned solutions: 
(define-fun string0 () String  "&&AB&")
*************************************
Satisfiable: true
string0 => "&&AB&"
*************************************

$$$$$$$$$$$$$$$$$$$$$$$$$$$$$$$$
Calling Z3str3

Returned solutions: 
(define-fun string0 () String  "&&AB&")
*************************************
Satisfiable: true
string0 => "&&AB&"
*************************************

$$$$$$$$$$$$$$$$$$$$$$$$$$$$$$$$
Calling Z3str3

Returned solutions: 
(define-fun string0 () String  "&&AB&C")
*************************************
Satisfiable: true
string0 => "&&AB&C"
*************************************

$$$$$$$$$$$$$$$$$$$$$$$$$$$$$$$$
Calling Z3str3

Returned solutions: 
(define-fun string0 () String  "&&AB&&")
*************************************
Satisfiable: true
string0 => "&&AB&&"
*************************************

$$$$$$$$$$$$$$$$$$$$$$$$$$$$$$$$
Calling Z3str3

Returned solutions: 
(define-fun string0 () String  "&&AB&&")
*************************************
Satisfiable: true
string0 => "&&AB&&"
*************************************

$$$$$$$$$$$$$$$$$$$$$$$$$$$$$$$$
Calling Z3str3

Returned solutions: 
(define-fun string0 () String  "&&AB&&C")
*************************************
Satisfiable: true
string0 => "&&AB&&C"
*************************************


====================================================== search constraint
depth limit reached: 13

====================================================== snapshot 
thread java.lang.Thread:{id:0,name:main,status:RUNNING,priority:5,isDaemon:false,lockCount:0,suspendCount:0}
  call stack:
	at securibench.micro.sanitizers.Sanitizers4.clean(Sanitizers4.java:43)
	at securibench.micro.sanitizers.Sanitizers4.doGet(Sanitizers4.java:31)
	at Main.main(Main.java:23)

$$$$$$$$$$$$$$$$$$$$$$$$$$$$$$$$
Calling Z3str3

Returned solutions: 
(define-fun string0 () String  "&&AB&C")
*************************************
Satisfiable: true
string0 => "&&AB&C"
*************************************

$$$$$$$$$$$$$$$$$$$$$$$$$$$$$$$$
Calling Z3str3

Returned solutions: 
(define-fun string0 () String  "&&AB&C")
*************************************
Satisfiable: true
string0 => "&&AB&C"
*************************************

$$$$$$$$$$$$$$$$$$$$$$$$$$$$$$$$
Calling Z3str3

Returned solutions: 
(define-fun string0 () String  "&&AB&CD")
*************************************
Satisfiable: true
string0 => "&&AB&CD"
*************************************


====================================================== search constraint
depth limit reached: 13

====================================================== snapshot 
thread java.lang.Thread:{id:0,name:main,status:RUNNING,priority:5,isDaemon:false,lockCount:0,suspendCount:0}
  call stack:
	at securibench.micro.sanitizers.Sanitizers4.clean(Sanitizers4.java:43)
	at securibench.micro.sanitizers.Sanitizers4.doGet(Sanitizers4.java:31)
	at Main.main(Main.java:23)

$$$$$$$$$$$$$$$$$$$$$$$$$$$$$$$$
Calling Z3str3

*************************************
Satisfiable: false
*************************************


====================================================== search constraint
depth limit reached: 13

====================================================== snapshot 
thread java.lang.Thread:{id:0,name:main,status:RUNNING,priority:5,isDaemon:false,lockCount:0,suspendCount:0}
  call stack:
	at mockx.servlet.http.HttpServletResponse.checkNoSymbolic(HttpServletResponse.java:40)
	at mockx.servlet.http.HttpServletResponse.access$000(HttpServletResponse.java:12)
	at mockx.servlet.http.HttpServletResponse$1.println(HttpServletResponse.java:22)
	at securibench.micro.sanitizers.Sanitizers4.doGet(Sanitizers4.java:36)
	at Main.main(Main.java:23)

$$$$$$$$$$$$$$$$$$$$$$$$$$$$$$$$
Calling Z3str3

Returned solutions: 
(define-fun string0 () String  "&&AB&")
*************************************
Satisfiable: true
string0 => "&&AB&"
*************************************


====================================================== search constraint
depth limit reached: 13

====================================================== snapshot 
thread java.lang.Thread:{id:0,name:main,status:RUNNING,priority:5,isDaemon:false,lockCount:0,suspendCount:0}
  call stack:
	at mockx.servlet.http.HttpServletResponse.checkNoSymbolic(HttpServletResponse.java:37)
	at mockx.servlet.http.HttpServletResponse.access$000(HttpServletResponse.java:12)
	at mockx.servlet.http.HttpServletResponse$1.println(HttpServletResponse.java:22)
	at securibench.micro.sanitizers.Sanitizers4.doGet(Sanitizers4.java:36)
	at Main.main(Main.java:23)

$$$$$$$$$$$$$$$$$$$$$$$$$$$$$$$$
Calling Z3str3

Returned solutions: 
(define-fun string0 () String  "&&ABC")
*************************************
Satisfiable: true
string0 => "&&ABC"
*************************************

$$$$$$$$$$$$$$$$$$$$$$$$$$$$$$$$
Calling Z3str3

Returned solutions: 
(define-fun string0 () String  "&&ABC")
*************************************
Satisfiable: true
string0 => "&&ABC"
*************************************

$$$$$$$$$$$$$$$$$$$$$$$$$$$$$$$$
Calling Z3str3

Returned solutions: 
(define-fun string0 () String  "&&ABCD")
*************************************
Satisfiable: true
string0 => "&&ABCD"
*************************************

$$$$$$$$$$$$$$$$$$$$$$$$$$$$$$$$
Calling Z3str3

Returned solutions: 
(define-fun string0 () String  "&&ABC&")
*************************************
Satisfiable: true
string0 => "&&ABC&"
*************************************

$$$$$$$$$$$$$$$$$$$$$$$$$$$$$$$$
Calling Z3str3

Returned solutions: 
(define-fun string0 () String  "&&ABC&")
*************************************
Satisfiable: true
string0 => "&&ABC&"
*************************************

$$$$$$$$$$$$$$$$$$$$$$$$$$$$$$$$
Calling Z3str3

Returned solutions: 
(define-fun string0 () String  "&&ABC&D")
*************************************
Satisfiable: true
string0 => "&&ABC&D"
*************************************


====================================================== search constraint
depth limit reached: 13

====================================================== snapshot 
thread java.lang.Thread:{id:0,name:main,status:RUNNING,priority:5,isDaemon:false,lockCount:0,suspendCount:0}
  call stack:
	at securibench.micro.sanitizers.Sanitizers4.clean(Sanitizers4.java:43)
	at securibench.micro.sanitizers.Sanitizers4.doGet(Sanitizers4.java:31)
	at Main.main(Main.java:23)

$$$$$$$$$$$$$$$$$$$$$$$$$$$$$$$$
Calling Z3str3

Returned solutions: 
(define-fun string0 () String  "&&ABCD")
*************************************
Satisfiable: true
string0 => "&&ABCD"
*************************************

$$$$$$$$$$$$$$$$$$$$$$$$$$$$$$$$
Calling Z3str3

Returned solutions: 
(define-fun string0 () String  "&&ABCD")
*************************************
Satisfiable: true
string0 => "&&ABCD"
*************************************

$$$$$$$$$$$$$$$$$$$$$$$$$$$$$$$$
Calling Z3str3

Returned solutions: 
(define-fun string0 () String  "&&ABCDE")
*************************************
Satisfiable: true
string0 => "&&ABCDE"
*************************************


====================================================== search constraint
depth limit reached: 13

====================================================== snapshot 
thread java.lang.Thread:{id:0,name:main,status:RUNNING,priority:5,isDaemon:false,lockCount:0,suspendCount:0}
  call stack:
	at securibench.micro.sanitizers.Sanitizers4.clean(Sanitizers4.java:43)
	at securibench.micro.sanitizers.Sanitizers4.doGet(Sanitizers4.java:31)
	at Main.main(Main.java:23)

$$$$$$$$$$$$$$$$$$$$$$$$$$$$$$$$
Calling Z3str3

*************************************
Satisfiable: false
*************************************


====================================================== search constraint
depth limit reached: 13

====================================================== snapshot 
thread java.lang.Thread:{id:0,name:main,status:RUNNING,priority:5,isDaemon:false,lockCount:0,suspendCount:0}
  call stack:
	at mockx.servlet.http.HttpServletResponse.checkNoSymbolic(HttpServletResponse.java:40)
	at mockx.servlet.http.HttpServletResponse.access$000(HttpServletResponse.java:12)
	at mockx.servlet.http.HttpServletResponse$1.println(HttpServletResponse.java:22)
	at securibench.micro.sanitizers.Sanitizers4.doGet(Sanitizers4.java:36)
	at Main.main(Main.java:23)

$$$$$$$$$$$$$$$$$$$$$$$$$$$$$$$$
Calling Z3str3

Returned solutions: 
(define-fun string0 () String  "&&ABC")
*************************************
Satisfiable: true
string0 => "&&ABC"
*************************************


====================================================== search constraint
depth limit reached: 13

====================================================== snapshot 
thread java.lang.Thread:{id:0,name:main,status:RUNNING,priority:5,isDaemon:false,lockCount:0,suspendCount:0}
  call stack:
	at mockx.servlet.http.HttpServletResponse.checkNoSymbolic(HttpServletResponse.java:37)
	at mockx.servlet.http.HttpServletResponse.access$000(HttpServletResponse.java:12)
	at mockx.servlet.http.HttpServletResponse$1.println(HttpServletResponse.java:22)
	at securibench.micro.sanitizers.Sanitizers4.doGet(Sanitizers4.java:36)
	at Main.main(Main.java:23)

$$$$$$$$$$$$$$$$$$$$$$$$$$$$$$$$
Calling Z3str3

*************************************
Satisfiable: false
*************************************

$$$$$$$$$$$$$$$$$$$$$$$$$$$$$$$$
Calling Z3str3

Returned solutions: 
(define-fun string0 () String  "&&AB")
*************************************
Satisfiable: true
string0 => "&&AB"
*************************************

$$$$$$$$$$$$$$$$$$$$$$$$$$$$$$$$
Calling Z3str3

Returned solutions: 
(define-fun string0 () String  "&&AB")
*************************************
Satisfiable: true
string0 => "&&AB"
*************************************

$$$$$$$$$$$$$$$$$$$$$$$$$$$$$$$$
Calling Z3str3

*************************************
Satisfiable: false
*************************************


====================================================== search constraint
depth limit reached: 13

====================================================== snapshot 
thread java.lang.Thread:{id:0,name:main,status:RUNNING,priority:5,isDaemon:false,lockCount:0,suspendCount:0}
  call stack:
	at mockx.servlet.http.HttpServletResponse.checkNoSymbolic(HttpServletResponse.java:40)
	at mockx.servlet.http.HttpServletResponse.access$000(HttpServletResponse.java:12)
	at mockx.servlet.http.HttpServletResponse$1.println(HttpServletResponse.java:22)
	at securibench.micro.sanitizers.Sanitizers4.doGet(Sanitizers4.java:37)
	at Main.main(Main.java:23)

$$$$$$$$$$$$$$$$$$$$$$$$$$$$$$$$
Calling Z3str3

Returned solutions: 
(define-fun string0 () String  "&&AB")
*************************************
Satisfiable: true
string0 => "&&AB"
*************************************


====================================================== search constraint
depth limit reached: 13

====================================================== snapshot 
thread java.lang.Thread:{id:0,name:main,status:RUNNING,priority:5,isDaemon:false,lockCount:0,suspendCount:0}
  call stack:
	at mockx.servlet.http.HttpServletResponse.checkNoSymbolic(HttpServletResponse.java:37)
	at mockx.servlet.http.HttpServletResponse.access$000(HttpServletResponse.java:12)
	at mockx.servlet.http.HttpServletResponse$1.println(HttpServletResponse.java:22)
	at securibench.micro.sanitizers.Sanitizers4.doGet(Sanitizers4.java:37)
	at Main.main(Main.java:23)

$$$$$$$$$$$$$$$$$$$$$$$$$$$$$$$$
Calling Z3str3

*************************************
Satisfiable: false
*************************************

$$$$$$$$$$$$$$$$$$$$$$$$$$$$$$$$
Calling Z3str3

*************************************
Satisfiable: false
*************************************

$$$$$$$$$$$$$$$$$$$$$$$$$$$$$$$$
Calling Z3str3

Returned solutions: 
(define-fun string0 () String  "&&A")
*************************************
Satisfiable: true
string0 => "&&A"
*************************************

$$$$$$$$$$$$$$$$$$$$$$$$$$$$$$$$
Calling Z3str3

Returned solutions: 
(define-fun string0 () String  "&&A")
*************************************
Satisfiable: true
string0 => "&&A"
*************************************

$$$$$$$$$$$$$$$$$$$$$$$$$$$$$$$$
Calling Z3str3

*************************************
Satisfiable: false
*************************************

$$$$$$$$$$$$$$$$$$$$$$$$$$$$$$$$
Calling Z3str3

Returned solutions: 
(define-fun string0 () String  "&&A")
*************************************
Satisfiable: true
string0 => "&&A"
*************************************

$$$$$$$$$$$$$$$$$$$$$$$$$$$$$$$$
Calling Z3str3

Returned solutions: 
(define-fun string0 () String  "&&<")
*************************************
Satisfiable: true
string0 => "&&<"
*************************************

$$$$$$$$$$$$$$$$$$$$$$$$$$$$$$$$
Calling Z3str3

*************************************
Satisfiable: false
*************************************

$$$$$$$$$$$$$$$$$$$$$$$$$$$$$$$$
Calling Z3str3

*************************************
Satisfiable: false
*************************************

$$$$$$$$$$$$$$$$$$$$$$$$$$$$$$$$
Calling Z3str3

*************************************
Satisfiable: false
*************************************

$$$$$$$$$$$$$$$$$$$$$$$$$$$$$$$$
Calling Z3str3

Returned solutions: 
(define-fun string0 () String  "&&")
*************************************
Satisfiable: true
string0 => "&&"
*************************************

$$$$$$$$$$$$$$$$$$$$$$$$$$$$$$$$
Calling Z3str3

Returned solutions: 
(define-fun string0 () String  "&&")
*************************************
Satisfiable: true
string0 => "&&"
*************************************

$$$$$$$$$$$$$$$$$$$$$$$$$$$$$$$$
Calling Z3str3

*************************************
Satisfiable: false
*************************************

$$$$$$$$$$$$$$$$$$$$$$$$$$$$$$$$
Calling Z3str3

Returned solutions: 
(define-fun string0 () String  "&&")
*************************************
Satisfiable: true
string0 => "&&"
*************************************

$$$$$$$$$$$$$$$$$$$$$$$$$$$$$$$$
Calling Z3str3

Returned solutions: 
(define-fun string0 () String  "&&")
*************************************
Satisfiable: true
string0 => "&&"
*************************************

$$$$$$$$$$$$$$$$$$$$$$$$$$$$$$$$
Calling Z3str3

*************************************
Satisfiable: false
*************************************

$$$$$$$$$$$$$$$$$$$$$$$$$$$$$$$$
Calling Z3str3

*************************************
Satisfiable: false
*************************************

$$$$$$$$$$$$$$$$$$$$$$$$$$$$$$$$
Calling Z3str3

Returned solutions: 
(define-fun string0 () String  "&A")
*************************************
Satisfiable: true
string0 => "&A"
*************************************

$$$$$$$$$$$$$$$$$$$$$$$$$$$$$$$$
Calling Z3str3

Returned solutions: 
(define-fun string0 () String  "&A")
*************************************
Satisfiable: true
string0 => "&A"
*************************************

$$$$$$$$$$$$$$$$$$$$$$$$$$$$$$$$
Calling Z3str3

Returned solutions: 
(define-fun string0 () String  "&AB")
*************************************
Satisfiable: true
string0 => "&AB"
*************************************

$$$$$$$$$$$$$$$$$$$$$$$$$$$$$$$$
Calling Z3str3

Returned solutions: 
(define-fun string0 () String  "&A&")
*************************************
Satisfiable: true
string0 => "&A&"
*************************************

$$$$$$$$$$$$$$$$$$$$$$$$$$$$$$$$
Calling Z3str3

Returned solutions: 
(define-fun string0 () String  "&A&")
*************************************
Satisfiable: true
string0 => "&A&"
*************************************

$$$$$$$$$$$$$$$$$$$$$$$$$$$$$$$$
Calling Z3str3

Returned solutions: 
(define-fun string0 () String  "&A&B")
*************************************
Satisfiable: true
string0 => "&A&B"
*************************************

$$$$$$$$$$$$$$$$$$$$$$$$$$$$$$$$
Calling Z3str3

Returned solutions: 
(define-fun string0 () String  "&A&&")
*************************************
Satisfiable: true
string0 => "&A&&"
*************************************

$$$$$$$$$$$$$$$$$$$$$$$$$$$$$$$$
Calling Z3str3

Returned solutions: 
(define-fun string0 () String  "&A&&")
*************************************
Satisfiable: true
string0 => "&A&&"
*************************************

$$$$$$$$$$$$$$$$$$$$$$$$$$$$$$$$
Calling Z3str3

Returned solutions: 
(define-fun string0 () String  "&A&&B")
*************************************
Satisfiable: true
string0 => "&A&&B"
*************************************

$$$$$$$$$$$$$$$$$$$$$$$$$$$$$$$$
Calling Z3str3

Returned solutions: 
(define-fun string0 () String  "&A&&&")
*************************************
Satisfiable: true
string0 => "&A&&&"
*************************************

$$$$$$$$$$$$$$$$$$$$$$$$$$$$$$$$
Calling Z3str3

Returned solutions: 
(define-fun string0 () String  "&A&&&")
*************************************
Satisfiable: true
string0 => "&A&&&"
*************************************

$$$$$$$$$$$$$$$$$$$$$$$$$$$$$$$$
Calling Z3str3

Returned solutions: 
(define-fun string0 () String  "&A&&&B")
*************************************
Satisfiable: true
string0 => "&A&&&B"
*************************************

$$$$$$$$$$$$$$$$$$$$$$$$$$$$$$$$
Calling Z3str3

Returned solutions: 
(define-fun string0 () String  "&A&&&&")
*************************************
Satisfiable: true
string0 => "&A&&&&"
*************************************

$$$$$$$$$$$$$$$$$$$$$$$$$$$$$$$$
Calling Z3str3

Returned solutions: 
(define-fun string0 () String  "&A&&&&")
*************************************
Satisfiable: true
string0 => "&A&&&&"
*************************************

$$$$$$$$$$$$$$$$$$$$$$$$$$$$$$$$
Calling Z3str3

Returned solutions: 
(define-fun string0 () String  "&A&&&&B")
*************************************
Satisfiable: true
string0 => "&A&&&&B"
*************************************


====================================================== search constraint
depth limit reached: 13

====================================================== snapshot 
thread java.lang.Thread:{id:0,name:main,status:RUNNING,priority:5,isDaemon:false,lockCount:0,suspendCount:0}
  call stack:
	at securibench.micro.sanitizers.Sanitizers4.clean(Sanitizers4.java:43)
	at securibench.micro.sanitizers.Sanitizers4.doGet(Sanitizers4.java:31)
	at Main.main(Main.java:23)

$$$$$$$$$$$$$$$$$$$$$$$$$$$$$$$$
Calling Z3str3

Returned solutions: 
(define-fun string0 () String  "&A&&&B")
*************************************
Satisfiable: true
string0 => "&A&&&B"
*************************************

$$$$$$$$$$$$$$$$$$$$$$$$$$$$$$$$
Calling Z3str3

Returned solutions: 
(define-fun string0 () String  "&A&&&B")
*************************************
Satisfiable: true
string0 => "&A&&&B"
*************************************

$$$$$$$$$$$$$$$$$$$$$$$$$$$$$$$$
Calling Z3str3

Returned solutions: 
(define-fun string0 () String  "&A&&&BC")
*************************************
Satisfiable: true
string0 => "&A&&&BC"
*************************************


====================================================== search constraint
depth limit reached: 13

====================================================== snapshot 
thread java.lang.Thread:{id:0,name:main,status:RUNNING,priority:5,isDaemon:false,lockCount:0,suspendCount:0}
  call stack:
	at securibench.micro.sanitizers.Sanitizers4.clean(Sanitizers4.java:43)
	at securibench.micro.sanitizers.Sanitizers4.doGet(Sanitizers4.java:31)
	at Main.main(Main.java:23)

$$$$$$$$$$$$$$$$$$$$$$$$$$$$$$$$
Calling Z3str3

*************************************
Satisfiable: false
*************************************


====================================================== search constraint
depth limit reached: 13

====================================================== snapshot 
thread java.lang.Thread:{id:0,name:main,status:RUNNING,priority:5,isDaemon:false,lockCount:0,suspendCount:0}
  call stack:
	at mockx.servlet.http.HttpServletResponse.checkNoSymbolic(HttpServletResponse.java:40)
	at mockx.servlet.http.HttpServletResponse.access$000(HttpServletResponse.java:12)
	at mockx.servlet.http.HttpServletResponse$1.println(HttpServletResponse.java:22)
	at securibench.micro.sanitizers.Sanitizers4.doGet(Sanitizers4.java:36)
	at Main.main(Main.java:23)

$$$$$$$$$$$$$$$$$$$$$$$$$$$$$$$$
Calling Z3str3

Returned solutions: 
(define-fun string0 () String  "&A&&&")
*************************************
Satisfiable: true
string0 => "&A&&&"
*************************************


====================================================== search constraint
depth limit reached: 13

====================================================== snapshot 
thread java.lang.Thread:{id:0,name:main,status:RUNNING,priority:5,isDaemon:false,lockCount:0,suspendCount:0}
  call stack:
	at mockx.servlet.http.HttpServletResponse.checkNoSymbolic(HttpServletResponse.java:37)
	at mockx.servlet.http.HttpServletResponse.access$000(HttpServletResponse.java:12)
	at mockx.servlet.http.HttpServletResponse$1.println(HttpServletResponse.java:22)
	at securibench.micro.sanitizers.Sanitizers4.doGet(Sanitizers4.java:36)
	at Main.main(Main.java:23)

$$$$$$$$$$$$$$$$$$$$$$$$$$$$$$$$
Calling Z3str3

Returned solutions: 
(define-fun string0 () String  "&A&&B")
*************************************
Satisfiable: true
string0 => "&A&&B"
*************************************

$$$$$$$$$$$$$$$$$$$$$$$$$$$$$$$$
Calling Z3str3

Returned solutions: 
(define-fun string0 () String  "&A&&B")
*************************************
Satisfiable: true
string0 => "&A&&B"
*************************************

$$$$$$$$$$$$$$$$$$$$$$$$$$$$$$$$
Calling Z3str3

Returned solutions: 
(define-fun string0 () String  "&A&&BC")
*************************************
Satisfiable: true
string0 => "&A&&BC"
*************************************

$$$$$$$$$$$$$$$$$$$$$$$$$$$$$$$$
Calling Z3str3

Returned solutions: 
(define-fun string0 () String  "&A&&B&")
*************************************
Satisfiable: true
string0 => "&A&&B&"
*************************************

$$$$$$$$$$$$$$$$$$$$$$$$$$$$$$$$
Calling Z3str3

Returned solutions: 
(define-fun string0 () String  "&A&&B&")
*************************************
Satisfiable: true
string0 => "&A&&B&"
*************************************

$$$$$$$$$$$$$$$$$$$$$$$$$$$$$$$$
Calling Z3str3

Returned solutions: 
(define-fun string0 () String  "&A&&B&C")
*************************************
Satisfiable: true
string0 => "&A&&B&C"
*************************************


====================================================== search constraint
depth limit reached: 13

====================================================== snapshot 
thread java.lang.Thread:{id:0,name:main,status:RUNNING,priority:5,isDaemon:false,lockCount:0,suspendCount:0}
  call stack:
	at securibench.micro.sanitizers.Sanitizers4.clean(Sanitizers4.java:43)
	at securibench.micro.sanitizers.Sanitizers4.doGet(Sanitizers4.java:31)
	at Main.main(Main.java:23)

$$$$$$$$$$$$$$$$$$$$$$$$$$$$$$$$
Calling Z3str3

Returned solutions: 
(define-fun string0 () String  "&A&&BC")
*************************************
Satisfiable: true
string0 => "&A&&BC"
*************************************

$$$$$$$$$$$$$$$$$$$$$$$$$$$$$$$$
Calling Z3str3

Returned solutions: 
(define-fun string0 () String  "&A&&BC")
*************************************
Satisfiable: true
string0 => "&A&&BC"
*************************************

$$$$$$$$$$$$$$$$$$$$$$$$$$$$$$$$
Calling Z3str3

Returned solutions: 
(define-fun string0 () String  "&A&&BCD")
*************************************
Satisfiable: true
string0 => "&A&&BCD"
*************************************


====================================================== search constraint
depth limit reached: 13

====================================================== snapshot 
thread java.lang.Thread:{id:0,name:main,status:RUNNING,priority:5,isDaemon:false,lockCount:0,suspendCount:0}
  call stack:
	at securibench.micro.sanitizers.Sanitizers4.clean(Sanitizers4.java:43)
	at securibench.micro.sanitizers.Sanitizers4.doGet(Sanitizers4.java:31)
	at Main.main(Main.java:23)

$$$$$$$$$$$$$$$$$$$$$$$$$$$$$$$$
Calling Z3str3

*************************************
Satisfiable: false
*************************************


====================================================== search constraint
depth limit reached: 13

====================================================== snapshot 
thread java.lang.Thread:{id:0,name:main,status:RUNNING,priority:5,isDaemon:false,lockCount:0,suspendCount:0}
  call stack:
	at mockx.servlet.http.HttpServletResponse.checkNoSymbolic(HttpServletResponse.java:40)
	at mockx.servlet.http.HttpServletResponse.access$000(HttpServletResponse.java:12)
	at mockx.servlet.http.HttpServletResponse$1.println(HttpServletResponse.java:22)
	at securibench.micro.sanitizers.Sanitizers4.doGet(Sanitizers4.java:36)
	at Main.main(Main.java:23)

$$$$$$$$$$$$$$$$$$$$$$$$$$$$$$$$
Calling Z3str3

Returned solutions: 
(define-fun string0 () String  "&A&&B")
*************************************
Satisfiable: true
string0 => "&A&&B"
*************************************


====================================================== search constraint
depth limit reached: 13

====================================================== snapshot 
thread java.lang.Thread:{id:0,name:main,status:RUNNING,priority:5,isDaemon:false,lockCount:0,suspendCount:0}
  call stack:
	at mockx.servlet.http.HttpServletResponse.checkNoSymbolic(HttpServletResponse.java:37)
	at mockx.servlet.http.HttpServletResponse.access$000(HttpServletResponse.java:12)
	at mockx.servlet.http.HttpServletResponse$1.println(HttpServletResponse.java:22)
	at securibench.micro.sanitizers.Sanitizers4.doGet(Sanitizers4.java:36)
	at Main.main(Main.java:23)

$$$$$$$$$$$$$$$$$$$$$$$$$$$$$$$$
Calling Z3str3

*************************************
Satisfiable: false
*************************************

$$$$$$$$$$$$$$$$$$$$$$$$$$$$$$$$
Calling Z3str3

Returned solutions: 
(define-fun string0 () String  "&A&&")
*************************************
Satisfiable: true
string0 => "&A&&"
*************************************

$$$$$$$$$$$$$$$$$$$$$$$$$$$$$$$$
Calling Z3str3

Returned solutions: 
(define-fun string0 () String  "&A&&")
*************************************
Satisfiable: true
string0 => "&A&&"
*************************************

$$$$$$$$$$$$$$$$$$$$$$$$$$$$$$$$
Calling Z3str3

*************************************
Satisfiable: false
*************************************


====================================================== search constraint
depth limit reached: 13

====================================================== snapshot 
thread java.lang.Thread:{id:0,name:main,status:RUNNING,priority:5,isDaemon:false,lockCount:0,suspendCount:0}
  call stack:
	at mockx.servlet.http.HttpServletResponse.checkNoSymbolic(HttpServletResponse.java:40)
	at mockx.servlet.http.HttpServletResponse.access$000(HttpServletResponse.java:12)
	at mockx.servlet.http.HttpServletResponse$1.println(HttpServletResponse.java:22)
	at securibench.micro.sanitizers.Sanitizers4.doGet(Sanitizers4.java:37)
	at Main.main(Main.java:23)

$$$$$$$$$$$$$$$$$$$$$$$$$$$$$$$$
Calling Z3str3

Returned solutions: 
(define-fun string0 () String  "&A&&")
*************************************
Satisfiable: true
string0 => "&A&&"
*************************************


====================================================== search constraint
depth limit reached: 13

====================================================== snapshot 
thread java.lang.Thread:{id:0,name:main,status:RUNNING,priority:5,isDaemon:false,lockCount:0,suspendCount:0}
  call stack:
	at mockx.servlet.http.HttpServletResponse.checkNoSymbolic(HttpServletResponse.java:37)
	at mockx.servlet.http.HttpServletResponse.access$000(HttpServletResponse.java:12)
	at mockx.servlet.http.HttpServletResponse$1.println(HttpServletResponse.java:22)
	at securibench.micro.sanitizers.Sanitizers4.doGet(Sanitizers4.java:37)
	at Main.main(Main.java:23)

$$$$$$$$$$$$$$$$$$$$$$$$$$$$$$$$
Calling Z3str3

*************************************
Satisfiable: false
*************************************

$$$$$$$$$$$$$$$$$$$$$$$$$$$$$$$$
Calling Z3str3

Returned solutions: 
(define-fun string0 () String  "&A&B")
*************************************
Satisfiable: true
string0 => "&A&B"
*************************************

$$$$$$$$$$$$$$$$$$$$$$$$$$$$$$$$
Calling Z3str3

Returned solutions: 
(define-fun string0 () String  "&A&B")
*************************************
Satisfiable: true
string0 => "&A&B"
*************************************

$$$$$$$$$$$$$$$$$$$$$$$$$$$$$$$$
Calling Z3str3

Returned solutions: 
(define-fun string0 () String  "&A&BCD")
*************************************
Satisfiable: true
string0 => "&A&BCD"
*************************************

$$$$$$$$$$$$$$$$$$$$$$$$$$$$$$$$
Calling Z3str3

Returned solutions: 
(define-fun string0 () String  "&A&B&")
*************************************
Satisfiable: true
string0 => "&A&B&"
*************************************

$$$$$$$$$$$$$$$$$$$$$$$$$$$$$$$$
Calling Z3str3

Returned solutions: 
(define-fun string0 () String  "&A&B&")
*************************************
Satisfiable: true
string0 => "&A&B&"
*************************************

$$$$$$$$$$$$$$$$$$$$$$$$$$$$$$$$
Calling Z3str3

Returned solutions: 
(define-fun string0 () String  "&A&B&C")
*************************************
Satisfiable: true
string0 => "&A&B&C"
*************************************

$$$$$$$$$$$$$$$$$$$$$$$$$$$$$$$$
Calling Z3str3

Returned solutions: 
(define-fun string0 () String  "&A&B&&")
*************************************
Satisfiable: true
string0 => "&A&B&&"
*************************************

$$$$$$$$$$$$$$$$$$$$$$$$$$$$$$$$
Calling Z3str3

Returned solutions: 
(define-fun string0 () String  "&A&B&&")
*************************************
Satisfiable: true
string0 => "&A&B&&"
*************************************

$$$$$$$$$$$$$$$$$$$$$$$$$$$$$$$$
Calling Z3str3

Returned solutions: 
(define-fun string0 () String  "&A&B&&C")
*************************************
Satisfiable: true
string0 => "&A&B&&C"
*************************************


====================================================== search constraint
depth limit reached: 13

====================================================== snapshot 
thread java.lang.Thread:{id:0,name:main,status:RUNNING,priority:5,isDaemon:false,lockCount:0,suspendCount:0}
  call stack:
	at securibench.micro.sanitizers.Sanitizers4.clean(Sanitizers4.java:43)
	at securibench.micro.sanitizers.Sanitizers4.doGet(Sanitizers4.java:31)
	at Main.main(Main.java:23)

$$$$$$$$$$$$$$$$$$$$$$$$$$$$$$$$
Calling Z3str3

Returned solutions: 
(define-fun string0 () String  "&A&B&C")
*************************************
Satisfiable: true
string0 => "&A&B&C"
*************************************

$$$$$$$$$$$$$$$$$$$$$$$$$$$$$$$$
Calling Z3str3

Returned solutions: 
(define-fun string0 () String  "&A&B&C")
*************************************
Satisfiable: true
string0 => "&A&B&C"
*************************************

$$$$$$$$$$$$$$$$$$$$$$$$$$$$$$$$
Calling Z3str3

Returned solutions: 
(define-fun string0 () String  "&A&B&CD")
*************************************
Satisfiable: true
string0 => "&A&B&CD"
*************************************


====================================================== search constraint
depth limit reached: 13

====================================================== snapshot 
thread java.lang.Thread:{id:0,name:main,status:RUNNING,priority:5,isDaemon:false,lockCount:0,suspendCount:0}
  call stack:
	at securibench.micro.sanitizers.Sanitizers4.clean(Sanitizers4.java:43)
	at securibench.micro.sanitizers.Sanitizers4.doGet(Sanitizers4.java:31)
	at Main.main(Main.java:23)

$$$$$$$$$$$$$$$$$$$$$$$$$$$$$$$$
Calling Z3str3

*************************************
Satisfiable: false
*************************************


====================================================== search constraint
depth limit reached: 13

====================================================== snapshot 
thread java.lang.Thread:{id:0,name:main,status:RUNNING,priority:5,isDaemon:false,lockCount:0,suspendCount:0}
  call stack:
	at mockx.servlet.http.HttpServletResponse.checkNoSymbolic(HttpServletResponse.java:40)
	at mockx.servlet.http.HttpServletResponse.access$000(HttpServletResponse.java:12)
	at mockx.servlet.http.HttpServletResponse$1.println(HttpServletResponse.java:22)
	at securibench.micro.sanitizers.Sanitizers4.doGet(Sanitizers4.java:36)
	at Main.main(Main.java:23)

$$$$$$$$$$$$$$$$$$$$$$$$$$$$$$$$
Calling Z3str3

Returned solutions: 
(define-fun string0 () String  "&A&B&")
*************************************
Satisfiable: true
string0 => "&A&B&"
*************************************


====================================================== search constraint
depth limit reached: 13

====================================================== snapshot 
thread java.lang.Thread:{id:0,name:main,status:RUNNING,priority:5,isDaemon:false,lockCount:0,suspendCount:0}
  call stack:
	at mockx.servlet.http.HttpServletResponse.checkNoSymbolic(HttpServletResponse.java:37)
	at mockx.servlet.http.HttpServletResponse.access$000(HttpServletResponse.java:12)
	at mockx.servlet.http.HttpServletResponse$1.println(HttpServletResponse.java:22)
	at securibench.micro.sanitizers.Sanitizers4.doGet(Sanitizers4.java:36)
	at Main.main(Main.java:23)

$$$$$$$$$$$$$$$$$$$$$$$$$$$$$$$$
Calling Z3str3

Returned solutions: 
(define-fun string0 () String  "&A&BC")
*************************************
Satisfiable: true
string0 => "&A&BC"
*************************************

$$$$$$$$$$$$$$$$$$$$$$$$$$$$$$$$
Calling Z3str3

Returned solutions: 
(define-fun string0 () String  "&A&BC")
*************************************
Satisfiable: true
string0 => "&A&BC"
*************************************

$$$$$$$$$$$$$$$$$$$$$$$$$$$$$$$$
Calling Z3str3

Returned solutions: 
(define-fun string0 () String  "&A&BCD")
*************************************
Satisfiable: true
string0 => "&A&BCD"
*************************************

$$$$$$$$$$$$$$$$$$$$$$$$$$$$$$$$
Calling Z3str3

Returned solutions: 
(define-fun string0 () String  "&A&BC&")
*************************************
Satisfiable: true
string0 => "&A&BC&"
*************************************

$$$$$$$$$$$$$$$$$$$$$$$$$$$$$$$$
Calling Z3str3

Returned solutions: 
(define-fun string0 () String  "&A&BC&")
*************************************
Satisfiable: true
string0 => "&A&BC&"
*************************************

$$$$$$$$$$$$$$$$$$$$$$$$$$$$$$$$
Calling Z3str3

Returned solutions: 
(define-fun string0 () String  "&A&BC&D")
*************************************
Satisfiable: true
string0 => "&A&BC&D"
*************************************


====================================================== search constraint
depth limit reached: 13

====================================================== snapshot 
thread java.lang.Thread:{id:0,name:main,status:RUNNING,priority:5,isDaemon:false,lockCount:0,suspendCount:0}
  call stack:
	at securibench.micro.sanitizers.Sanitizers4.clean(Sanitizers4.java:43)
	at securibench.micro.sanitizers.Sanitizers4.doGet(Sanitizers4.java:31)
	at Main.main(Main.java:23)

$$$$$$$$$$$$$$$$$$$$$$$$$$$$$$$$
Calling Z3str3

Returned solutions: 
(define-fun string0 () String  "&A&BCD")
*************************************
Satisfiable: true
string0 => "&A&BCD"
*************************************

$$$$$$$$$$$$$$$$$$$$$$$$$$$$$$$$
Calling Z3str3

Returned solutions: 
(define-fun string0 () String  "&A&BCD")
*************************************
Satisfiable: true
string0 => "&A&BCD"
*************************************

$$$$$$$$$$$$$$$$$$$$$$$$$$$$$$$$
Calling Z3str3

Returned solutions: 
(define-fun string0 () String  "&A&BCDE")
*************************************
Satisfiable: true
string0 => "&A&BCDE"
*************************************


====================================================== search constraint
depth limit reached: 13

====================================================== snapshot 
thread java.lang.Thread:{id:0,name:main,status:RUNNING,priority:5,isDaemon:false,lockCount:0,suspendCount:0}
  call stack:
	at securibench.micro.sanitizers.Sanitizers4.clean(Sanitizers4.java:43)
	at securibench.micro.sanitizers.Sanitizers4.doGet(Sanitizers4.java:31)
	at Main.main(Main.java:23)

$$$$$$$$$$$$$$$$$$$$$$$$$$$$$$$$
Calling Z3str3

*************************************
Satisfiable: false
*************************************


====================================================== search constraint
depth limit reached: 13

====================================================== snapshot 
thread java.lang.Thread:{id:0,name:main,status:RUNNING,priority:5,isDaemon:false,lockCount:0,suspendCount:0}
  call stack:
	at mockx.servlet.http.HttpServletResponse.checkNoSymbolic(HttpServletResponse.java:40)
	at mockx.servlet.http.HttpServletResponse.access$000(HttpServletResponse.java:12)
	at mockx.servlet.http.HttpServletResponse$1.println(HttpServletResponse.java:22)
	at securibench.micro.sanitizers.Sanitizers4.doGet(Sanitizers4.java:36)
	at Main.main(Main.java:23)

$$$$$$$$$$$$$$$$$$$$$$$$$$$$$$$$
Calling Z3str3

Returned solutions: 
(define-fun string0 () String  "&A&BC")
*************************************
Satisfiable: true
string0 => "&A&BC"
*************************************


====================================================== search constraint
depth limit reached: 13

====================================================== snapshot 
thread java.lang.Thread:{id:0,name:main,status:RUNNING,priority:5,isDaemon:false,lockCount:0,suspendCount:0}
  call stack:
	at mockx.servlet.http.HttpServletResponse.checkNoSymbolic(HttpServletResponse.java:37)
	at mockx.servlet.http.HttpServletResponse.access$000(HttpServletResponse.java:12)
	at mockx.servlet.http.HttpServletResponse$1.println(HttpServletResponse.java:22)
	at securibench.micro.sanitizers.Sanitizers4.doGet(Sanitizers4.java:36)
	at Main.main(Main.java:23)

$$$$$$$$$$$$$$$$$$$$$$$$$$$$$$$$
Calling Z3str3

*************************************
Satisfiable: false
*************************************

$$$$$$$$$$$$$$$$$$$$$$$$$$$$$$$$
Calling Z3str3

Returned solutions: 
(define-fun string0 () String  "&A&B")
*************************************
Satisfiable: true
string0 => "&A&B"
*************************************

$$$$$$$$$$$$$$$$$$$$$$$$$$$$$$$$
Calling Z3str3

Returned solutions: 
(define-fun string0 () String  "&<&<")
*************************************
Satisfiable: true
string0 => "&<&<"
*************************************

$$$$$$$$$$$$$$$$$$$$$$$$$$$$$$$$
Calling Z3str3

*************************************
Satisfiable: false
*************************************


====================================================== search constraint
depth limit reached: 13

====================================================== snapshot 
thread java.lang.Thread:{id:0,name:main,status:RUNNING,priority:5,isDaemon:false,lockCount:0,suspendCount:0}
  call stack:
	at mockx.servlet.http.HttpServletResponse.checkNoSymbolic(HttpServletResponse.java:40)
	at mockx.servlet.http.HttpServletResponse.access$000(HttpServletResponse.java:12)
	at mockx.servlet.http.HttpServletResponse$1.println(HttpServletResponse.java:22)
	at securibench.micro.sanitizers.Sanitizers4.doGet(Sanitizers4.java:37)
	at Main.main(Main.java:23)

$$$$$$$$$$$$$$$$$$$$$$$$$$$$$$$$
Calling Z3str3

Returned solutions: 
(define-fun string0 () String  "&<&A")
*************************************
Satisfiable: true
string0 => "&<&A"
*************************************


====================================================== search constraint
depth limit reached: 13

====================================================== snapshot 
thread java.lang.Thread:{id:0,name:main,status:RUNNING,priority:5,isDaemon:false,lockCount:0,suspendCount:0}
  call stack:
	at mockx.servlet.http.HttpServletResponse.checkNoSymbolic(HttpServletResponse.java:37)
	at mockx.servlet.http.HttpServletResponse.access$000(HttpServletResponse.java:12)
	at mockx.servlet.http.HttpServletResponse$1.println(HttpServletResponse.java:22)
	at securibench.micro.sanitizers.Sanitizers4.doGet(Sanitizers4.java:37)
	at Main.main(Main.java:23)

$$$$$$$$$$$$$$$$$$$$$$$$$$$$$$$$
Calling Z3str3

*************************************
Satisfiable: false
*************************************

$$$$$$$$$$$$$$$$$$$$$$$$$$$$$$$$
Calling Z3str3

*************************************
Satisfiable: false
*************************************

$$$$$$$$$$$$$$$$$$$$$$$$$$$$$$$$
Calling Z3str3

Returned solutions: 
(define-fun string0 () String  "&A&")
*************************************
Satisfiable: true
string0 => "&A&"
*************************************

$$$$$$$$$$$$$$$$$$$$$$$$$$$$$$$$
Calling Z3str3

Returned solutions: 
(define-fun string0 () String  "&A&")
*************************************
Satisfiable: true
string0 => "&A&"
*************************************

$$$$$$$$$$$$$$$$$$$$$$$$$$$$$$$$
Calling Z3str3

*************************************
Satisfiable: false
*************************************

$$$$$$$$$$$$$$$$$$$$$$$$$$$$$$$$
Calling Z3str3

Returned solutions: 
(define-fun string0 () String  "&A&")
*************************************
Satisfiable: true
string0 => "&A&"
*************************************

$$$$$$$$$$$$$$$$$$$$$$$$$$$$$$$$
Calling Z3str3

Returned solutions: 
(define-fun string0 () String  "&<&")
*************************************
Satisfiable: true
string0 => "&<&"
*************************************

$$$$$$$$$$$$$$$$$$$$$$$$$$$$$$$$
Calling Z3str3

*************************************
Satisfiable: false
*************************************

$$$$$$$$$$$$$$$$$$$$$$$$$$$$$$$$
Calling Z3str3

*************************************
Satisfiable: false
*************************************

$$$$$$$$$$$$$$$$$$$$$$$$$$$$$$$$
Calling Z3str3

Returned solutions: 
(define-fun string0 () String  "&AB")
*************************************
Satisfiable: true
string0 => "&AB"
*************************************

$$$$$$$$$$$$$$$$$$$$$$$$$$$$$$$$
Calling Z3str3

Returned solutions: 
(define-fun string0 () String  "&AB")
*************************************
Satisfiable: true
string0 => "&AB"
*************************************

$$$$$$$$$$$$$$$$$$$$$$$$$$$$$$$$
Calling Z3str3

Returned solutions: 
(define-fun string0 () String  "&ABC")
*************************************
Satisfiable: true
string0 => "&ABC"
*************************************

$$$$$$$$$$$$$$$$$$$$$$$$$$$$$$$$
Calling Z3str3

Returned solutions: 
(define-fun string0 () String  "&AB&")
*************************************
Satisfiable: true
string0 => "&AB&"
*************************************

$$$$$$$$$$$$$$$$$$$$$$$$$$$$$$$$
Calling Z3str3

Returned solutions: 
(define-fun string0 () String  "&AB&")
*************************************
Satisfiable: true
string0 => "&AB&"
*************************************

$$$$$$$$$$$$$$$$$$$$$$$$$$$$$$$$
Calling Z3str3

Returned solutions: 
(define-fun string0 () String  "&AB&CD")
*************************************
Satisfiable: true
string0 => "&AB&CD"
*************************************

$$$$$$$$$$$$$$$$$$$$$$$$$$$$$$$$
Calling Z3str3

Returned solutions: 
(define-fun string0 () String  "&AB&&")
*************************************
Satisfiable: true
string0 => "&AB&&"
*************************************

$$$$$$$$$$$$$$$$$$$$$$$$$$$$$$$$
Calling Z3str3

Returned solutions: 
(define-fun string0 () String  "&AB&&")
*************************************
Satisfiable: true
string0 => "&AB&&"
*************************************

$$$$$$$$$$$$$$$$$$$$$$$$$$$$$$$$
Calling Z3str3

Returned solutions: 
(define-fun string0 () String  "&AB&&C")
*************************************
Satisfiable: true
string0 => "&AB&&C"
*************************************

$$$$$$$$$$$$$$$$$$$$$$$$$$$$$$$$
Calling Z3str3

Returned solutions: 
(define-fun string0 () String  "&AB&&&")
*************************************
Satisfiable: true
string0 => "&AB&&&"
*************************************

$$$$$$$$$$$$$$$$$$$$$$$$$$$$$$$$
Calling Z3str3

Returned solutions: 
(define-fun string0 () String  "&AB&&&")
*************************************
Satisfiable: true
string0 => "&AB&&&"
*************************************

$$$$$$$$$$$$$$$$$$$$$$$$$$$$$$$$
Calling Z3str3

Returned solutions: 
(define-fun string0 () String  "&AB&&&C")
*************************************
Satisfiable: true
string0 => "&AB&&&C"
*************************************


====================================================== search constraint
depth limit reached: 13

====================================================== snapshot 
thread java.lang.Thread:{id:0,name:main,status:RUNNING,priority:5,isDaemon:false,lockCount:0,suspendCount:0}
  call stack:
	at securibench.micro.sanitizers.Sanitizers4.clean(Sanitizers4.java:43)
	at securibench.micro.sanitizers.Sanitizers4.doGet(Sanitizers4.java:31)
	at Main.main(Main.java:23)

$$$$$$$$$$$$$$$$$$$$$$$$$$$$$$$$
Calling Z3str3

Returned solutions: 
(define-fun string0 () String  "&AB&&C")
*************************************
Satisfiable: true
string0 => "&AB&&C"
*************************************

$$$$$$$$$$$$$$$$$$$$$$$$$$$$$$$$
Calling Z3str3

Returned solutions: 
(define-fun string0 () String  "&AB&&C")
*************************************
Satisfiable: true
string0 => "&AB&&C"
*************************************

$$$$$$$$$$$$$$$$$$$$$$$$$$$$$$$$
Calling Z3str3

Returned solutions: 
(define-fun string0 () String  "&AB&&CD")
*************************************
Satisfiable: true
string0 => "&AB&&CD"
*************************************


====================================================== search constraint
depth limit reached: 13

====================================================== snapshot 
thread java.lang.Thread:{id:0,name:main,status:RUNNING,priority:5,isDaemon:false,lockCount:0,suspendCount:0}
  call stack:
	at securibench.micro.sanitizers.Sanitizers4.clean(Sanitizers4.java:43)
	at securibench.micro.sanitizers.Sanitizers4.doGet(Sanitizers4.java:31)
	at Main.main(Main.java:23)

$$$$$$$$$$$$$$$$$$$$$$$$$$$$$$$$
Calling Z3str3

*************************************
Satisfiable: false
*************************************


====================================================== search constraint
depth limit reached: 13

====================================================== snapshot 
thread java.lang.Thread:{id:0,name:main,status:RUNNING,priority:5,isDaemon:false,lockCount:0,suspendCount:0}
  call stack:
	at mockx.servlet.http.HttpServletResponse.checkNoSymbolic(HttpServletResponse.java:40)
	at mockx.servlet.http.HttpServletResponse.access$000(HttpServletResponse.java:12)
	at mockx.servlet.http.HttpServletResponse$1.println(HttpServletResponse.java:22)
	at securibench.micro.sanitizers.Sanitizers4.doGet(Sanitizers4.java:36)
	at Main.main(Main.java:23)

$$$$$$$$$$$$$$$$$$$$$$$$$$$$$$$$
Calling Z3str3

Returned solutions: 
(define-fun string0 () String  "&AB&&")
*************************************
Satisfiable: true
string0 => "&AB&&"
*************************************


====================================================== search constraint
depth limit reached: 13

====================================================== snapshot 
thread java.lang.Thread:{id:0,name:main,status:RUNNING,priority:5,isDaemon:false,lockCount:0,suspendCount:0}
  call stack:
	at mockx.servlet.http.HttpServletResponse.checkNoSymbolic(HttpServletResponse.java:37)
	at mockx.servlet.http.HttpServletResponse.access$000(HttpServletResponse.java:12)
	at mockx.servlet.http.HttpServletResponse$1.println(HttpServletResponse.java:22)
	at securibench.micro.sanitizers.Sanitizers4.doGet(Sanitizers4.java:36)
	at Main.main(Main.java:23)

$$$$$$$$$$$$$$$$$$$$$$$$$$$$$$$$
Calling Z3str3

Returned solutions: 
(define-fun string0 () String  "&AB&C")
*************************************
Satisfiable: true
string0 => "&AB&C"
*************************************

$$$$$$$$$$$$$$$$$$$$$$$$$$$$$$$$
Calling Z3str3

Returned solutions: 
(define-fun string0 () String  "&AB&C")
*************************************
Satisfiable: true
string0 => "&AB&C"
*************************************

$$$$$$$$$$$$$$$$$$$$$$$$$$$$$$$$
Calling Z3str3

Returned solutions: 
(define-fun string0 () String  "&AB&CD")
*************************************
Satisfiable: true
string0 => "&AB&CD"
*************************************

$$$$$$$$$$$$$$$$$$$$$$$$$$$$$$$$
Calling Z3str3

Returned solutions: 
(define-fun string0 () String  "&AB&C&")
*************************************
Satisfiable: true
string0 => "&AB&C&"
*************************************

$$$$$$$$$$$$$$$$$$$$$$$$$$$$$$$$
Calling Z3str3

Returned solutions: 
(define-fun string0 () String  "&AB&C&")
*************************************
Satisfiable: true
string0 => "&AB&C&"
*************************************

$$$$$$$$$$$$$$$$$$$$$$$$$$$$$$$$
Calling Z3str3

Returned solutions: 
(define-fun string0 () String  "&AB&C&D")
*************************************
Satisfiable: true
string0 => "&AB&C&D"
*************************************


====================================================== search constraint
depth limit reached: 13

====================================================== snapshot 
thread java.lang.Thread:{id:0,name:main,status:RUNNING,priority:5,isDaemon:false,lockCount:0,suspendCount:0}
  call stack:
	at securibench.micro.sanitizers.Sanitizers4.clean(Sanitizers4.java:43)
	at securibench.micro.sanitizers.Sanitizers4.doGet(Sanitizers4.java:31)
	at Main.main(Main.java:23)

$$$$$$$$$$$$$$$$$$$$$$$$$$$$$$$$
Calling Z3str3

Returned solutions: 
(define-fun string0 () String  "&AB&CD")
*************************************
Satisfiable: true
string0 => "&AB&CD"
*************************************

$$$$$$$$$$$$$$$$$$$$$$$$$$$$$$$$
Calling Z3str3

Returned solutions: 
(define-fun string0 () String  "&AB&CD")
*************************************
Satisfiable: true
string0 => "&AB&CD"
*************************************

$$$$$$$$$$$$$$$$$$$$$$$$$$$$$$$$
Calling Z3str3

Returned solutions: 
(define-fun string0 () String  "&AB&CDE")
*************************************
Satisfiable: true
string0 => "&AB&CDE"
*************************************


====================================================== search constraint
depth limit reached: 13

====================================================== snapshot 
thread java.lang.Thread:{id:0,name:main,status:RUNNING,priority:5,isDaemon:false,lockCount:0,suspendCount:0}
  call stack:
	at securibench.micro.sanitizers.Sanitizers4.clean(Sanitizers4.java:43)
	at securibench.micro.sanitizers.Sanitizers4.doGet(Sanitizers4.java:31)
	at Main.main(Main.java:23)

$$$$$$$$$$$$$$$$$$$$$$$$$$$$$$$$
Calling Z3str3

*************************************
Satisfiable: false
*************************************


====================================================== search constraint
depth limit reached: 13

====================================================== snapshot 
thread java.lang.Thread:{id:0,name:main,status:RUNNING,priority:5,isDaemon:false,lockCount:0,suspendCount:0}
  call stack:
	at mockx.servlet.http.HttpServletResponse.checkNoSymbolic(HttpServletResponse.java:40)
	at mockx.servlet.http.HttpServletResponse.access$000(HttpServletResponse.java:12)
	at mockx.servlet.http.HttpServletResponse$1.println(HttpServletResponse.java:22)
	at securibench.micro.sanitizers.Sanitizers4.doGet(Sanitizers4.java:36)
	at Main.main(Main.java:23)

$$$$$$$$$$$$$$$$$$$$$$$$$$$$$$$$
Calling Z3str3

Returned solutions: 
(define-fun string0 () String  "&AB&C")
*************************************
Satisfiable: true
string0 => "&AB&C"
*************************************


====================================================== search constraint
depth limit reached: 13

====================================================== snapshot 
thread java.lang.Thread:{id:0,name:main,status:RUNNING,priority:5,isDaemon:false,lockCount:0,suspendCount:0}
  call stack:
	at mockx.servlet.http.HttpServletResponse.checkNoSymbolic(HttpServletResponse.java:37)
	at mockx.servlet.http.HttpServletResponse.access$000(HttpServletResponse.java:12)
	at mockx.servlet.http.HttpServletResponse$1.println(HttpServletResponse.java:22)
	at securibench.micro.sanitizers.Sanitizers4.doGet(Sanitizers4.java:36)
	at Main.main(Main.java:23)

$$$$$$$$$$$$$$$$$$$$$$$$$$$$$$$$
Calling Z3str3

*************************************
Satisfiable: false
*************************************

$$$$$$$$$$$$$$$$$$$$$$$$$$$$$$$$
Calling Z3str3

Returned solutions: 
(define-fun string0 () String  "&AB&")
*************************************
Satisfiable: true
string0 => "&AB&"
*************************************

$$$$$$$$$$$$$$$$$$$$$$$$$$$$$$$$
Calling Z3str3

Returned solutions: 
(define-fun string0 () String  "&<<&")
*************************************
Satisfiable: true
string0 => "&<<&"
*************************************

$$$$$$$$$$$$$$$$$$$$$$$$$$$$$$$$
Calling Z3str3

*************************************
Satisfiable: false
*************************************


====================================================== search constraint
depth limit reached: 13

====================================================== snapshot 
thread java.lang.Thread:{id:0,name:main,status:RUNNING,priority:5,isDaemon:false,lockCount:0,suspendCount:0}
  call stack:
	at mockx.servlet.http.HttpServletResponse.checkNoSymbolic(HttpServletResponse.java:40)
	at mockx.servlet.http.HttpServletResponse.access$000(HttpServletResponse.java:12)
	at mockx.servlet.http.HttpServletResponse$1.println(HttpServletResponse.java:22)
	at securibench.micro.sanitizers.Sanitizers4.doGet(Sanitizers4.java:37)
	at Main.main(Main.java:23)

$$$$$$$$$$$$$$$$$$$$$$$$$$$$$$$$
Calling Z3str3

Returned solutions: 
(define-fun string0 () String  "&A<&")
*************************************
Satisfiable: true
string0 => "&A<&"
*************************************


====================================================== search constraint
depth limit reached: 13

====================================================== snapshot 
thread java.lang.Thread:{id:0,name:main,status:RUNNING,priority:5,isDaemon:false,lockCount:0,suspendCount:0}
  call stack:
	at mockx.servlet.http.HttpServletResponse.checkNoSymbolic(HttpServletResponse.java:37)
	at mockx.servlet.http.HttpServletResponse.access$000(HttpServletResponse.java:12)
	at mockx.servlet.http.HttpServletResponse$1.println(HttpServletResponse.java:22)
	at securibench.micro.sanitizers.Sanitizers4.doGet(Sanitizers4.java:37)
	at Main.main(Main.java:23)

$$$$$$$$$$$$$$$$$$$$$$$$$$$$$$$$
Calling Z3str3

*************************************
Satisfiable: false
*************************************

$$$$$$$$$$$$$$$$$$$$$$$$$$$$$$$$
Calling Z3str3

Returned solutions: 
(define-fun string0 () String  "&ABC")
*************************************
Satisfiable: true
string0 => "&ABC"
*************************************

$$$$$$$$$$$$$$$$$$$$$$$$$$$$$$$$
Calling Z3str3

Returned solutions: 
(define-fun string0 () String  "&ABC")
*************************************
Satisfiable: true
string0 => "&ABC"
*************************************

$$$$$$$$$$$$$$$$$$$$$$$$$$$$$$$$
Calling Z3str3

Returned solutions: 
(define-fun string0 () String  "&ABCDE")
*************************************
Satisfiable: true
string0 => "&ABCDE"
*************************************

$$$$$$$$$$$$$$$$$$$$$$$$$$$$$$$$
Calling Z3str3

Returned solutions: 
(define-fun string0 () String  "&ABC&")
*************************************
Satisfiable: true
string0 => "&ABC&"
*************************************

$$$$$$$$$$$$$$$$$$$$$$$$$$$$$$$$
Calling Z3str3

Returned solutions: 
(define-fun string0 () String  "&ABC&")
*************************************
Satisfiable: true
string0 => "&ABC&"
*************************************

$$$$$$$$$$$$$$$$$$$$$$$$$$$$$$$$
Calling Z3str3

Returned solutions: 
(define-fun string0 () String  "&ABC&D")
*************************************
Satisfiable: true
string0 => "&ABC&D"
*************************************

$$$$$$$$$$$$$$$$$$$$$$$$$$$$$$$$
Calling Z3str3

Returned solutions: 
(define-fun string0 () String  "&ABC&&")
*************************************
Satisfiable: true
string0 => "&ABC&&"
*************************************

$$$$$$$$$$$$$$$$$$$$$$$$$$$$$$$$
Calling Z3str3

Returned solutions: 
(define-fun string0 () String  "&ABC&&")
*************************************
Satisfiable: true
string0 => "&ABC&&"
*************************************

$$$$$$$$$$$$$$$$$$$$$$$$$$$$$$$$
Calling Z3str3

Returned solutions: 
(define-fun string0 () String  "&ABC&&D")
*************************************
Satisfiable: true
string0 => "&ABC&&D"
*************************************


====================================================== search constraint
depth limit reached: 13

====================================================== snapshot 
thread java.lang.Thread:{id:0,name:main,status:RUNNING,priority:5,isDaemon:false,lockCount:0,suspendCount:0}
  call stack:
	at securibench.micro.sanitizers.Sanitizers4.clean(Sanitizers4.java:43)
	at securibench.micro.sanitizers.Sanitizers4.doGet(Sanitizers4.java:31)
	at Main.main(Main.java:23)

$$$$$$$$$$$$$$$$$$$$$$$$$$$$$$$$
Calling Z3str3

Returned solutions: 
(define-fun string0 () String  "&ABC&D")
*************************************
Satisfiable: true
string0 => "&ABC&D"
*************************************

$$$$$$$$$$$$$$$$$$$$$$$$$$$$$$$$
Calling Z3str3

Returned solutions: 
(define-fun string0 () String  "&ABC&D")
*************************************
Satisfiable: true
string0 => "&ABC&D"
*************************************

$$$$$$$$$$$$$$$$$$$$$$$$$$$$$$$$
Calling Z3str3

Returned solutions: 
(define-fun string0 () String  "&ABC&DE")
*************************************
Satisfiable: true
string0 => "&ABC&DE"
*************************************


====================================================== search constraint
depth limit reached: 13

====================================================== snapshot 
thread java.lang.Thread:{id:0,name:main,status:RUNNING,priority:5,isDaemon:false,lockCount:0,suspendCount:0}
  call stack:
	at securibench.micro.sanitizers.Sanitizers4.clean(Sanitizers4.java:43)
	at securibench.micro.sanitizers.Sanitizers4.doGet(Sanitizers4.java:31)
	at Main.main(Main.java:23)

$$$$$$$$$$$$$$$$$$$$$$$$$$$$$$$$
Calling Z3str3

*************************************
Satisfiable: false
*************************************


====================================================== search constraint
depth limit reached: 13

====================================================== snapshot 
thread java.lang.Thread:{id:0,name:main,status:RUNNING,priority:5,isDaemon:false,lockCount:0,suspendCount:0}
  call stack:
	at mockx.servlet.http.HttpServletResponse.checkNoSymbolic(HttpServletResponse.java:40)
	at mockx.servlet.http.HttpServletResponse.access$000(HttpServletResponse.java:12)
	at mockx.servlet.http.HttpServletResponse$1.println(HttpServletResponse.java:22)
	at securibench.micro.sanitizers.Sanitizers4.doGet(Sanitizers4.java:36)
	at Main.main(Main.java:23)

$$$$$$$$$$$$$$$$$$$$$$$$$$$$$$$$
Calling Z3str3

Returned solutions: 
(define-fun string0 () String  "&ABC&")
*************************************
Satisfiable: true
string0 => "&ABC&"
*************************************


====================================================== search constraint
depth limit reached: 13

====================================================== snapshot 
thread java.lang.Thread:{id:0,name:main,status:RUNNING,priority:5,isDaemon:false,lockCount:0,suspendCount:0}
  call stack:
	at mockx.servlet.http.HttpServletResponse.checkNoSymbolic(HttpServletResponse.java:37)
	at mockx.servlet.http.HttpServletResponse.access$000(HttpServletResponse.java:12)
	at mockx.servlet.http.HttpServletResponse$1.println(HttpServletResponse.java:22)
	at securibench.micro.sanitizers.Sanitizers4.doGet(Sanitizers4.java:36)
	at Main.main(Main.java:23)

$$$$$$$$$$$$$$$$$$$$$$$$$$$$$$$$
Calling Z3str3

Returned solutions: 
(define-fun string0 () String  "&ABCD")
*************************************
Satisfiable: true
string0 => "&ABCD"
*************************************

$$$$$$$$$$$$$$$$$$$$$$$$$$$$$$$$
Calling Z3str3

Returned solutions: 
(define-fun string0 () String  "&ABCD")
*************************************
Satisfiable: true
string0 => "&ABCD"
*************************************

$$$$$$$$$$$$$$$$$$$$$$$$$$$$$$$$
Calling Z3str3

Returned solutions: 
(define-fun string0 () String  "&ABCDE")
*************************************
Satisfiable: true
string0 => "&ABCDE"
*************************************

$$$$$$$$$$$$$$$$$$$$$$$$$$$$$$$$
Calling Z3str3

Returned solutions: 
(define-fun string0 () String  "&ABCD&")
*************************************
Satisfiable: true
string0 => "&ABCD&"
*************************************

$$$$$$$$$$$$$$$$$$$$$$$$$$$$$$$$
Calling Z3str3

Returned solutions: 
(define-fun string0 () String  "&ABCD&")
*************************************
Satisfiable: true
string0 => "&ABCD&"
*************************************

$$$$$$$$$$$$$$$$$$$$$$$$$$$$$$$$
Calling Z3str3

Returned solutions: 
(define-fun string0 () String  "&ABCD&E")
*************************************
Satisfiable: true
string0 => "&ABCD&E"
*************************************


====================================================== search constraint
depth limit reached: 13

====================================================== snapshot 
thread java.lang.Thread:{id:0,name:main,status:RUNNING,priority:5,isDaemon:false,lockCount:0,suspendCount:0}
  call stack:
	at securibench.micro.sanitizers.Sanitizers4.clean(Sanitizers4.java:43)
	at securibench.micro.sanitizers.Sanitizers4.doGet(Sanitizers4.java:31)
	at Main.main(Main.java:23)

$$$$$$$$$$$$$$$$$$$$$$$$$$$$$$$$
Calling Z3str3

Returned solutions: 
(define-fun string0 () String  "&ABCDE")
*************************************
Satisfiable: true
string0 => "&ABCDE"
*************************************

$$$$$$$$$$$$$$$$$$$$$$$$$$$$$$$$
Calling Z3str3

Returned solutions: 
(define-fun string0 () String  "&ABCDE")
*************************************
Satisfiable: true
string0 => "&ABCDE"
*************************************

$$$$$$$$$$$$$$$$$$$$$$$$$$$$$$$$
Calling Z3str3

Returned solutions: 
(define-fun string0 () String  "&ABCDEF")
*************************************
Satisfiable: true
string0 => "&ABCDEF"
*************************************


====================================================== search constraint
depth limit reached: 13

====================================================== snapshot 
thread java.lang.Thread:{id:0,name:main,status:RUNNING,priority:5,isDaemon:false,lockCount:0,suspendCount:0}
  call stack:
	at securibench.micro.sanitizers.Sanitizers4.clean(Sanitizers4.java:43)
	at securibench.micro.sanitizers.Sanitizers4.doGet(Sanitizers4.java:31)
	at Main.main(Main.java:23)

$$$$$$$$$$$$$$$$$$$$$$$$$$$$$$$$
Calling Z3str3

*************************************
Satisfiable: false
*************************************


====================================================== search constraint
depth limit reached: 13

====================================================== snapshot 
thread java.lang.Thread:{id:0,name:main,status:RUNNING,priority:5,isDaemon:false,lockCount:0,suspendCount:0}
  call stack:
	at mockx.servlet.http.HttpServletResponse.checkNoSymbolic(HttpServletResponse.java:40)
	at mockx.servlet.http.HttpServletResponse.access$000(HttpServletResponse.java:12)
	at mockx.servlet.http.HttpServletResponse$1.println(HttpServletResponse.java:22)
	at securibench.micro.sanitizers.Sanitizers4.doGet(Sanitizers4.java:36)
	at Main.main(Main.java:23)

$$$$$$$$$$$$$$$$$$$$$$$$$$$$$$$$
Calling Z3str3

Returned solutions: 
(define-fun string0 () String  "&ABCD")
*************************************
Satisfiable: true
string0 => "&ABCD"
*************************************


====================================================== search constraint
depth limit reached: 13

====================================================== snapshot 
thread java.lang.Thread:{id:0,name:main,status:RUNNING,priority:5,isDaemon:false,lockCount:0,suspendCount:0}
  call stack:
	at mockx.servlet.http.HttpServletResponse.checkNoSymbolic(HttpServletResponse.java:37)
	at mockx.servlet.http.HttpServletResponse.access$000(HttpServletResponse.java:12)
	at mockx.servlet.http.HttpServletResponse$1.println(HttpServletResponse.java:22)
	at securibench.micro.sanitizers.Sanitizers4.doGet(Sanitizers4.java:36)
	at Main.main(Main.java:23)

$$$$$$$$$$$$$$$$$$$$$$$$$$$$$$$$
Calling Z3str3

*************************************
Satisfiable: false
*************************************

$$$$$$$$$$$$$$$$$$$$$$$$$$$$$$$$
Calling Z3str3

Returned solutions: 
(define-fun string0 () String  "&ABC")
*************************************
Satisfiable: true
string0 => "&ABC"
*************************************

$$$$$$$$$$$$$$$$$$$$$$$$$$$$$$$$
Calling Z3str3

Returned solutions: 
(define-fun string0 () String  "&<ba")
*************************************
Satisfiable: true
string0 => "&<ba"
*************************************

$$$$$$$$$$$$$$$$$$$$$$$$$$$$$$$$
Calling Z3str3

*************************************
Satisfiable: false
*************************************


====================================================== search constraint
depth limit reached: 13

====================================================== snapshot 
thread java.lang.Thread:{id:0,name:main,status:RUNNING,priority:5,isDaemon:false,lockCount:0,suspendCount:0}
  call stack:
	at mockx.servlet.http.HttpServletResponse.checkNoSymbolic(HttpServletResponse.java:40)
	at mockx.servlet.http.HttpServletResponse.access$000(HttpServletResponse.java:12)
	at mockx.servlet.http.HttpServletResponse$1.println(HttpServletResponse.java:22)
	at securibench.micro.sanitizers.Sanitizers4.doGet(Sanitizers4.java:37)
	at Main.main(Main.java:23)

$$$$$$$$$$$$$$$$$$$$$$$$$$$$$$$$
Calling Z3str3

Returned solutions: 
(define-fun string0 () String  "&A<b")
*************************************
Satisfiable: true
string0 => "&A<b"
*************************************


====================================================== search constraint
depth limit reached: 13

====================================================== snapshot 
thread java.lang.Thread:{id:0,name:main,status:RUNNING,priority:5,isDaemon:false,lockCount:0,suspendCount:0}
  call stack:
	at mockx.servlet.http.HttpServletResponse.checkNoSymbolic(HttpServletResponse.java:37)
	at mockx.servlet.http.HttpServletResponse.access$000(HttpServletResponse.java:12)
	at mockx.servlet.http.HttpServletResponse$1.println(HttpServletResponse.java:22)
	at securibench.micro.sanitizers.Sanitizers4.doGet(Sanitizers4.java:37)
	at Main.main(Main.java:23)

$$$$$$$$$$$$$$$$$$$$$$$$$$$$$$$$
Calling Z3str3

*************************************
Satisfiable: false
*************************************

$$$$$$$$$$$$$$$$$$$$$$$$$$$$$$$$
Calling Z3str3

*************************************
Satisfiable: false
*************************************

$$$$$$$$$$$$$$$$$$$$$$$$$$$$$$$$
Calling Z3str3

Returned solutions: 
(define-fun string0 () String  "&AB")
*************************************
Satisfiable: true
string0 => "&AB"
*************************************

$$$$$$$$$$$$$$$$$$$$$$$$$$$$$$$$
Calling Z3str3

Returned solutions: 
(define-fun string0 () String  "&<b")
*************************************
Satisfiable: true
string0 => "&<b"
*************************************

$$$$$$$$$$$$$$$$$$$$$$$$$$$$$$$$
Calling Z3str3

*************************************
Satisfiable: false
*************************************

$$$$$$$$$$$$$$$$$$$$$$$$$$$$$$$$
Calling Z3str3

Returned solutions: 
(define-fun string0 () String  "&AC")
*************************************
Satisfiable: true
string0 => "&AC"
*************************************

$$$$$$$$$$$$$$$$$$$$$$$$$$$$$$$$
Calling Z3str3

Returned solutions: 
(define-fun string0 () String  "&DE")
*************************************
Satisfiable: true
string0 => "&DE"
*************************************

$$$$$$$$$$$$$$$$$$$$$$$$$$$$$$$$
Calling Z3str3

*************************************
Satisfiable: false
*************************************

$$$$$$$$$$$$$$$$$$$$$$$$$$$$$$$$
Calling Z3str3

*************************************
Satisfiable: false
*************************************

$$$$$$$$$$$$$$$$$$$$$$$$$$$$$$$$
Calling Z3str3

*************************************
Satisfiable: false
*************************************

$$$$$$$$$$$$$$$$$$$$$$$$$$$$$$$$
Calling Z3str3

Returned solutions: 
(define-fun string0 () String  "&A")
*************************************
Satisfiable: true
string0 => "&A"
*************************************

$$$$$$$$$$$$$$$$$$$$$$$$$$$$$$$$
Calling Z3str3

Returned solutions: 
(define-fun string0 () String  "&<")
*************************************
Satisfiable: true
string0 => "&<"
*************************************

$$$$$$$$$$$$$$$$$$$$$$$$$$$$$$$$
Calling Z3str3

*************************************
Satisfiable: false
*************************************

$$$$$$$$$$$$$$$$$$$$$$$$$$$$$$$$
Calling Z3str3

Returned solutions: 
(define-fun string0 () String  "&<")
*************************************
Satisfiable: true
string0 => "&<"
*************************************

$$$$$$$$$$$$$$$$$$$$$$$$$$$$$$$$
Calling Z3str3

Returned solutions: 
(define-fun string0 () String  "&F")
*************************************
Satisfiable: true
string0 => "&F"
*************************************

$$$$$$$$$$$$$$$$$$$$$$$$$$$$$$$$
Calling Z3str3

*************************************
Satisfiable: false
*************************************

$$$$$$$$$$$$$$$$$$$$$$$$$$$$$$$$
Calling Z3str3

*************************************
Satisfiable: false
*************************************

$$$$$$$$$$$$$$$$$$$$$$$$$$$$$$$$
Calling Z3str3

*************************************
Satisfiable: false
*************************************

$$$$$$$$$$$$$$$$$$$$$$$$$$$$$$$$
Calling Z3str3

Returned solutions: 
(define-fun string0 () String  "&")
*************************************
Satisfiable: true
string0 => "&"
*************************************

$$$$$$$$$$$$$$$$$$$$$$$$$$$$$$$$
Calling Z3str3

Returned solutions: 
(define-fun string0 () String  "&")
*************************************
Satisfiable: true
string0 => "&"
*************************************

$$$$$$$$$$$$$$$$$$$$$$$$$$$$$$$$
Calling Z3str3

*************************************
Satisfiable: false
*************************************

$$$$$$$$$$$$$$$$$$$$$$$$$$$$$$$$
Calling Z3str3

Returned solutions: 
(define-fun string0 () String  "&")
*************************************
Satisfiable: true
string0 => "&"
*************************************

$$$$$$$$$$$$$$$$$$$$$$$$$$$$$$$$
Calling Z3str3

Returned solutions: 
(define-fun string0 () String  "&")
*************************************
Satisfiable: true
string0 => "&"
*************************************

$$$$$$$$$$$$$$$$$$$$$$$$$$$$$$$$
Calling Z3str3

*************************************
Satisfiable: false
*************************************

$$$$$$$$$$$$$$$$$$$$$$$$$$$$$$$$
Calling Z3str3

*************************************
Satisfiable: false
*************************************

$$$$$$$$$$$$$$$$$$$$$$$$$$$$$$$$
Calling Z3str3

Returned solutions: 
(define-fun string0 () String  "A")
*************************************
Satisfiable: true
string0 => "A"
*************************************

$$$$$$$$$$$$$$$$$$$$$$$$$$$$$$$$
Calling Z3str3

Returned solutions: 
(define-fun string0 () String  "A")
*************************************
Satisfiable: true
string0 => "A"
*************************************

$$$$$$$$$$$$$$$$$$$$$$$$$$$$$$$$
Calling Z3str3

Returned solutions: 
(define-fun string0 () String  "AB")
*************************************
Satisfiable: true
string0 => "AB"
*************************************

$$$$$$$$$$$$$$$$$$$$$$$$$$$$$$$$
Calling Z3str3

Returned solutions: 
(define-fun string0 () String  "A&")
*************************************
Satisfiable: true
string0 => "A&"
*************************************

$$$$$$$$$$$$$$$$$$$$$$$$$$$$$$$$
Calling Z3str3

Returned solutions: 
(define-fun string0 () String  "A&")
*************************************
Satisfiable: true
string0 => "A&"
*************************************

$$$$$$$$$$$$$$$$$$$$$$$$$$$$$$$$
Calling Z3str3

Returned solutions: 
(define-fun string0 () String  "A&B")
*************************************
Satisfiable: true
string0 => "A&B"
*************************************

$$$$$$$$$$$$$$$$$$$$$$$$$$$$$$$$
Calling Z3str3

Returned solutions: 
(define-fun string0 () String  "A&&")
*************************************
Satisfiable: true
string0 => "A&&"
*************************************

$$$$$$$$$$$$$$$$$$$$$$$$$$$$$$$$
Calling Z3str3

Returned solutions: 
(define-fun string0 () String  "A&&")
*************************************
Satisfiable: true
string0 => "A&&"
*************************************

$$$$$$$$$$$$$$$$$$$$$$$$$$$$$$$$
Calling Z3str3

Returned solutions: 
(define-fun string0 () String  "A&&B")
*************************************
Satisfiable: true
string0 => "A&&B"
*************************************

$$$$$$$$$$$$$$$$$$$$$$$$$$$$$$$$
Calling Z3str3

Returned solutions: 
(define-fun string0 () String  "A&&&")
*************************************
Satisfiable: true
string0 => "A&&&"
*************************************

$$$$$$$$$$$$$$$$$$$$$$$$$$$$$$$$
Calling Z3str3

Returned solutions: 
(define-fun string0 () String  "A&&&")
*************************************
Satisfiable: true
string0 => "A&&&"
*************************************

$$$$$$$$$$$$$$$$$$$$$$$$$$$$$$$$
Calling Z3str3

Returned solutions: 
(define-fun string0 () String  "A&&&B")
*************************************
Satisfiable: true
string0 => "A&&&B"
*************************************

$$$$$$$$$$$$$$$$$$$$$$$$$$$$$$$$
Calling Z3str3

Returned solutions: 
(define-fun string0 () String  "A&&&&")
*************************************
Satisfiable: true
string0 => "A&&&&"
*************************************

$$$$$$$$$$$$$$$$$$$$$$$$$$$$$$$$
Calling Z3str3

Returned solutions: 
(define-fun string0 () String  "A&&&&")
*************************************
Satisfiable: true
string0 => "A&&&&"
*************************************

$$$$$$$$$$$$$$$$$$$$$$$$$$$$$$$$
Calling Z3str3

Returned solutions: 
(define-fun string0 () String  "A&&&&B")
*************************************
Satisfiable: true
string0 => "A&&&&B"
*************************************

$$$$$$$$$$$$$$$$$$$$$$$$$$$$$$$$
Calling Z3str3

Returned solutions: 
(define-fun string0 () String  "A&&&&&")
*************************************
Satisfiable: true
string0 => "A&&&&&"
*************************************

$$$$$$$$$$$$$$$$$$$$$$$$$$$$$$$$
Calling Z3str3

Returned solutions: 
(define-fun string0 () String  "A&&&&&")
*************************************
Satisfiable: true
string0 => "A&&&&&"
*************************************

$$$$$$$$$$$$$$$$$$$$$$$$$$$$$$$$
Calling Z3str3

Returned solutions: 
(define-fun string0 () String  "A&&&&&B")
*************************************
Satisfiable: true
string0 => "A&&&&&B"
*************************************


====================================================== search constraint
depth limit reached: 13

====================================================== snapshot 
thread java.lang.Thread:{id:0,name:main,status:RUNNING,priority:5,isDaemon:false,lockCount:0,suspendCount:0}
  call stack:
	at securibench.micro.sanitizers.Sanitizers4.clean(Sanitizers4.java:43)
	at securibench.micro.sanitizers.Sanitizers4.doGet(Sanitizers4.java:31)
	at Main.main(Main.java:23)

$$$$$$$$$$$$$$$$$$$$$$$$$$$$$$$$
Calling Z3str3

Returned solutions: 
(define-fun string0 () String  "A&&&&B")
*************************************
Satisfiable: true
string0 => "A&&&&B"
*************************************

$$$$$$$$$$$$$$$$$$$$$$$$$$$$$$$$
Calling Z3str3

Returned solutions: 
(define-fun string0 () String  "A&&&&B")
*************************************
Satisfiable: true
string0 => "A&&&&B"
*************************************

$$$$$$$$$$$$$$$$$$$$$$$$$$$$$$$$
Calling Z3str3

Returned solutions: 
(define-fun string0 () String  "A&&&&BC")
*************************************
Satisfiable: true
string0 => "A&&&&BC"
*************************************


====================================================== search constraint
depth limit reached: 13

====================================================== snapshot 
thread java.lang.Thread:{id:0,name:main,status:RUNNING,priority:5,isDaemon:false,lockCount:0,suspendCount:0}
  call stack:
	at securibench.micro.sanitizers.Sanitizers4.clean(Sanitizers4.java:43)
	at securibench.micro.sanitizers.Sanitizers4.doGet(Sanitizers4.java:31)
	at Main.main(Main.java:23)

$$$$$$$$$$$$$$$$$$$$$$$$$$$$$$$$
Calling Z3str3

*************************************
Satisfiable: false
*************************************


====================================================== search constraint
depth limit reached: 13

====================================================== snapshot 
thread java.lang.Thread:{id:0,name:main,status:RUNNING,priority:5,isDaemon:false,lockCount:0,suspendCount:0}
  call stack:
	at mockx.servlet.http.HttpServletResponse.checkNoSymbolic(HttpServletResponse.java:40)
	at mockx.servlet.http.HttpServletResponse.access$000(HttpServletResponse.java:12)
	at mockx.servlet.http.HttpServletResponse$1.println(HttpServletResponse.java:22)
	at securibench.micro.sanitizers.Sanitizers4.doGet(Sanitizers4.java:36)
	at Main.main(Main.java:23)

$$$$$$$$$$$$$$$$$$$$$$$$$$$$$$$$
Calling Z3str3

Returned solutions: 
(define-fun string0 () String  "A&&&&")
*************************************
Satisfiable: true
string0 => "A&&&&"
*************************************


====================================================== search constraint
depth limit reached: 13

====================================================== snapshot 
thread java.lang.Thread:{id:0,name:main,status:RUNNING,priority:5,isDaemon:false,lockCount:0,suspendCount:0}
  call stack:
	at mockx.servlet.http.HttpServletResponse.checkNoSymbolic(HttpServletResponse.java:37)
	at mockx.servlet.http.HttpServletResponse.access$000(HttpServletResponse.java:12)
	at mockx.servlet.http.HttpServletResponse$1.println(HttpServletResponse.java:22)
	at securibench.micro.sanitizers.Sanitizers4.doGet(Sanitizers4.java:36)
	at Main.main(Main.java:23)

$$$$$$$$$$$$$$$$$$$$$$$$$$$$$$$$
Calling Z3str3

Returned solutions: 
(define-fun string0 () String  "A&&&B")
*************************************
Satisfiable: true
string0 => "A&&&B"
*************************************

$$$$$$$$$$$$$$$$$$$$$$$$$$$$$$$$
Calling Z3str3

Returned solutions: 
(define-fun string0 () String  "A&&&B")
*************************************
Satisfiable: true
string0 => "A&&&B"
*************************************

$$$$$$$$$$$$$$$$$$$$$$$$$$$$$$$$
Calling Z3str3

Returned solutions: 
(define-fun string0 () String  "A&&&BC")
*************************************
Satisfiable: true
string0 => "A&&&BC"
*************************************

$$$$$$$$$$$$$$$$$$$$$$$$$$$$$$$$
Calling Z3str3

Returned solutions: 
(define-fun string0 () String  "A&&&B&")
*************************************
Satisfiable: true
string0 => "A&&&B&"
*************************************

$$$$$$$$$$$$$$$$$$$$$$$$$$$$$$$$
Calling Z3str3

Returned solutions: 
(define-fun string0 () String  "A&&&B&")
*************************************
Satisfiable: true
string0 => "A&&&B&"
*************************************

$$$$$$$$$$$$$$$$$$$$$$$$$$$$$$$$
Calling Z3str3

Returned solutions: 
(define-fun string0 () String  "A&&&B&C")
*************************************
Satisfiable: true
string0 => "A&&&B&C"
*************************************


====================================================== search constraint
depth limit reached: 13

====================================================== snapshot 
thread java.lang.Thread:{id:0,name:main,status:RUNNING,priority:5,isDaemon:false,lockCount:0,suspendCount:0}
  call stack:
	at securibench.micro.sanitizers.Sanitizers4.clean(Sanitizers4.java:43)
	at securibench.micro.sanitizers.Sanitizers4.doGet(Sanitizers4.java:31)
	at Main.main(Main.java:23)

$$$$$$$$$$$$$$$$$$$$$$$$$$$$$$$$
Calling Z3str3

Returned solutions: 
(define-fun string0 () String  "A&&&BC")
*************************************
Satisfiable: true
string0 => "A&&&BC"
*************************************

$$$$$$$$$$$$$$$$$$$$$$$$$$$$$$$$
Calling Z3str3

Returned solutions: 
(define-fun string0 () String  "A&&&BC")
*************************************
Satisfiable: true
string0 => "A&&&BC"
*************************************

$$$$$$$$$$$$$$$$$$$$$$$$$$$$$$$$
Calling Z3str3

Returned solutions: 
(define-fun string0 () String  "A&&&BCD")
*************************************
Satisfiable: true
string0 => "A&&&BCD"
*************************************


====================================================== search constraint
depth limit reached: 13

====================================================== snapshot 
thread java.lang.Thread:{id:0,name:main,status:RUNNING,priority:5,isDaemon:false,lockCount:0,suspendCount:0}
  call stack:
	at securibench.micro.sanitizers.Sanitizers4.clean(Sanitizers4.java:43)
	at securibench.micro.sanitizers.Sanitizers4.doGet(Sanitizers4.java:31)
	at Main.main(Main.java:23)

$$$$$$$$$$$$$$$$$$$$$$$$$$$$$$$$
Calling Z3str3

*************************************
Satisfiable: false
*************************************


====================================================== search constraint
depth limit reached: 13

====================================================== snapshot 
thread java.lang.Thread:{id:0,name:main,status:RUNNING,priority:5,isDaemon:false,lockCount:0,suspendCount:0}
  call stack:
	at mockx.servlet.http.HttpServletResponse.checkNoSymbolic(HttpServletResponse.java:40)
	at mockx.servlet.http.HttpServletResponse.access$000(HttpServletResponse.java:12)
	at mockx.servlet.http.HttpServletResponse$1.println(HttpServletResponse.java:22)
	at securibench.micro.sanitizers.Sanitizers4.doGet(Sanitizers4.java:36)
	at Main.main(Main.java:23)

$$$$$$$$$$$$$$$$$$$$$$$$$$$$$$$$
Calling Z3str3

Returned solutions: 
(define-fun string0 () String  "A&&&B")
*************************************
Satisfiable: true
string0 => "A&&&B"
*************************************


====================================================== search constraint
depth limit reached: 13

====================================================== snapshot 
thread java.lang.Thread:{id:0,name:main,status:RUNNING,priority:5,isDaemon:false,lockCount:0,suspendCount:0}
  call stack:
	at mockx.servlet.http.HttpServletResponse.checkNoSymbolic(HttpServletResponse.java:37)
	at mockx.servlet.http.HttpServletResponse.access$000(HttpServletResponse.java:12)
	at mockx.servlet.http.HttpServletResponse$1.println(HttpServletResponse.java:22)
	at securibench.micro.sanitizers.Sanitizers4.doGet(Sanitizers4.java:36)
	at Main.main(Main.java:23)

$$$$$$$$$$$$$$$$$$$$$$$$$$$$$$$$
Calling Z3str3

*************************************
Satisfiable: false
*************************************

$$$$$$$$$$$$$$$$$$$$$$$$$$$$$$$$
Calling Z3str3

Returned solutions: 
(define-fun string0 () String  "A&&&")
*************************************
Satisfiable: true
string0 => "A&&&"
*************************************

$$$$$$$$$$$$$$$$$$$$$$$$$$$$$$$$
Calling Z3str3

Returned solutions: 
(define-fun string0 () String  "<&&&")
*************************************
Satisfiable: true
string0 => "<&&&"
*************************************

$$$$$$$$$$$$$$$$$$$$$$$$$$$$$$$$
Calling Z3str3

*************************************
Satisfiable: false
*************************************


====================================================== search constraint
depth limit reached: 13

====================================================== snapshot 
thread java.lang.Thread:{id:0,name:main,status:RUNNING,priority:5,isDaemon:false,lockCount:0,suspendCount:0}
  call stack:
	at mockx.servlet.http.HttpServletResponse.checkNoSymbolic(HttpServletResponse.java:40)
	at mockx.servlet.http.HttpServletResponse.access$000(HttpServletResponse.java:12)
	at mockx.servlet.http.HttpServletResponse$1.println(HttpServletResponse.java:22)
	at securibench.micro.sanitizers.Sanitizers4.doGet(Sanitizers4.java:37)
	at Main.main(Main.java:23)

$$$$$$$$$$$$$$$$$$$$$$$$$$$$$$$$
Calling Z3str3

Returned solutions: 
(define-fun string0 () String  "<&&&")
*************************************
Satisfiable: true
string0 => "<&&&"
*************************************


====================================================== search constraint
depth limit reached: 13

====================================================== snapshot 
thread java.lang.Thread:{id:0,name:main,status:RUNNING,priority:5,isDaemon:false,lockCount:0,suspendCount:0}
  call stack:
	at mockx.servlet.http.HttpServletResponse.checkNoSymbolic(HttpServletResponse.java:37)
	at mockx.servlet.http.HttpServletResponse.access$000(HttpServletResponse.java:12)
	at mockx.servlet.http.HttpServletResponse$1.println(HttpServletResponse.java:22)
	at securibench.micro.sanitizers.Sanitizers4.doGet(Sanitizers4.java:37)
	at Main.main(Main.java:23)

$$$$$$$$$$$$$$$$$$$$$$$$$$$$$$$$
Calling Z3str3

*************************************
Satisfiable: false
*************************************

$$$$$$$$$$$$$$$$$$$$$$$$$$$$$$$$
Calling Z3str3

Returned solutions: 
(define-fun string0 () String  "A&&B")
*************************************
Satisfiable: true
string0 => "A&&B"
*************************************

$$$$$$$$$$$$$$$$$$$$$$$$$$$$$$$$
Calling Z3str3

Returned solutions: 
(define-fun string0 () String  "A&&B")
*************************************
Satisfiable: true
string0 => "A&&B"
*************************************

$$$$$$$$$$$$$$$$$$$$$$$$$$$$$$$$
Calling Z3str3

Returned solutions: 
(define-fun string0 () String  "A&&BCD")
*************************************
Satisfiable: true
string0 => "A&&BCD"
*************************************

$$$$$$$$$$$$$$$$$$$$$$$$$$$$$$$$
Calling Z3str3

Returned solutions: 
(define-fun string0 () String  "A&&B&")
*************************************
Satisfiable: true
string0 => "A&&B&"
*************************************

$$$$$$$$$$$$$$$$$$$$$$$$$$$$$$$$
Calling Z3str3

Returned solutions: 
(define-fun string0 () String  "A&&B&")
*************************************
Satisfiable: true
string0 => "A&&B&"
*************************************

$$$$$$$$$$$$$$$$$$$$$$$$$$$$$$$$
Calling Z3str3

Returned solutions: 
(define-fun string0 () String  "A&&B&C")
*************************************
Satisfiable: true
string0 => "A&&B&C"
*************************************

$$$$$$$$$$$$$$$$$$$$$$$$$$$$$$$$
Calling Z3str3

Returned solutions: 
(define-fun string0 () String  "A&&B&&")
*************************************
Satisfiable: true
string0 => "A&&B&&"
*************************************

$$$$$$$$$$$$$$$$$$$$$$$$$$$$$$$$
Calling Z3str3

Returned solutions: 
(define-fun string0 () String  "A&&B&&")
*************************************
Satisfiable: true
string0 => "A&&B&&"
*************************************

$$$$$$$$$$$$$$$$$$$$$$$$$$$$$$$$
Calling Z3str3

Returned solutions: 
(define-fun string0 () String  "A&&B&&C")
*************************************
Satisfiable: true
string0 => "A&&B&&C"
*************************************


====================================================== search constraint
depth limit reached: 13

====================================================== snapshot 
thread java.lang.Thread:{id:0,name:main,status:RUNNING,priority:5,isDaemon:false,lockCount:0,suspendCount:0}
  call stack:
	at securibench.micro.sanitizers.Sanitizers4.clean(Sanitizers4.java:43)
	at securibench.micro.sanitizers.Sanitizers4.doGet(Sanitizers4.java:31)
	at Main.main(Main.java:23)

$$$$$$$$$$$$$$$$$$$$$$$$$$$$$$$$
Calling Z3str3

Returned solutions: 
(define-fun string0 () String  "A&&B&C")
*************************************
Satisfiable: true
string0 => "A&&B&C"
*************************************

$$$$$$$$$$$$$$$$$$$$$$$$$$$$$$$$
Calling Z3str3

Returned solutions: 
(define-fun string0 () String  "A&&B&C")
*************************************
Satisfiable: true
string0 => "A&&B&C"
*************************************

$$$$$$$$$$$$$$$$$$$$$$$$$$$$$$$$
Calling Z3str3

Returned solutions: 
(define-fun string0 () String  "A&&B&CD")
*************************************
Satisfiable: true
string0 => "A&&B&CD"
*************************************


====================================================== search constraint
depth limit reached: 13

====================================================== snapshot 
thread java.lang.Thread:{id:0,name:main,status:RUNNING,priority:5,isDaemon:false,lockCount:0,suspendCount:0}
  call stack:
	at securibench.micro.sanitizers.Sanitizers4.clean(Sanitizers4.java:43)
	at securibench.micro.sanitizers.Sanitizers4.doGet(Sanitizers4.java:31)
	at Main.main(Main.java:23)

$$$$$$$$$$$$$$$$$$$$$$$$$$$$$$$$
Calling Z3str3

*************************************
Satisfiable: false
*************************************


====================================================== search constraint
depth limit reached: 13

====================================================== snapshot 
thread java.lang.Thread:{id:0,name:main,status:RUNNING,priority:5,isDaemon:false,lockCount:0,suspendCount:0}
  call stack:
	at mockx.servlet.http.HttpServletResponse.checkNoSymbolic(HttpServletResponse.java:40)
	at mockx.servlet.http.HttpServletResponse.access$000(HttpServletResponse.java:12)
	at mockx.servlet.http.HttpServletResponse$1.println(HttpServletResponse.java:22)
	at securibench.micro.sanitizers.Sanitizers4.doGet(Sanitizers4.java:36)
	at Main.main(Main.java:23)

$$$$$$$$$$$$$$$$$$$$$$$$$$$$$$$$
Calling Z3str3

Returned solutions: 
(define-fun string0 () String  "A&&B&")
*************************************
Satisfiable: true
string0 => "A&&B&"
*************************************


====================================================== search constraint
depth limit reached: 13

====================================================== snapshot 
thread java.lang.Thread:{id:0,name:main,status:RUNNING,priority:5,isDaemon:false,lockCount:0,suspendCount:0}
  call stack:
	at mockx.servlet.http.HttpServletResponse.checkNoSymbolic(HttpServletResponse.java:37)
	at mockx.servlet.http.HttpServletResponse.access$000(HttpServletResponse.java:12)
	at mockx.servlet.http.HttpServletResponse$1.println(HttpServletResponse.java:22)
	at securibench.micro.sanitizers.Sanitizers4.doGet(Sanitizers4.java:36)
	at Main.main(Main.java:23)

$$$$$$$$$$$$$$$$$$$$$$$$$$$$$$$$
Calling Z3str3

Returned solutions: 
(define-fun string0 () String  "A&&BC")
*************************************
Satisfiable: true
string0 => "A&&BC"
*************************************

$$$$$$$$$$$$$$$$$$$$$$$$$$$$$$$$
Calling Z3str3

Returned solutions: 
(define-fun string0 () String  "A&&BC")
*************************************
Satisfiable: true
string0 => "A&&BC"
*************************************

$$$$$$$$$$$$$$$$$$$$$$$$$$$$$$$$
Calling Z3str3

Returned solutions: 
(define-fun string0 () String  "A&&BCD")
*************************************
Satisfiable: true
string0 => "A&&BCD"
*************************************

$$$$$$$$$$$$$$$$$$$$$$$$$$$$$$$$
Calling Z3str3

Returned solutions: 
(define-fun string0 () String  "A&&BC&")
*************************************
Satisfiable: true
string0 => "A&&BC&"
*************************************

$$$$$$$$$$$$$$$$$$$$$$$$$$$$$$$$
Calling Z3str3

Returned solutions: 
(define-fun string0 () String  "A&&BC&")
*************************************
Satisfiable: true
string0 => "A&&BC&"
*************************************

$$$$$$$$$$$$$$$$$$$$$$$$$$$$$$$$
Calling Z3str3

Returned solutions: 
(define-fun string0 () String  "A&&BC&D")
*************************************
Satisfiable: true
string0 => "A&&BC&D"
*************************************


====================================================== search constraint
depth limit reached: 13

====================================================== snapshot 
thread java.lang.Thread:{id:0,name:main,status:RUNNING,priority:5,isDaemon:false,lockCount:0,suspendCount:0}
  call stack:
	at securibench.micro.sanitizers.Sanitizers4.clean(Sanitizers4.java:43)
	at securibench.micro.sanitizers.Sanitizers4.doGet(Sanitizers4.java:31)
	at Main.main(Main.java:23)

$$$$$$$$$$$$$$$$$$$$$$$$$$$$$$$$
Calling Z3str3

Returned solutions: 
(define-fun string0 () String  "A&&BCD")
*************************************
Satisfiable: true
string0 => "A&&BCD"
*************************************

$$$$$$$$$$$$$$$$$$$$$$$$$$$$$$$$
Calling Z3str3

Returned solutions: 
(define-fun string0 () String  "A&&BCD")
*************************************
Satisfiable: true
string0 => "A&&BCD"
*************************************

$$$$$$$$$$$$$$$$$$$$$$$$$$$$$$$$
Calling Z3str3

Returned solutions: 
(define-fun string0 () String  "A&&BCDE")
*************************************
Satisfiable: true
string0 => "A&&BCDE"
*************************************


====================================================== search constraint
depth limit reached: 13

====================================================== snapshot 
thread java.lang.Thread:{id:0,name:main,status:RUNNING,priority:5,isDaemon:false,lockCount:0,suspendCount:0}
  call stack:
	at securibench.micro.sanitizers.Sanitizers4.clean(Sanitizers4.java:43)
	at securibench.micro.sanitizers.Sanitizers4.doGet(Sanitizers4.java:31)
	at Main.main(Main.java:23)

$$$$$$$$$$$$$$$$$$$$$$$$$$$$$$$$
Calling Z3str3

*************************************
Satisfiable: false
*************************************


====================================================== search constraint
depth limit reached: 13

====================================================== snapshot 
thread java.lang.Thread:{id:0,name:main,status:RUNNING,priority:5,isDaemon:false,lockCount:0,suspendCount:0}
  call stack:
	at mockx.servlet.http.HttpServletResponse.checkNoSymbolic(HttpServletResponse.java:40)
	at mockx.servlet.http.HttpServletResponse.access$000(HttpServletResponse.java:12)
	at mockx.servlet.http.HttpServletResponse$1.println(HttpServletResponse.java:22)
	at securibench.micro.sanitizers.Sanitizers4.doGet(Sanitizers4.java:36)
	at Main.main(Main.java:23)

$$$$$$$$$$$$$$$$$$$$$$$$$$$$$$$$
Calling Z3str3

Returned solutions: 
(define-fun string0 () String  "A&&BC")
*************************************
Satisfiable: true
string0 => "A&&BC"
*************************************


====================================================== search constraint
depth limit reached: 13

====================================================== snapshot 
thread java.lang.Thread:{id:0,name:main,status:RUNNING,priority:5,isDaemon:false,lockCount:0,suspendCount:0}
  call stack:
	at mockx.servlet.http.HttpServletResponse.checkNoSymbolic(HttpServletResponse.java:37)
	at mockx.servlet.http.HttpServletResponse.access$000(HttpServletResponse.java:12)
	at mockx.servlet.http.HttpServletResponse$1.println(HttpServletResponse.java:22)
	at securibench.micro.sanitizers.Sanitizers4.doGet(Sanitizers4.java:36)
	at Main.main(Main.java:23)

$$$$$$$$$$$$$$$$$$$$$$$$$$$$$$$$
Calling Z3str3

*************************************
Satisfiable: false
*************************************

$$$$$$$$$$$$$$$$$$$$$$$$$$$$$$$$
Calling Z3str3

Returned solutions: 
(define-fun string0 () String  "A&&B")
*************************************
Satisfiable: true
string0 => "A&&B"
*************************************

$$$$$$$$$$$$$$$$$$$$$$$$$$$$$$$$
Calling Z3str3

Returned solutions: 
(define-fun string0 () String  "<&&<")
*************************************
Satisfiable: true
string0 => "<&&<"
*************************************

$$$$$$$$$$$$$$$$$$$$$$$$$$$$$$$$
Calling Z3str3

*************************************
Satisfiable: false
*************************************


====================================================== search constraint
depth limit reached: 13

====================================================== snapshot 
thread java.lang.Thread:{id:0,name:main,status:RUNNING,priority:5,isDaemon:false,lockCount:0,suspendCount:0}
  call stack:
	at mockx.servlet.http.HttpServletResponse.checkNoSymbolic(HttpServletResponse.java:40)
	at mockx.servlet.http.HttpServletResponse.access$000(HttpServletResponse.java:12)
	at mockx.servlet.http.HttpServletResponse$1.println(HttpServletResponse.java:22)
	at securibench.micro.sanitizers.Sanitizers4.doGet(Sanitizers4.java:37)
	at Main.main(Main.java:23)

$$$$$$$$$$$$$$$$$$$$$$$$$$$$$$$$
Calling Z3str3

Returned solutions: 
(define-fun string0 () String  "A&&B")
*************************************
Satisfiable: true
string0 => "A&&B"
*************************************


====================================================== search constraint
depth limit reached: 13

====================================================== snapshot 
thread java.lang.Thread:{id:0,name:main,status:RUNNING,priority:5,isDaemon:false,lockCount:0,suspendCount:0}
  call stack:
	at mockx.servlet.http.HttpServletResponse.checkNoSymbolic(HttpServletResponse.java:37)
	at mockx.servlet.http.HttpServletResponse.access$000(HttpServletResponse.java:12)
	at mockx.servlet.http.HttpServletResponse$1.println(HttpServletResponse.java:22)
	at securibench.micro.sanitizers.Sanitizers4.doGet(Sanitizers4.java:37)
	at Main.main(Main.java:23)

$$$$$$$$$$$$$$$$$$$$$$$$$$$$$$$$
Calling Z3str3

*************************************
Satisfiable: false
*************************************

$$$$$$$$$$$$$$$$$$$$$$$$$$$$$$$$
Calling Z3str3

*************************************
Satisfiable: false
*************************************

$$$$$$$$$$$$$$$$$$$$$$$$$$$$$$$$
Calling Z3str3

Returned solutions: 
(define-fun string0 () String  "A&&")
*************************************
Satisfiable: true
string0 => "A&&"
*************************************

$$$$$$$$$$$$$$$$$$$$$$$$$$$$$$$$
Calling Z3str3

Returned solutions: 
(define-fun string0 () String  "A&&")
*************************************
Satisfiable: true
string0 => "A&&"
*************************************

$$$$$$$$$$$$$$$$$$$$$$$$$$$$$$$$
Calling Z3str3

*************************************
Satisfiable: false
*************************************

$$$$$$$$$$$$$$$$$$$$$$$$$$$$$$$$
Calling Z3str3

Returned solutions: 
(define-fun string0 () String  "A&&")
*************************************
Satisfiable: true
string0 => "A&&"
*************************************

$$$$$$$$$$$$$$$$$$$$$$$$$$$$$$$$
Calling Z3str3

Returned solutions: 
(define-fun string0 () String  "<&&")
*************************************
Satisfiable: true
string0 => "<&&"
*************************************

$$$$$$$$$$$$$$$$$$$$$$$$$$$$$$$$
Calling Z3str3

*************************************
Satisfiable: false
*************************************

$$$$$$$$$$$$$$$$$$$$$$$$$$$$$$$$
Calling Z3str3

*************************************
Satisfiable: false
*************************************

$$$$$$$$$$$$$$$$$$$$$$$$$$$$$$$$
Calling Z3str3

Returned solutions: 
(define-fun string0 () String  "A&B")
*************************************
Satisfiable: true
string0 => "A&B"
*************************************

$$$$$$$$$$$$$$$$$$$$$$$$$$$$$$$$
Calling Z3str3

Returned solutions: 
(define-fun string0 () String  "A&B")
*************************************
Satisfiable: true
string0 => "A&B"
*************************************

$$$$$$$$$$$$$$$$$$$$$$$$$$$$$$$$
Calling Z3str3

Returned solutions: 
(define-fun string0 () String  "A&BC")
*************************************
Satisfiable: true
string0 => "A&BC"
*************************************

$$$$$$$$$$$$$$$$$$$$$$$$$$$$$$$$
Calling Z3str3

Returned solutions: 
(define-fun string0 () String  "A&B&")
*************************************
Satisfiable: true
string0 => "A&B&"
*************************************

$$$$$$$$$$$$$$$$$$$$$$$$$$$$$$$$
Calling Z3str3

Returned solutions: 
(define-fun string0 () String  "A&B&")
*************************************
Satisfiable: true
string0 => "A&B&"
*************************************

$$$$$$$$$$$$$$$$$$$$$$$$$$$$$$$$
Calling Z3str3

Returned solutions: 
(define-fun string0 () String  "A&B&CD")
*************************************
Satisfiable: true
string0 => "A&B&CD"
*************************************

$$$$$$$$$$$$$$$$$$$$$$$$$$$$$$$$
Calling Z3str3

Returned solutions: 
(define-fun string0 () String  "A&B&&")
*************************************
Satisfiable: true
string0 => "A&B&&"
*************************************

$$$$$$$$$$$$$$$$$$$$$$$$$$$$$$$$
Calling Z3str3

Returned solutions: 
(define-fun string0 () String  "A&B&&")
*************************************
Satisfiable: true
string0 => "A&B&&"
*************************************

$$$$$$$$$$$$$$$$$$$$$$$$$$$$$$$$
Calling Z3str3

Returned solutions: 
(define-fun string0 () String  "A&B&&C")
*************************************
Satisfiable: true
string0 => "A&B&&C"
*************************************

$$$$$$$$$$$$$$$$$$$$$$$$$$$$$$$$
Calling Z3str3

Returned solutions: 
(define-fun string0 () String  "A&B&&&")
*************************************
Satisfiable: true
string0 => "A&B&&&"
*************************************

$$$$$$$$$$$$$$$$$$$$$$$$$$$$$$$$
Calling Z3str3

Returned solutions: 
(define-fun string0 () String  "A&B&&&")
*************************************
Satisfiable: true
string0 => "A&B&&&"
*************************************

$$$$$$$$$$$$$$$$$$$$$$$$$$$$$$$$
Calling Z3str3

Returned solutions: 
(define-fun string0 () String  "A&B&&&C")
*************************************
Satisfiable: true
string0 => "A&B&&&C"
*************************************


====================================================== search constraint
depth limit reached: 13

====================================================== snapshot 
thread java.lang.Thread:{id:0,name:main,status:RUNNING,priority:5,isDaemon:false,lockCount:0,suspendCount:0}
  call stack:
	at securibench.micro.sanitizers.Sanitizers4.clean(Sanitizers4.java:43)
	at securibench.micro.sanitizers.Sanitizers4.doGet(Sanitizers4.java:31)
	at Main.main(Main.java:23)

$$$$$$$$$$$$$$$$$$$$$$$$$$$$$$$$
Calling Z3str3

Returned solutions: 
(define-fun string0 () String  "A&B&&C")
*************************************
Satisfiable: true
string0 => "A&B&&C"
*************************************

$$$$$$$$$$$$$$$$$$$$$$$$$$$$$$$$
Calling Z3str3

Returned solutions: 
(define-fun string0 () String  "A&B&&C")
*************************************
Satisfiable: true
string0 => "A&B&&C"
*************************************

$$$$$$$$$$$$$$$$$$$$$$$$$$$$$$$$
Calling Z3str3

Returned solutions: 
(define-fun string0 () String  "A&B&&CD")
*************************************
Satisfiable: true
string0 => "A&B&&CD"
*************************************


====================================================== search constraint
depth limit reached: 13

====================================================== snapshot 
thread java.lang.Thread:{id:0,name:main,status:RUNNING,priority:5,isDaemon:false,lockCount:0,suspendCount:0}
  call stack:
	at securibench.micro.sanitizers.Sanitizers4.clean(Sanitizers4.java:43)
	at securibench.micro.sanitizers.Sanitizers4.doGet(Sanitizers4.java:31)
	at Main.main(Main.java:23)

$$$$$$$$$$$$$$$$$$$$$$$$$$$$$$$$
Calling Z3str3

*************************************
Satisfiable: false
*************************************


====================================================== search constraint
depth limit reached: 13

====================================================== snapshot 
thread java.lang.Thread:{id:0,name:main,status:RUNNING,priority:5,isDaemon:false,lockCount:0,suspendCount:0}
  call stack:
	at mockx.servlet.http.HttpServletResponse.checkNoSymbolic(HttpServletResponse.java:40)
	at mockx.servlet.http.HttpServletResponse.access$000(HttpServletResponse.java:12)
	at mockx.servlet.http.HttpServletResponse$1.println(HttpServletResponse.java:22)
	at securibench.micro.sanitizers.Sanitizers4.doGet(Sanitizers4.java:36)
	at Main.main(Main.java:23)

$$$$$$$$$$$$$$$$$$$$$$$$$$$$$$$$
Calling Z3str3

Returned solutions: 
(define-fun string0 () String  "A&B&&")
*************************************
Satisfiable: true
string0 => "A&B&&"
*************************************


====================================================== search constraint
depth limit reached: 13

====================================================== snapshot 
thread java.lang.Thread:{id:0,name:main,status:RUNNING,priority:5,isDaemon:false,lockCount:0,suspendCount:0}
  call stack:
	at mockx.servlet.http.HttpServletResponse.checkNoSymbolic(HttpServletResponse.java:37)
	at mockx.servlet.http.HttpServletResponse.access$000(HttpServletResponse.java:12)
	at mockx.servlet.http.HttpServletResponse$1.println(HttpServletResponse.java:22)
	at securibench.micro.sanitizers.Sanitizers4.doGet(Sanitizers4.java:36)
	at Main.main(Main.java:23)

$$$$$$$$$$$$$$$$$$$$$$$$$$$$$$$$
Calling Z3str3

Returned solutions: 
(define-fun string0 () String  "A&B&C")
*************************************
Satisfiable: true
string0 => "A&B&C"
*************************************

$$$$$$$$$$$$$$$$$$$$$$$$$$$$$$$$
Calling Z3str3

Returned solutions: 
(define-fun string0 () String  "A&B&C")
*************************************
Satisfiable: true
string0 => "A&B&C"
*************************************

$$$$$$$$$$$$$$$$$$$$$$$$$$$$$$$$
Calling Z3str3

Returned solutions: 
(define-fun string0 () String  "A&B&CD")
*************************************
Satisfiable: true
string0 => "A&B&CD"
*************************************

$$$$$$$$$$$$$$$$$$$$$$$$$$$$$$$$
Calling Z3str3

Returned solutions: 
(define-fun string0 () String  "A&B&C&")
*************************************
Satisfiable: true
string0 => "A&B&C&"
*************************************

$$$$$$$$$$$$$$$$$$$$$$$$$$$$$$$$
Calling Z3str3

Returned solutions: 
(define-fun string0 () String  "A&B&C&")
*************************************
Satisfiable: true
string0 => "A&B&C&"
*************************************

$$$$$$$$$$$$$$$$$$$$$$$$$$$$$$$$
Calling Z3str3

Returned solutions: 
(define-fun string0 () String  "A&B&C&D")
*************************************
Satisfiable: true
string0 => "A&B&C&D"
*************************************


====================================================== search constraint
depth limit reached: 13

====================================================== snapshot 
thread java.lang.Thread:{id:0,name:main,status:RUNNING,priority:5,isDaemon:false,lockCount:0,suspendCount:0}
  call stack:
	at securibench.micro.sanitizers.Sanitizers4.clean(Sanitizers4.java:43)
	at securibench.micro.sanitizers.Sanitizers4.doGet(Sanitizers4.java:31)
	at Main.main(Main.java:23)

$$$$$$$$$$$$$$$$$$$$$$$$$$$$$$$$
Calling Z3str3

Returned solutions: 
(define-fun string0 () String  "A&B&CD")
*************************************
Satisfiable: true
string0 => "A&B&CD"
*************************************

$$$$$$$$$$$$$$$$$$$$$$$$$$$$$$$$
Calling Z3str3

Returned solutions: 
(define-fun string0 () String  "A&B&CD")
*************************************
Satisfiable: true
string0 => "A&B&CD"
*************************************

$$$$$$$$$$$$$$$$$$$$$$$$$$$$$$$$
Calling Z3str3

Returned solutions: 
(define-fun string0 () String  "A&B&CDE")
*************************************
Satisfiable: true
string0 => "A&B&CDE"
*************************************


====================================================== search constraint
depth limit reached: 13

====================================================== snapshot 
thread java.lang.Thread:{id:0,name:main,status:RUNNING,priority:5,isDaemon:false,lockCount:0,suspendCount:0}
  call stack:
	at securibench.micro.sanitizers.Sanitizers4.clean(Sanitizers4.java:43)
	at securibench.micro.sanitizers.Sanitizers4.doGet(Sanitizers4.java:31)
	at Main.main(Main.java:23)

$$$$$$$$$$$$$$$$$$$$$$$$$$$$$$$$
Calling Z3str3

*************************************
Satisfiable: false
*************************************


====================================================== search constraint
depth limit reached: 13

====================================================== snapshot 
thread java.lang.Thread:{id:0,name:main,status:RUNNING,priority:5,isDaemon:false,lockCount:0,suspendCount:0}
  call stack:
	at mockx.servlet.http.HttpServletResponse.checkNoSymbolic(HttpServletResponse.java:40)
	at mockx.servlet.http.HttpServletResponse.access$000(HttpServletResponse.java:12)
	at mockx.servlet.http.HttpServletResponse$1.println(HttpServletResponse.java:22)
	at securibench.micro.sanitizers.Sanitizers4.doGet(Sanitizers4.java:36)
	at Main.main(Main.java:23)

$$$$$$$$$$$$$$$$$$$$$$$$$$$$$$$$
Calling Z3str3

Returned solutions: 
(define-fun string0 () String  "A&B&C")
*************************************
Satisfiable: true
string0 => "A&B&C"
*************************************


====================================================== search constraint
depth limit reached: 13

====================================================== snapshot 
thread java.lang.Thread:{id:0,name:main,status:RUNNING,priority:5,isDaemon:false,lockCount:0,suspendCount:0}
  call stack:
	at mockx.servlet.http.HttpServletResponse.checkNoSymbolic(HttpServletResponse.java:37)
	at mockx.servlet.http.HttpServletResponse.access$000(HttpServletResponse.java:12)
	at mockx.servlet.http.HttpServletResponse$1.println(HttpServletResponse.java:22)
	at securibench.micro.sanitizers.Sanitizers4.doGet(Sanitizers4.java:36)
	at Main.main(Main.java:23)

$$$$$$$$$$$$$$$$$$$$$$$$$$$$$$$$
Calling Z3str3

*************************************
Satisfiable: false
*************************************

$$$$$$$$$$$$$$$$$$$$$$$$$$$$$$$$
Calling Z3str3

Returned solutions: 
(define-fun string0 () String  "A&B&")
*************************************
Satisfiable: true
string0 => "A&B&"
*************************************

$$$$$$$$$$$$$$$$$$$$$$$$$$$$$$$$
Calling Z3str3

Returned solutions: 
(define-fun string0 () String  "A&<&")
*************************************
Satisfiable: true
string0 => "A&<&"
*************************************

$$$$$$$$$$$$$$$$$$$$$$$$$$$$$$$$
Calling Z3str3

*************************************
Satisfiable: false
*************************************


====================================================== search constraint
depth limit reached: 13

====================================================== snapshot 
thread java.lang.Thread:{id:0,name:main,status:RUNNING,priority:5,isDaemon:false,lockCount:0,suspendCount:0}
  call stack:
	at mockx.servlet.http.HttpServletResponse.checkNoSymbolic(HttpServletResponse.java:40)
	at mockx.servlet.http.HttpServletResponse.access$000(HttpServletResponse.java:12)
	at mockx.servlet.http.HttpServletResponse$1.println(HttpServletResponse.java:22)
	at securibench.micro.sanitizers.Sanitizers4.doGet(Sanitizers4.java:37)
	at Main.main(Main.java:23)

$$$$$$$$$$$$$$$$$$$$$$$$$$$$$$$$
Calling Z3str3

Returned solutions: 
(define-fun string0 () String  "<&<&")
*************************************
Satisfiable: true
string0 => "<&<&"
*************************************


====================================================== search constraint
depth limit reached: 13

====================================================== snapshot 
thread java.lang.Thread:{id:0,name:main,status:RUNNING,priority:5,isDaemon:false,lockCount:0,suspendCount:0}
  call stack:
	at mockx.servlet.http.HttpServletResponse.checkNoSymbolic(HttpServletResponse.java:37)
	at mockx.servlet.http.HttpServletResponse.access$000(HttpServletResponse.java:12)
	at mockx.servlet.http.HttpServletResponse$1.println(HttpServletResponse.java:22)
	at securibench.micro.sanitizers.Sanitizers4.doGet(Sanitizers4.java:37)
	at Main.main(Main.java:23)

$$$$$$$$$$$$$$$$$$$$$$$$$$$$$$$$
Calling Z3str3

*************************************
Satisfiable: false
*************************************

$$$$$$$$$$$$$$$$$$$$$$$$$$$$$$$$
Calling Z3str3

Returned solutions: 
(define-fun string0 () String  "A&BC")
*************************************
Satisfiable: true
string0 => "A&BC"
*************************************

$$$$$$$$$$$$$$$$$$$$$$$$$$$$$$$$
Calling Z3str3

Returned solutions: 
(define-fun string0 () String  "A&BC")
*************************************
Satisfiable: true
string0 => "A&BC"
*************************************

$$$$$$$$$$$$$$$$$$$$$$$$$$$$$$$$
Calling Z3str3

Returned solutions: 
(define-fun string0 () String  "A&BCDE")
*************************************
Satisfiable: true
string0 => "A&BCDE"
*************************************

$$$$$$$$$$$$$$$$$$$$$$$$$$$$$$$$
Calling Z3str3

Returned solutions: 
(define-fun string0 () String  "A&BC&")
*************************************
Satisfiable: true
string0 => "A&BC&"
*************************************

$$$$$$$$$$$$$$$$$$$$$$$$$$$$$$$$
Calling Z3str3

Returned solutions: 
(define-fun string0 () String  "A&BC&")
*************************************
Satisfiable: true
string0 => "A&BC&"
*************************************

$$$$$$$$$$$$$$$$$$$$$$$$$$$$$$$$
Calling Z3str3

Returned solutions: 
(define-fun string0 () String  "A&BC&D")
*************************************
Satisfiable: true
string0 => "A&BC&D"
*************************************

$$$$$$$$$$$$$$$$$$$$$$$$$$$$$$$$
Calling Z3str3

Returned solutions: 
(define-fun string0 () String  "A&BC&&")
*************************************
Satisfiable: true
string0 => "A&BC&&"
*************************************

$$$$$$$$$$$$$$$$$$$$$$$$$$$$$$$$
Calling Z3str3

Returned solutions: 
(define-fun string0 () String  "A&BC&&")
*************************************
Satisfiable: true
string0 => "A&BC&&"
*************************************

$$$$$$$$$$$$$$$$$$$$$$$$$$$$$$$$
Calling Z3str3

Returned solutions: 
(define-fun string0 () String  "A&BC&&D")
*************************************
Satisfiable: true
string0 => "A&BC&&D"
*************************************


====================================================== search constraint
depth limit reached: 13

====================================================== snapshot 
thread java.lang.Thread:{id:0,name:main,status:RUNNING,priority:5,isDaemon:false,lockCount:0,suspendCount:0}
  call stack:
	at securibench.micro.sanitizers.Sanitizers4.clean(Sanitizers4.java:43)
	at securibench.micro.sanitizers.Sanitizers4.doGet(Sanitizers4.java:31)
	at Main.main(Main.java:23)

$$$$$$$$$$$$$$$$$$$$$$$$$$$$$$$$
Calling Z3str3

Returned solutions: 
(define-fun string0 () String  "A&BC&D")
*************************************
Satisfiable: true
string0 => "A&BC&D"
*************************************

$$$$$$$$$$$$$$$$$$$$$$$$$$$$$$$$
Calling Z3str3

Returned solutions: 
(define-fun string0 () String  "A&BC&D")
*************************************
Satisfiable: true
string0 => "A&BC&D"
*************************************

$$$$$$$$$$$$$$$$$$$$$$$$$$$$$$$$
Calling Z3str3

Returned solutions: 
(define-fun string0 () String  "A&BC&DE")
*************************************
Satisfiable: true
string0 => "A&BC&DE"
*************************************


====================================================== search constraint
depth limit reached: 13

====================================================== snapshot 
thread java.lang.Thread:{id:0,name:main,status:RUNNING,priority:5,isDaemon:false,lockCount:0,suspendCount:0}
  call stack:
	at securibench.micro.sanitizers.Sanitizers4.clean(Sanitizers4.java:43)
	at securibench.micro.sanitizers.Sanitizers4.doGet(Sanitizers4.java:31)
	at Main.main(Main.java:23)

$$$$$$$$$$$$$$$$$$$$$$$$$$$$$$$$
Calling Z3str3

*************************************
Satisfiable: false
*************************************


====================================================== search constraint
depth limit reached: 13

====================================================== snapshot 
thread java.lang.Thread:{id:0,name:main,status:RUNNING,priority:5,isDaemon:false,lockCount:0,suspendCount:0}
  call stack:
	at mockx.servlet.http.HttpServletResponse.checkNoSymbolic(HttpServletResponse.java:40)
	at mockx.servlet.http.HttpServletResponse.access$000(HttpServletResponse.java:12)
	at mockx.servlet.http.HttpServletResponse$1.println(HttpServletResponse.java:22)
	at securibench.micro.sanitizers.Sanitizers4.doGet(Sanitizers4.java:36)
	at Main.main(Main.java:23)

$$$$$$$$$$$$$$$$$$$$$$$$$$$$$$$$
Calling Z3str3

Returned solutions: 
(define-fun string0 () String  "A&BC&")
*************************************
Satisfiable: true
string0 => "A&BC&"
*************************************


====================================================== search constraint
depth limit reached: 13

====================================================== snapshot 
thread java.lang.Thread:{id:0,name:main,status:RUNNING,priority:5,isDaemon:false,lockCount:0,suspendCount:0}
  call stack:
	at mockx.servlet.http.HttpServletResponse.checkNoSymbolic(HttpServletResponse.java:37)
	at mockx.servlet.http.HttpServletResponse.access$000(HttpServletResponse.java:12)
	at mockx.servlet.http.HttpServletResponse$1.println(HttpServletResponse.java:22)
	at securibench.micro.sanitizers.Sanitizers4.doGet(Sanitizers4.java:36)
	at Main.main(Main.java:23)

$$$$$$$$$$$$$$$$$$$$$$$$$$$$$$$$
Calling Z3str3

Returned solutions: 
(define-fun string0 () String  "A&BCD")
*************************************
Satisfiable: true
string0 => "A&BCD"
*************************************

$$$$$$$$$$$$$$$$$$$$$$$$$$$$$$$$
Calling Z3str3

Returned solutions: 
(define-fun string0 () String  "A&BCD")
*************************************
Satisfiable: true
string0 => "A&BCD"
*************************************

$$$$$$$$$$$$$$$$$$$$$$$$$$$$$$$$
Calling Z3str3

Returned solutions: 
(define-fun string0 () String  "A&BCDE")
*************************************
Satisfiable: true
string0 => "A&BCDE"
*************************************

$$$$$$$$$$$$$$$$$$$$$$$$$$$$$$$$
Calling Z3str3

Returned solutions: 
(define-fun string0 () String  "A&BCD&")
*************************************
Satisfiable: true
string0 => "A&BCD&"
*************************************

$$$$$$$$$$$$$$$$$$$$$$$$$$$$$$$$
Calling Z3str3

Returned solutions: 
(define-fun string0 () String  "A&BCD&")
*************************************
Satisfiable: true
string0 => "A&BCD&"
*************************************

$$$$$$$$$$$$$$$$$$$$$$$$$$$$$$$$
Calling Z3str3

Returned solutions: 
(define-fun string0 () String  "A&BCD&E")
*************************************
Satisfiable: true
string0 => "A&BCD&E"
*************************************


====================================================== search constraint
depth limit reached: 13

====================================================== snapshot 
thread java.lang.Thread:{id:0,name:main,status:RUNNING,priority:5,isDaemon:false,lockCount:0,suspendCount:0}
  call stack:
	at securibench.micro.sanitizers.Sanitizers4.clean(Sanitizers4.java:43)
	at securibench.micro.sanitizers.Sanitizers4.doGet(Sanitizers4.java:31)
	at Main.main(Main.java:23)

$$$$$$$$$$$$$$$$$$$$$$$$$$$$$$$$
Calling Z3str3

Returned solutions: 
(define-fun string0 () String  "A&BCDE")
*************************************
Satisfiable: true
string0 => "A&BCDE"
*************************************

$$$$$$$$$$$$$$$$$$$$$$$$$$$$$$$$
Calling Z3str3

Returned solutions: 
(define-fun string0 () String  "A&BCDE")
*************************************
Satisfiable: true
string0 => "A&BCDE"
*************************************

$$$$$$$$$$$$$$$$$$$$$$$$$$$$$$$$
Calling Z3str3

Returned solutions: 
(define-fun string0 () String  "A&BCDEF")
*************************************
Satisfiable: true
string0 => "A&BCDEF"
*************************************


====================================================== search constraint
depth limit reached: 13

====================================================== snapshot 
thread java.lang.Thread:{id:0,name:main,status:RUNNING,priority:5,isDaemon:false,lockCount:0,suspendCount:0}
  call stack:
	at securibench.micro.sanitizers.Sanitizers4.clean(Sanitizers4.java:43)
	at securibench.micro.sanitizers.Sanitizers4.doGet(Sanitizers4.java:31)
	at Main.main(Main.java:23)

$$$$$$$$$$$$$$$$$$$$$$$$$$$$$$$$
Calling Z3str3

*************************************
Satisfiable: false
*************************************


====================================================== search constraint
depth limit reached: 13

====================================================== snapshot 
thread java.lang.Thread:{id:0,name:main,status:RUNNING,priority:5,isDaemon:false,lockCount:0,suspendCount:0}
  call stack:
	at mockx.servlet.http.HttpServletResponse.checkNoSymbolic(HttpServletResponse.java:40)
	at mockx.servlet.http.HttpServletResponse.access$000(HttpServletResponse.java:12)
	at mockx.servlet.http.HttpServletResponse$1.println(HttpServletResponse.java:22)
	at securibench.micro.sanitizers.Sanitizers4.doGet(Sanitizers4.java:36)
	at Main.main(Main.java:23)

$$$$$$$$$$$$$$$$$$$$$$$$$$$$$$$$
Calling Z3str3

Returned solutions: 
(define-fun string0 () String  "A&BCD")
*************************************
Satisfiable: true
string0 => "A&BCD"
*************************************


====================================================== search constraint
depth limit reached: 13

====================================================== snapshot 
thread java.lang.Thread:{id:0,name:main,status:RUNNING,priority:5,isDaemon:false,lockCount:0,suspendCount:0}
  call stack:
	at mockx.servlet.http.HttpServletResponse.checkNoSymbolic(HttpServletResponse.java:37)
	at mockx.servlet.http.HttpServletResponse.access$000(HttpServletResponse.java:12)
	at mockx.servlet.http.HttpServletResponse$1.println(HttpServletResponse.java:22)
	at securibench.micro.sanitizers.Sanitizers4.doGet(Sanitizers4.java:36)
	at Main.main(Main.java:23)

$$$$$$$$$$$$$$$$$$$$$$$$$$$$$$$$
Calling Z3str3

*************************************
Satisfiable: false
*************************************

$$$$$$$$$$$$$$$$$$$$$$$$$$$$$$$$
Calling Z3str3

Returned solutions: 
(define-fun string0 () String  "A&BC")
*************************************
Satisfiable: true
string0 => "A&BC"
*************************************

$$$$$$$$$$$$$$$$$$$$$$$$$$$$$$$$
Calling Z3str3

Returned solutions: 
(define-fun string0 () String  "A&<b")
*************************************
Satisfiable: true
string0 => "A&<b"
*************************************

$$$$$$$$$$$$$$$$$$$$$$$$$$$$$$$$
Calling Z3str3

*************************************
Satisfiable: false
*************************************


====================================================== search constraint
depth limit reached: 13

====================================================== snapshot 
thread java.lang.Thread:{id:0,name:main,status:RUNNING,priority:5,isDaemon:false,lockCount:0,suspendCount:0}
  call stack:
	at mockx.servlet.http.HttpServletResponse.checkNoSymbolic(HttpServletResponse.java:40)
	at mockx.servlet.http.HttpServletResponse.access$000(HttpServletResponse.java:12)
	at mockx.servlet.http.HttpServletResponse$1.println(HttpServletResponse.java:22)
	at securibench.micro.sanitizers.Sanitizers4.doGet(Sanitizers4.java:37)
	at Main.main(Main.java:23)

$$$$$$$$$$$$$$$$$$$$$$$$$$$$$$$$
Calling Z3str3

Returned solutions: 
(define-fun string0 () String  "A&<b")
*************************************
Satisfiable: true
string0 => "A&<b"
*************************************


====================================================== search constraint
depth limit reached: 13

====================================================== snapshot 
thread java.lang.Thread:{id:0,name:main,status:RUNNING,priority:5,isDaemon:false,lockCount:0,suspendCount:0}
  call stack:
	at mockx.servlet.http.HttpServletResponse.checkNoSymbolic(HttpServletResponse.java:37)
	at mockx.servlet.http.HttpServletResponse.access$000(HttpServletResponse.java:12)
	at mockx.servlet.http.HttpServletResponse$1.println(HttpServletResponse.java:22)
	at securibench.micro.sanitizers.Sanitizers4.doGet(Sanitizers4.java:37)
	at Main.main(Main.java:23)

$$$$$$$$$$$$$$$$$$$$$$$$$$$$$$$$
Calling Z3str3

*************************************
Satisfiable: false
*************************************

$$$$$$$$$$$$$$$$$$$$$$$$$$$$$$$$
Calling Z3str3

*************************************
Satisfiable: false
*************************************

$$$$$$$$$$$$$$$$$$$$$$$$$$$$$$$$
Calling Z3str3

Returned solutions: 
(define-fun string0 () String  "A&B")
*************************************
Satisfiable: true
string0 => "A&B"
*************************************

$$$$$$$$$$$$$$$$$$$$$$$$$$$$$$$$
Calling Z3str3

Returned solutions: 
(define-fun string0 () String  "A&<")
*************************************
Satisfiable: true
string0 => "A&<"
*************************************

$$$$$$$$$$$$$$$$$$$$$$$$$$$$$$$$
Calling Z3str3

*************************************
Satisfiable: false
*************************************

$$$$$$$$$$$$$$$$$$$$$$$$$$$$$$$$
Calling Z3str3

Returned solutions: 
(define-fun string0 () String  "A&<")
*************************************
Satisfiable: true
string0 => "A&<"
*************************************

$$$$$$$$$$$$$$$$$$$$$$$$$$$$$$$$
Calling Z3str3

Returned solutions: 
(define-fun string0 () String  "E&D")
*************************************
Satisfiable: true
string0 => "E&D"
*************************************

$$$$$$$$$$$$$$$$$$$$$$$$$$$$$$$$
Calling Z3str3

*************************************
Satisfiable: false
*************************************

$$$$$$$$$$$$$$$$$$$$$$$$$$$$$$$$
Calling Z3str3

*************************************
Satisfiable: false
*************************************

$$$$$$$$$$$$$$$$$$$$$$$$$$$$$$$$
Calling Z3str3

*************************************
Satisfiable: false
*************************************

$$$$$$$$$$$$$$$$$$$$$$$$$$$$$$$$
Calling Z3str3

Returned solutions: 
(define-fun string0 () String  "A&")
*************************************
Satisfiable: true
string0 => "A&"
*************************************

$$$$$$$$$$$$$$$$$$$$$$$$$$$$$$$$
Calling Z3str3

Returned solutions: 
(define-fun string0 () String  "B&")
*************************************
Satisfiable: true
string0 => "B&"
*************************************

$$$$$$$$$$$$$$$$$$$$$$$$$$$$$$$$
Calling Z3str3

*************************************
Satisfiable: false
*************************************

$$$$$$$$$$$$$$$$$$$$$$$$$$$$$$$$
Calling Z3str3

Returned solutions: 
(define-fun string0 () String  "<&")
*************************************
Satisfiable: true
string0 => "<&"
*************************************

$$$$$$$$$$$$$$$$$$$$$$$$$$$$$$$$
Calling Z3str3

Returned solutions: 
(define-fun string0 () String  "<&")
*************************************
Satisfiable: true
string0 => "<&"
*************************************

$$$$$$$$$$$$$$$$$$$$$$$$$$$$$$$$
Calling Z3str3

*************************************
Satisfiable: false
*************************************

$$$$$$$$$$$$$$$$$$$$$$$$$$$$$$$$
Calling Z3str3

*************************************
Satisfiable: false
*************************************

$$$$$$$$$$$$$$$$$$$$$$$$$$$$$$$$
Calling Z3str3

Returned solutions: 
(define-fun string0 () String  "AB")
*************************************
Satisfiable: true
string0 => "AB"
*************************************

$$$$$$$$$$$$$$$$$$$$$$$$$$$$$$$$
Calling Z3str3

Returned solutions: 
(define-fun string0 () String  "AB")
*************************************
Satisfiable: true
string0 => "AB"
*************************************

$$$$$$$$$$$$$$$$$$$$$$$$$$$$$$$$
Calling Z3str3

Returned solutions: 
(define-fun string0 () String  "ABC")
*************************************
Satisfiable: true
string0 => "ABC"
*************************************

$$$$$$$$$$$$$$$$$$$$$$$$$$$$$$$$
Calling Z3str3

Returned solutions: 
(define-fun string0 () String  "AB&")
*************************************
Satisfiable: true
string0 => "AB&"
*************************************

$$$$$$$$$$$$$$$$$$$$$$$$$$$$$$$$
Calling Z3str3

Returned solutions: 
(define-fun string0 () String  "AB&")
*************************************
Satisfiable: true
string0 => "AB&"
*************************************

$$$$$$$$$$$$$$$$$$$$$$$$$$$$$$$$
Calling Z3str3

Returned solutions: 
(define-fun string0 () String  "AB&C")
*************************************
Satisfiable: true
string0 => "AB&C"
*************************************

$$$$$$$$$$$$$$$$$$$$$$$$$$$$$$$$
Calling Z3str3

Returned solutions: 
(define-fun string0 () String  "AB&&")
*************************************
Satisfiable: true
string0 => "AB&&"
*************************************

$$$$$$$$$$$$$$$$$$$$$$$$$$$$$$$$
Calling Z3str3

Returned solutions: 
(define-fun string0 () String  "AB&&")
*************************************
Satisfiable: true
string0 => "AB&&"
*************************************

$$$$$$$$$$$$$$$$$$$$$$$$$$$$$$$$
Calling Z3str3

Returned solutions: 
(define-fun string0 () String  "AB&&CD")
*************************************
Satisfiable: true
string0 => "AB&&CD"
*************************************

$$$$$$$$$$$$$$$$$$$$$$$$$$$$$$$$
Calling Z3str3

Returned solutions: 
(define-fun string0 () String  "AB&&&")
*************************************
Satisfiable: true
string0 => "AB&&&"
*************************************

$$$$$$$$$$$$$$$$$$$$$$$$$$$$$$$$
Calling Z3str3

Returned solutions: 
(define-fun string0 () String  "AB&&&")
*************************************
Satisfiable: true
string0 => "AB&&&"
*************************************

$$$$$$$$$$$$$$$$$$$$$$$$$$$$$$$$
Calling Z3str3

Returned solutions: 
(define-fun string0 () String  "AB&&&C")
*************************************
Satisfiable: true
string0 => "AB&&&C"
*************************************

$$$$$$$$$$$$$$$$$$$$$$$$$$$$$$$$
Calling Z3str3

Returned solutions: 
(define-fun string0 () String  "AB&&&&")
*************************************
Satisfiable: true
string0 => "AB&&&&"
*************************************

$$$$$$$$$$$$$$$$$$$$$$$$$$$$$$$$
Calling Z3str3

Returned solutions: 
(define-fun string0 () String  "AB&&&&")
*************************************
Satisfiable: true
string0 => "AB&&&&"
*************************************

$$$$$$$$$$$$$$$$$$$$$$$$$$$$$$$$
Calling Z3str3

Returned solutions: 
(define-fun string0 () String  "AB&&&&C")
*************************************
Satisfiable: true
string0 => "AB&&&&C"
*************************************


====================================================== search constraint
depth limit reached: 13

====================================================== snapshot 
thread java.lang.Thread:{id:0,name:main,status:RUNNING,priority:5,isDaemon:false,lockCount:0,suspendCount:0}
  call stack:
	at securibench.micro.sanitizers.Sanitizers4.clean(Sanitizers4.java:43)
	at securibench.micro.sanitizers.Sanitizers4.doGet(Sanitizers4.java:31)
	at Main.main(Main.java:23)

$$$$$$$$$$$$$$$$$$$$$$$$$$$$$$$$
Calling Z3str3

Returned solutions: 
(define-fun string0 () String  "AB&&&C")
*************************************
Satisfiable: true
string0 => "AB&&&C"
*************************************

$$$$$$$$$$$$$$$$$$$$$$$$$$$$$$$$
Calling Z3str3

Returned solutions: 
(define-fun string0 () String  "AB&&&C")
*************************************
Satisfiable: true
string0 => "AB&&&C"
*************************************

$$$$$$$$$$$$$$$$$$$$$$$$$$$$$$$$
Calling Z3str3

Returned solutions: 
(define-fun string0 () String  "AB&&&CD")
*************************************
Satisfiable: true
string0 => "AB&&&CD"
*************************************


====================================================== search constraint
depth limit reached: 13

====================================================== snapshot 
thread java.lang.Thread:{id:0,name:main,status:RUNNING,priority:5,isDaemon:false,lockCount:0,suspendCount:0}
  call stack:
	at securibench.micro.sanitizers.Sanitizers4.clean(Sanitizers4.java:43)
	at securibench.micro.sanitizers.Sanitizers4.doGet(Sanitizers4.java:31)
	at Main.main(Main.java:23)

$$$$$$$$$$$$$$$$$$$$$$$$$$$$$$$$
Calling Z3str3

*************************************
Satisfiable: false
*************************************


====================================================== search constraint
depth limit reached: 13

====================================================== snapshot 
thread java.lang.Thread:{id:0,name:main,status:RUNNING,priority:5,isDaemon:false,lockCount:0,suspendCount:0}
  call stack:
	at mockx.servlet.http.HttpServletResponse.checkNoSymbolic(HttpServletResponse.java:40)
	at mockx.servlet.http.HttpServletResponse.access$000(HttpServletResponse.java:12)
	at mockx.servlet.http.HttpServletResponse$1.println(HttpServletResponse.java:22)
	at securibench.micro.sanitizers.Sanitizers4.doGet(Sanitizers4.java:36)
	at Main.main(Main.java:23)

$$$$$$$$$$$$$$$$$$$$$$$$$$$$$$$$
Calling Z3str3

Returned solutions: 
(define-fun string0 () String  "AB&&&")
*************************************
Satisfiable: true
string0 => "AB&&&"
*************************************


====================================================== search constraint
depth limit reached: 13

====================================================== snapshot 
thread java.lang.Thread:{id:0,name:main,status:RUNNING,priority:5,isDaemon:false,lockCount:0,suspendCount:0}
  call stack:
	at mockx.servlet.http.HttpServletResponse.checkNoSymbolic(HttpServletResponse.java:37)
	at mockx.servlet.http.HttpServletResponse.access$000(HttpServletResponse.java:12)
	at mockx.servlet.http.HttpServletResponse$1.println(HttpServletResponse.java:22)
	at securibench.micro.sanitizers.Sanitizers4.doGet(Sanitizers4.java:36)
	at Main.main(Main.java:23)

$$$$$$$$$$$$$$$$$$$$$$$$$$$$$$$$
Calling Z3str3

Returned solutions: 
(define-fun string0 () String  "AB&&C")
*************************************
Satisfiable: true
string0 => "AB&&C"
*************************************

$$$$$$$$$$$$$$$$$$$$$$$$$$$$$$$$
Calling Z3str3

Returned solutions: 
(define-fun string0 () String  "AB&&C")
*************************************
Satisfiable: true
string0 => "AB&&C"
*************************************

$$$$$$$$$$$$$$$$$$$$$$$$$$$$$$$$
Calling Z3str3

Returned solutions: 
(define-fun string0 () String  "AB&&CD")
*************************************
Satisfiable: true
string0 => "AB&&CD"
*************************************

$$$$$$$$$$$$$$$$$$$$$$$$$$$$$$$$
Calling Z3str3

Returned solutions: 
(define-fun string0 () String  "AB&&C&")
*************************************
Satisfiable: true
string0 => "AB&&C&"
*************************************

$$$$$$$$$$$$$$$$$$$$$$$$$$$$$$$$
Calling Z3str3

Returned solutions: 
(define-fun string0 () String  "AB&&C&")
*************************************
Satisfiable: true
string0 => "AB&&C&"
*************************************

$$$$$$$$$$$$$$$$$$$$$$$$$$$$$$$$
Calling Z3str3

Returned solutions: 
(define-fun string0 () String  "AB&&C&D")
*************************************
Satisfiable: true
string0 => "AB&&C&D"
*************************************


====================================================== search constraint
depth limit reached: 13

====================================================== snapshot 
thread java.lang.Thread:{id:0,name:main,status:RUNNING,priority:5,isDaemon:false,lockCount:0,suspendCount:0}
  call stack:
	at securibench.micro.sanitizers.Sanitizers4.clean(Sanitizers4.java:43)
	at securibench.micro.sanitizers.Sanitizers4.doGet(Sanitizers4.java:31)
	at Main.main(Main.java:23)

$$$$$$$$$$$$$$$$$$$$$$$$$$$$$$$$
Calling Z3str3

Returned solutions: 
(define-fun string0 () String  "AB&&CD")
*************************************
Satisfiable: true
string0 => "AB&&CD"
*************************************

$$$$$$$$$$$$$$$$$$$$$$$$$$$$$$$$
Calling Z3str3

Returned solutions: 
(define-fun string0 () String  "AB&&CD")
*************************************
Satisfiable: true
string0 => "AB&&CD"
*************************************

$$$$$$$$$$$$$$$$$$$$$$$$$$$$$$$$
Calling Z3str3

Returned solutions: 
(define-fun string0 () String  "AB&&CDE")
*************************************
Satisfiable: true
string0 => "AB&&CDE"
*************************************


====================================================== search constraint
depth limit reached: 13

====================================================== snapshot 
thread java.lang.Thread:{id:0,name:main,status:RUNNING,priority:5,isDaemon:false,lockCount:0,suspendCount:0}
  call stack:
	at securibench.micro.sanitizers.Sanitizers4.clean(Sanitizers4.java:43)
	at securibench.micro.sanitizers.Sanitizers4.doGet(Sanitizers4.java:31)
	at Main.main(Main.java:23)

$$$$$$$$$$$$$$$$$$$$$$$$$$$$$$$$
Calling Z3str3

*************************************
Satisfiable: false
*************************************


====================================================== search constraint
depth limit reached: 13

====================================================== snapshot 
thread java.lang.Thread:{id:0,name:main,status:RUNNING,priority:5,isDaemon:false,lockCount:0,suspendCount:0}
  call stack:
	at mockx.servlet.http.HttpServletResponse.checkNoSymbolic(HttpServletResponse.java:40)
	at mockx.servlet.http.HttpServletResponse.access$000(HttpServletResponse.java:12)
	at mockx.servlet.http.HttpServletResponse$1.println(HttpServletResponse.java:22)
	at securibench.micro.sanitizers.Sanitizers4.doGet(Sanitizers4.java:36)
	at Main.main(Main.java:23)

$$$$$$$$$$$$$$$$$$$$$$$$$$$$$$$$
Calling Z3str3

Returned solutions: 
(define-fun string0 () String  "AB&&C")
*************************************
Satisfiable: true
string0 => "AB&&C"
*************************************


====================================================== search constraint
depth limit reached: 13

====================================================== snapshot 
thread java.lang.Thread:{id:0,name:main,status:RUNNING,priority:5,isDaemon:false,lockCount:0,suspendCount:0}
  call stack:
	at mockx.servlet.http.HttpServletResponse.checkNoSymbolic(HttpServletResponse.java:37)
	at mockx.servlet.http.HttpServletResponse.access$000(HttpServletResponse.java:12)
	at mockx.servlet.http.HttpServletResponse$1.println(HttpServletResponse.java:22)
	at securibench.micro.sanitizers.Sanitizers4.doGet(Sanitizers4.java:36)
	at Main.main(Main.java:23)

$$$$$$$$$$$$$$$$$$$$$$$$$$$$$$$$
Calling Z3str3

*************************************
Satisfiable: false
*************************************

$$$$$$$$$$$$$$$$$$$$$$$$$$$$$$$$
Calling Z3str3

Returned solutions: 
(define-fun string0 () String  "AB&&")
*************************************
Satisfiable: true
string0 => "AB&&"
*************************************

$$$$$$$$$$$$$$$$$$$$$$$$$$$$$$$$
Calling Z3str3

Returned solutions: 
(define-fun string0 () String  "<b&&")
*************************************
Satisfiable: true
string0 => "<b&&"
*************************************

$$$$$$$$$$$$$$$$$$$$$$$$$$$$$$$$
Calling Z3str3

*************************************
Satisfiable: false
*************************************


====================================================== search constraint
depth limit reached: 13

====================================================== snapshot 
thread java.lang.Thread:{id:0,name:main,status:RUNNING,priority:5,isDaemon:false,lockCount:0,suspendCount:0}
  call stack:
	at mockx.servlet.http.HttpServletResponse.checkNoSymbolic(HttpServletResponse.java:40)
	at mockx.servlet.http.HttpServletResponse.access$000(HttpServletResponse.java:12)
	at mockx.servlet.http.HttpServletResponse$1.println(HttpServletResponse.java:22)
	at securibench.micro.sanitizers.Sanitizers4.doGet(Sanitizers4.java:37)
	at Main.main(Main.java:23)

$$$$$$$$$$$$$$$$$$$$$$$$$$$$$$$$
Calling Z3str3

Returned solutions: 
(define-fun string0 () String  "AB&&")
*************************************
Satisfiable: true
string0 => "AB&&"
*************************************


====================================================== search constraint
depth limit reached: 13

====================================================== snapshot 
thread java.lang.Thread:{id:0,name:main,status:RUNNING,priority:5,isDaemon:false,lockCount:0,suspendCount:0}
  call stack:
	at mockx.servlet.http.HttpServletResponse.checkNoSymbolic(HttpServletResponse.java:37)
	at mockx.servlet.http.HttpServletResponse.access$000(HttpServletResponse.java:12)
	at mockx.servlet.http.HttpServletResponse$1.println(HttpServletResponse.java:22)
	at securibench.micro.sanitizers.Sanitizers4.doGet(Sanitizers4.java:37)
	at Main.main(Main.java:23)

$$$$$$$$$$$$$$$$$$$$$$$$$$$$$$$$
Calling Z3str3

*************************************
Satisfiable: false
*************************************

$$$$$$$$$$$$$$$$$$$$$$$$$$$$$$$$
Calling Z3str3

Returned solutions: 
(define-fun string0 () String  "AB&C")
*************************************
Satisfiable: true
string0 => "AB&C"
*************************************

$$$$$$$$$$$$$$$$$$$$$$$$$$$$$$$$
Calling Z3str3

Returned solutions: 
(define-fun string0 () String  "AB&C")
*************************************
Satisfiable: true
string0 => "AB&C"
*************************************

$$$$$$$$$$$$$$$$$$$$$$$$$$$$$$$$
Calling Z3str3

Returned solutions: 
(define-fun string0 () String  "AB&CDE")
*************************************
Satisfiable: true
string0 => "AB&CDE"
*************************************

$$$$$$$$$$$$$$$$$$$$$$$$$$$$$$$$
Calling Z3str3

Returned solutions: 
(define-fun string0 () String  "AB&C&")
*************************************
Satisfiable: true
string0 => "AB&C&"
*************************************

$$$$$$$$$$$$$$$$$$$$$$$$$$$$$$$$
Calling Z3str3

Returned solutions: 
(define-fun string0 () String  "AB&C&")
*************************************
Satisfiable: true
string0 => "AB&C&"
*************************************

$$$$$$$$$$$$$$$$$$$$$$$$$$$$$$$$
Calling Z3str3

Returned solutions: 
(define-fun string0 () String  "AB&C&D")
*************************************
Satisfiable: true
string0 => "AB&C&D"
*************************************

$$$$$$$$$$$$$$$$$$$$$$$$$$$$$$$$
Calling Z3str3

Returned solutions: 
(define-fun string0 () String  "AB&C&&")
*************************************
Satisfiable: true
string0 => "AB&C&&"
*************************************

$$$$$$$$$$$$$$$$$$$$$$$$$$$$$$$$
Calling Z3str3

Returned solutions: 
(define-fun string0 () String  "AB&C&&")
*************************************
Satisfiable: true
string0 => "AB&C&&"
*************************************

$$$$$$$$$$$$$$$$$$$$$$$$$$$$$$$$
Calling Z3str3

Returned solutions: 
(define-fun string0 () String  "AB&C&&D")
*************************************
Satisfiable: true
string0 => "AB&C&&D"
*************************************


====================================================== search constraint
depth limit reached: 13

====================================================== snapshot 
thread java.lang.Thread:{id:0,name:main,status:RUNNING,priority:5,isDaemon:false,lockCount:0,suspendCount:0}
  call stack:
	at securibench.micro.sanitizers.Sanitizers4.clean(Sanitizers4.java:43)
	at securibench.micro.sanitizers.Sanitizers4.doGet(Sanitizers4.java:31)
	at Main.main(Main.java:23)

$$$$$$$$$$$$$$$$$$$$$$$$$$$$$$$$
Calling Z3str3

Returned solutions: 
(define-fun string0 () String  "AB&C&D")
*************************************
Satisfiable: true
string0 => "AB&C&D"
*************************************

$$$$$$$$$$$$$$$$$$$$$$$$$$$$$$$$
Calling Z3str3

Returned solutions: 
(define-fun string0 () String  "AB&C&D")
*************************************
Satisfiable: true
string0 => "AB&C&D"
*************************************

$$$$$$$$$$$$$$$$$$$$$$$$$$$$$$$$
Calling Z3str3

Returned solutions: 
(define-fun string0 () String  "AB&C&DE")
*************************************
Satisfiable: true
string0 => "AB&C&DE"
*************************************


====================================================== search constraint
depth limit reached: 13

====================================================== snapshot 
thread java.lang.Thread:{id:0,name:main,status:RUNNING,priority:5,isDaemon:false,lockCount:0,suspendCount:0}
  call stack:
	at securibench.micro.sanitizers.Sanitizers4.clean(Sanitizers4.java:43)
	at securibench.micro.sanitizers.Sanitizers4.doGet(Sanitizers4.java:31)
	at Main.main(Main.java:23)

$$$$$$$$$$$$$$$$$$$$$$$$$$$$$$$$
Calling Z3str3

*************************************
Satisfiable: false
*************************************


====================================================== search constraint
depth limit reached: 13

====================================================== snapshot 
thread java.lang.Thread:{id:0,name:main,status:RUNNING,priority:5,isDaemon:false,lockCount:0,suspendCount:0}
  call stack:
	at mockx.servlet.http.HttpServletResponse.checkNoSymbolic(HttpServletResponse.java:40)
	at mockx.servlet.http.HttpServletResponse.access$000(HttpServletResponse.java:12)
	at mockx.servlet.http.HttpServletResponse$1.println(HttpServletResponse.java:22)
	at securibench.micro.sanitizers.Sanitizers4.doGet(Sanitizers4.java:36)
	at Main.main(Main.java:23)

$$$$$$$$$$$$$$$$$$$$$$$$$$$$$$$$
Calling Z3str3

Returned solutions: 
(define-fun string0 () String  "AB&C&")
*************************************
Satisfiable: true
string0 => "AB&C&"
*************************************


====================================================== search constraint
depth limit reached: 13

====================================================== snapshot 
thread java.lang.Thread:{id:0,name:main,status:RUNNING,priority:5,isDaemon:false,lockCount:0,suspendCount:0}
  call stack:
	at mockx.servlet.http.HttpServletResponse.checkNoSymbolic(HttpServletResponse.java:37)
	at mockx.servlet.http.HttpServletResponse.access$000(HttpServletResponse.java:12)
	at mockx.servlet.http.HttpServletResponse$1.println(HttpServletResponse.java:22)
	at securibench.micro.sanitizers.Sanitizers4.doGet(Sanitizers4.java:36)
	at Main.main(Main.java:23)

$$$$$$$$$$$$$$$$$$$$$$$$$$$$$$$$
Calling Z3str3

Returned solutions: 
(define-fun string0 () String  "AB&CD")
*************************************
Satisfiable: true
string0 => "AB&CD"
*************************************

$$$$$$$$$$$$$$$$$$$$$$$$$$$$$$$$
Calling Z3str3

Returned solutions: 
(define-fun string0 () String  "AB&CD")
*************************************
Satisfiable: true
string0 => "AB&CD"
*************************************

$$$$$$$$$$$$$$$$$$$$$$$$$$$$$$$$
Calling Z3str3

Returned solutions: 
(define-fun string0 () String  "AB&CDE")
*************************************
Satisfiable: true
string0 => "AB&CDE"
*************************************

$$$$$$$$$$$$$$$$$$$$$$$$$$$$$$$$
Calling Z3str3

Returned solutions: 
(define-fun string0 () String  "AB&CD&")
*************************************
Satisfiable: true
string0 => "AB&CD&"
*************************************

$$$$$$$$$$$$$$$$$$$$$$$$$$$$$$$$
Calling Z3str3

Returned solutions: 
(define-fun string0 () String  "AB&CD&")
*************************************
Satisfiable: true
string0 => "AB&CD&"
*************************************

$$$$$$$$$$$$$$$$$$$$$$$$$$$$$$$$
Calling Z3str3

Returned solutions: 
(define-fun string0 () String  "AB&CD&E")
*************************************
Satisfiable: true
string0 => "AB&CD&E"
*************************************


====================================================== search constraint
depth limit reached: 13

====================================================== snapshot 
thread java.lang.Thread:{id:0,name:main,status:RUNNING,priority:5,isDaemon:false,lockCount:0,suspendCount:0}
  call stack:
	at securibench.micro.sanitizers.Sanitizers4.clean(Sanitizers4.java:43)
	at securibench.micro.sanitizers.Sanitizers4.doGet(Sanitizers4.java:31)
	at Main.main(Main.java:23)

$$$$$$$$$$$$$$$$$$$$$$$$$$$$$$$$
Calling Z3str3

Returned solutions: 
(define-fun string0 () String  "AB&CDE")
*************************************
Satisfiable: true
string0 => "AB&CDE"
*************************************

$$$$$$$$$$$$$$$$$$$$$$$$$$$$$$$$
Calling Z3str3

Returned solutions: 
(define-fun string0 () String  "AB&CDE")
*************************************
Satisfiable: true
string0 => "AB&CDE"
*************************************

$$$$$$$$$$$$$$$$$$$$$$$$$$$$$$$$
Calling Z3str3

Returned solutions: 
(define-fun string0 () String  "AB&CDEF")
*************************************
Satisfiable: true
string0 => "AB&CDEF"
*************************************


====================================================== search constraint
depth limit reached: 13

====================================================== snapshot 
thread java.lang.Thread:{id:0,name:main,status:RUNNING,priority:5,isDaemon:false,lockCount:0,suspendCount:0}
  call stack:
	at securibench.micro.sanitizers.Sanitizers4.clean(Sanitizers4.java:43)
	at securibench.micro.sanitizers.Sanitizers4.doGet(Sanitizers4.java:31)
	at Main.main(Main.java:23)

$$$$$$$$$$$$$$$$$$$$$$$$$$$$$$$$
Calling Z3str3

*************************************
Satisfiable: false
*************************************


====================================================== search constraint
depth limit reached: 13

====================================================== snapshot 
thread java.lang.Thread:{id:0,name:main,status:RUNNING,priority:5,isDaemon:false,lockCount:0,suspendCount:0}
  call stack:
	at mockx.servlet.http.HttpServletResponse.checkNoSymbolic(HttpServletResponse.java:40)
	at mockx.servlet.http.HttpServletResponse.access$000(HttpServletResponse.java:12)
	at mockx.servlet.http.HttpServletResponse$1.println(HttpServletResponse.java:22)
	at securibench.micro.sanitizers.Sanitizers4.doGet(Sanitizers4.java:36)
	at Main.main(Main.java:23)

$$$$$$$$$$$$$$$$$$$$$$$$$$$$$$$$
Calling Z3str3

Returned solutions: 
(define-fun string0 () String  "AB&CD")
*************************************
Satisfiable: true
string0 => "AB&CD"
*************************************


====================================================== search constraint
depth limit reached: 13

====================================================== snapshot 
thread java.lang.Thread:{id:0,name:main,status:RUNNING,priority:5,isDaemon:false,lockCount:0,suspendCount:0}
  call stack:
	at mockx.servlet.http.HttpServletResponse.checkNoSymbolic(HttpServletResponse.java:37)
	at mockx.servlet.http.HttpServletResponse.access$000(HttpServletResponse.java:12)
	at mockx.servlet.http.HttpServletResponse$1.println(HttpServletResponse.java:22)
	at securibench.micro.sanitizers.Sanitizers4.doGet(Sanitizers4.java:36)
	at Main.main(Main.java:23)

$$$$$$$$$$$$$$$$$$$$$$$$$$$$$$$$
Calling Z3str3

*************************************
Satisfiable: false
*************************************

$$$$$$$$$$$$$$$$$$$$$$$$$$$$$$$$
Calling Z3str3

Returned solutions: 
(define-fun string0 () String  "AB&C")
*************************************
Satisfiable: true
string0 => "AB&C"
*************************************

$$$$$$$$$$$$$$$$$$$$$$$$$$$$$$$$
Calling Z3str3

Returned solutions: 
(define-fun string0 () String  "A<&B")
*************************************
Satisfiable: true
string0 => "A<&B"
*************************************

$$$$$$$$$$$$$$$$$$$$$$$$$$$$$$$$
Calling Z3str3

*************************************
Satisfiable: false
*************************************


====================================================== search constraint
depth limit reached: 13

====================================================== snapshot 
thread java.lang.Thread:{id:0,name:main,status:RUNNING,priority:5,isDaemon:false,lockCount:0,suspendCount:0}
  call stack:
	at mockx.servlet.http.HttpServletResponse.checkNoSymbolic(HttpServletResponse.java:40)
	at mockx.servlet.http.HttpServletResponse.access$000(HttpServletResponse.java:12)
	at mockx.servlet.http.HttpServletResponse$1.println(HttpServletResponse.java:22)
	at securibench.micro.sanitizers.Sanitizers4.doGet(Sanitizers4.java:37)
	at Main.main(Main.java:23)

$$$$$$$$$$$$$$$$$$$$$$$$$$$$$$$$
Calling Z3str3

Returned solutions: 
(define-fun string0 () String  "AB&C")
*************************************
Satisfiable: true
string0 => "AB&C"
*************************************


====================================================== search constraint
depth limit reached: 13

====================================================== snapshot 
thread java.lang.Thread:{id:0,name:main,status:RUNNING,priority:5,isDaemon:false,lockCount:0,suspendCount:0}
  call stack:
	at mockx.servlet.http.HttpServletResponse.checkNoSymbolic(HttpServletResponse.java:37)
	at mockx.servlet.http.HttpServletResponse.access$000(HttpServletResponse.java:12)
	at mockx.servlet.http.HttpServletResponse$1.println(HttpServletResponse.java:22)
	at securibench.micro.sanitizers.Sanitizers4.doGet(Sanitizers4.java:37)
	at Main.main(Main.java:23)

$$$$$$$$$$$$$$$$$$$$$$$$$$$$$$$$
Calling Z3str3

*************************************
Satisfiable: false
*************************************

$$$$$$$$$$$$$$$$$$$$$$$$$$$$$$$$
Calling Z3str3

*************************************
Satisfiable: false
*************************************

$$$$$$$$$$$$$$$$$$$$$$$$$$$$$$$$
Calling Z3str3

Returned solutions: 
(define-fun string0 () String  "AB&")
*************************************
Satisfiable: true
string0 => "AB&"
*************************************

$$$$$$$$$$$$$$$$$$$$$$$$$$$$$$$$
Calling Z3str3

Returned solutions: 
(define-fun string0 () String  "<b&")
*************************************
Satisfiable: true
string0 => "<b&"
*************************************

$$$$$$$$$$$$$$$$$$$$$$$$$$$$$$$$
Calling Z3str3

*************************************
Satisfiable: false
*************************************

$$$$$$$$$$$$$$$$$$$$$$$$$$$$$$$$
Calling Z3str3

Returned solutions: 
(define-fun string0 () String  "A<&")
*************************************
Satisfiable: true
string0 => "A<&"
*************************************

$$$$$$$$$$$$$$$$$$$$$$$$$$$$$$$$
Calling Z3str3

Returned solutions: 
(define-fun string0 () String  "<D&")
*************************************
Satisfiable: true
string0 => "<D&"
*************************************

$$$$$$$$$$$$$$$$$$$$$$$$$$$$$$$$
Calling Z3str3

*************************************
Satisfiable: false
*************************************

$$$$$$$$$$$$$$$$$$$$$$$$$$$$$$$$
Calling Z3str3

*************************************
Satisfiable: false
*************************************

$$$$$$$$$$$$$$$$$$$$$$$$$$$$$$$$
Calling Z3str3

Returned solutions: 
(define-fun string0 () String  "ABC")
*************************************
Satisfiable: true
string0 => "ABC"
*************************************

$$$$$$$$$$$$$$$$$$$$$$$$$$$$$$$$
Calling Z3str3

Returned solutions: 
(define-fun string0 () String  "ABC")
*************************************
Satisfiable: true
string0 => "ABC"
*************************************

$$$$$$$$$$$$$$$$$$$$$$$$$$$$$$$$
Calling Z3str3

Returned solutions: 
(define-fun string0 () String  "ABCD")
*************************************
Satisfiable: true
string0 => "ABCD"
*************************************

$$$$$$$$$$$$$$$$$$$$$$$$$$$$$$$$
Calling Z3str3

Returned solutions: 
(define-fun string0 () String  "ABC&")
*************************************
Satisfiable: true
string0 => "ABC&"
*************************************

$$$$$$$$$$$$$$$$$$$$$$$$$$$$$$$$
Calling Z3str3

Returned solutions: 
(define-fun string0 () String  "ABC&")
*************************************
Satisfiable: true
string0 => "ABC&"
*************************************

$$$$$$$$$$$$$$$$$$$$$$$$$$$$$$$$
Calling Z3str3

Returned solutions: 
(define-fun string0 () String  "ABC&DE")
*************************************
Satisfiable: true
string0 => "ABC&DE"
*************************************

$$$$$$$$$$$$$$$$$$$$$$$$$$$$$$$$
Calling Z3str3

Returned solutions: 
(define-fun string0 () String  "ABC&&")
*************************************
Satisfiable: true
string0 => "ABC&&"
*************************************

$$$$$$$$$$$$$$$$$$$$$$$$$$$$$$$$
Calling Z3str3

Returned solutions: 
(define-fun string0 () String  "ABC&&")
*************************************
Satisfiable: true
string0 => "ABC&&"
*************************************

$$$$$$$$$$$$$$$$$$$$$$$$$$$$$$$$
Calling Z3str3

Returned solutions: 
(define-fun string0 () String  "ABC&&D")
*************************************
Satisfiable: true
string0 => "ABC&&D"
*************************************

$$$$$$$$$$$$$$$$$$$$$$$$$$$$$$$$
Calling Z3str3

Returned solutions: 
(define-fun string0 () String  "ABC&&&")
*************************************
Satisfiable: true
string0 => "ABC&&&"
*************************************

$$$$$$$$$$$$$$$$$$$$$$$$$$$$$$$$
Calling Z3str3

Returned solutions: 
(define-fun string0 () String  "ABC&&&")
*************************************
Satisfiable: true
string0 => "ABC&&&"
*************************************

$$$$$$$$$$$$$$$$$$$$$$$$$$$$$$$$
Calling Z3str3

Returned solutions: 
(define-fun string0 () String  "ABC&&&D")
*************************************
Satisfiable: true
string0 => "ABC&&&D"
*************************************


====================================================== search constraint
depth limit reached: 13

====================================================== snapshot 
thread java.lang.Thread:{id:0,name:main,status:RUNNING,priority:5,isDaemon:false,lockCount:0,suspendCount:0}
  call stack:
	at securibench.micro.sanitizers.Sanitizers4.clean(Sanitizers4.java:43)
	at securibench.micro.sanitizers.Sanitizers4.doGet(Sanitizers4.java:31)
	at Main.main(Main.java:23)

$$$$$$$$$$$$$$$$$$$$$$$$$$$$$$$$
Calling Z3str3

Returned solutions: 
(define-fun string0 () String  "ABC&&D")
*************************************
Satisfiable: true
string0 => "ABC&&D"
*************************************

$$$$$$$$$$$$$$$$$$$$$$$$$$$$$$$$
Calling Z3str3

Returned solutions: 
(define-fun string0 () String  "ABC&&D")
*************************************
Satisfiable: true
string0 => "ABC&&D"
*************************************

$$$$$$$$$$$$$$$$$$$$$$$$$$$$$$$$
Calling Z3str3

Returned solutions: 
(define-fun string0 () String  "ABC&&DE")
*************************************
Satisfiable: true
string0 => "ABC&&DE"
*************************************


====================================================== search constraint
depth limit reached: 13

====================================================== snapshot 
thread java.lang.Thread:{id:0,name:main,status:RUNNING,priority:5,isDaemon:false,lockCount:0,suspendCount:0}
  call stack:
	at securibench.micro.sanitizers.Sanitizers4.clean(Sanitizers4.java:43)
	at securibench.micro.sanitizers.Sanitizers4.doGet(Sanitizers4.java:31)
	at Main.main(Main.java:23)

$$$$$$$$$$$$$$$$$$$$$$$$$$$$$$$$
Calling Z3str3

*************************************
Satisfiable: false
*************************************


====================================================== search constraint
depth limit reached: 13

====================================================== snapshot 
thread java.lang.Thread:{id:0,name:main,status:RUNNING,priority:5,isDaemon:false,lockCount:0,suspendCount:0}
  call stack:
	at mockx.servlet.http.HttpServletResponse.checkNoSymbolic(HttpServletResponse.java:40)
	at mockx.servlet.http.HttpServletResponse.access$000(HttpServletResponse.java:12)
	at mockx.servlet.http.HttpServletResponse$1.println(HttpServletResponse.java:22)
	at securibench.micro.sanitizers.Sanitizers4.doGet(Sanitizers4.java:36)
	at Main.main(Main.java:23)

$$$$$$$$$$$$$$$$$$$$$$$$$$$$$$$$
Calling Z3str3

Returned solutions: 
(define-fun string0 () String  "ABC&&")
*************************************
Satisfiable: true
string0 => "ABC&&"
*************************************


====================================================== search constraint
depth limit reached: 13

====================================================== snapshot 
thread java.lang.Thread:{id:0,name:main,status:RUNNING,priority:5,isDaemon:false,lockCount:0,suspendCount:0}
  call stack:
	at mockx.servlet.http.HttpServletResponse.checkNoSymbolic(HttpServletResponse.java:37)
	at mockx.servlet.http.HttpServletResponse.access$000(HttpServletResponse.java:12)
	at mockx.servlet.http.HttpServletResponse$1.println(HttpServletResponse.java:22)
	at securibench.micro.sanitizers.Sanitizers4.doGet(Sanitizers4.java:36)
	at Main.main(Main.java:23)

$$$$$$$$$$$$$$$$$$$$$$$$$$$$$$$$
Calling Z3str3

Returned solutions: 
(define-fun string0 () String  "ABC&D")
*************************************
Satisfiable: true
string0 => "ABC&D"
*************************************

$$$$$$$$$$$$$$$$$$$$$$$$$$$$$$$$
Calling Z3str3

Returned solutions: 
(define-fun string0 () String  "ABC&D")
*************************************
Satisfiable: true
string0 => "ABC&D"
*************************************

$$$$$$$$$$$$$$$$$$$$$$$$$$$$$$$$
Calling Z3str3

Returned solutions: 
(define-fun string0 () String  "ABC&DE")
*************************************
Satisfiable: true
string0 => "ABC&DE"
*************************************

$$$$$$$$$$$$$$$$$$$$$$$$$$$$$$$$
Calling Z3str3

Returned solutions: 
(define-fun string0 () String  "ABC&D&")
*************************************
Satisfiable: true
string0 => "ABC&D&"
*************************************

$$$$$$$$$$$$$$$$$$$$$$$$$$$$$$$$
Calling Z3str3

Returned solutions: 
(define-fun string0 () String  "ABC&D&")
*************************************
Satisfiable: true
string0 => "ABC&D&"
*************************************

$$$$$$$$$$$$$$$$$$$$$$$$$$$$$$$$
Calling Z3str3

Returned solutions: 
(define-fun string0 () String  "ABC&D&E")
*************************************
Satisfiable: true
string0 => "ABC&D&E"
*************************************


====================================================== search constraint
depth limit reached: 13

====================================================== snapshot 
thread java.lang.Thread:{id:0,name:main,status:RUNNING,priority:5,isDaemon:false,lockCount:0,suspendCount:0}
  call stack:
	at securibench.micro.sanitizers.Sanitizers4.clean(Sanitizers4.java:43)
	at securibench.micro.sanitizers.Sanitizers4.doGet(Sanitizers4.java:31)
	at Main.main(Main.java:23)

$$$$$$$$$$$$$$$$$$$$$$$$$$$$$$$$
Calling Z3str3

Returned solutions: 
(define-fun string0 () String  "ABC&DE")
*************************************
Satisfiable: true
string0 => "ABC&DE"
*************************************

$$$$$$$$$$$$$$$$$$$$$$$$$$$$$$$$
Calling Z3str3

Returned solutions: 
(define-fun string0 () String  "ABC&DE")
*************************************
Satisfiable: true
string0 => "ABC&DE"
*************************************

$$$$$$$$$$$$$$$$$$$$$$$$$$$$$$$$
Calling Z3str3

Returned solutions: 
(define-fun string0 () String  "ABC&DEF")
*************************************
Satisfiable: true
string0 => "ABC&DEF"
*************************************


====================================================== search constraint
depth limit reached: 13

====================================================== snapshot 
thread java.lang.Thread:{id:0,name:main,status:RUNNING,priority:5,isDaemon:false,lockCount:0,suspendCount:0}
  call stack:
	at securibench.micro.sanitizers.Sanitizers4.clean(Sanitizers4.java:43)
	at securibench.micro.sanitizers.Sanitizers4.doGet(Sanitizers4.java:31)
	at Main.main(Main.java:23)

$$$$$$$$$$$$$$$$$$$$$$$$$$$$$$$$
Calling Z3str3

*************************************
Satisfiable: false
*************************************


====================================================== search constraint
depth limit reached: 13

====================================================== snapshot 
thread java.lang.Thread:{id:0,name:main,status:RUNNING,priority:5,isDaemon:false,lockCount:0,suspendCount:0}
  call stack:
	at mockx.servlet.http.HttpServletResponse.checkNoSymbolic(HttpServletResponse.java:40)
	at mockx.servlet.http.HttpServletResponse.access$000(HttpServletResponse.java:12)
	at mockx.servlet.http.HttpServletResponse$1.println(HttpServletResponse.java:22)
	at securibench.micro.sanitizers.Sanitizers4.doGet(Sanitizers4.java:36)
	at Main.main(Main.java:23)

$$$$$$$$$$$$$$$$$$$$$$$$$$$$$$$$
Calling Z3str3

Returned solutions: 
(define-fun string0 () String  "ABC&D")
*************************************
Satisfiable: true
string0 => "ABC&D"
*************************************


====================================================== search constraint
depth limit reached: 13

====================================================== snapshot 
thread java.lang.Thread:{id:0,name:main,status:RUNNING,priority:5,isDaemon:false,lockCount:0,suspendCount:0}
  call stack:
	at mockx.servlet.http.HttpServletResponse.checkNoSymbolic(HttpServletResponse.java:37)
	at mockx.servlet.http.HttpServletResponse.access$000(HttpServletResponse.java:12)
	at mockx.servlet.http.HttpServletResponse$1.println(HttpServletResponse.java:22)
	at securibench.micro.sanitizers.Sanitizers4.doGet(Sanitizers4.java:36)
	at Main.main(Main.java:23)

$$$$$$$$$$$$$$$$$$$$$$$$$$$$$$$$
Calling Z3str3

*************************************
Satisfiable: false
*************************************

$$$$$$$$$$$$$$$$$$$$$$$$$$$$$$$$
Calling Z3str3

Returned solutions: 
(define-fun string0 () String  "ABC&")
*************************************
Satisfiable: true
string0 => "ABC&"
*************************************

$$$$$$$$$$$$$$$$$$$$$$$$$$$$$$$$
Calling Z3str3

Returned solutions: 
(define-fun string0 () String  "A<<&")
*************************************
Satisfiable: true
string0 => "A<<&"
*************************************

$$$$$$$$$$$$$$$$$$$$$$$$$$$$$$$$
Calling Z3str3

*************************************
Satisfiable: false
*************************************


====================================================== search constraint
depth limit reached: 13

====================================================== snapshot 
thread java.lang.Thread:{id:0,name:main,status:RUNNING,priority:5,isDaemon:false,lockCount:0,suspendCount:0}
  call stack:
	at mockx.servlet.http.HttpServletResponse.checkNoSymbolic(HttpServletResponse.java:40)
	at mockx.servlet.http.HttpServletResponse.access$000(HttpServletResponse.java:12)
	at mockx.servlet.http.HttpServletResponse$1.println(HttpServletResponse.java:22)
	at securibench.micro.sanitizers.Sanitizers4.doGet(Sanitizers4.java:37)
	at Main.main(Main.java:23)

$$$$$$$$$$$$$$$$$$$$$$$$$$$$$$$$
Calling Z3str3

Returned solutions: 
(define-fun string0 () String  "A<b&")
*************************************
Satisfiable: true
string0 => "A<b&"
*************************************


====================================================== search constraint
depth limit reached: 13

====================================================== snapshot 
thread java.lang.Thread:{id:0,name:main,status:RUNNING,priority:5,isDaemon:false,lockCount:0,suspendCount:0}
  call stack:
	at mockx.servlet.http.HttpServletResponse.checkNoSymbolic(HttpServletResponse.java:37)
	at mockx.servlet.http.HttpServletResponse.access$000(HttpServletResponse.java:12)
	at mockx.servlet.http.HttpServletResponse$1.println(HttpServletResponse.java:22)
	at securibench.micro.sanitizers.Sanitizers4.doGet(Sanitizers4.java:37)
	at Main.main(Main.java:23)

$$$$$$$$$$$$$$$$$$$$$$$$$$$$$$$$
Calling Z3str3

*************************************
Satisfiable: false
*************************************

$$$$$$$$$$$$$$$$$$$$$$$$$$$$$$$$
Calling Z3str3

Returned solutions: 
(define-fun string0 () String  "ABCD")
*************************************
Satisfiable: true
string0 => "ABCD"
*************************************

$$$$$$$$$$$$$$$$$$$$$$$$$$$$$$$$
Calling Z3str3

Returned solutions: 
(define-fun string0 () String  "ABCD")
*************************************
Satisfiable: true
string0 => "ABCD"
*************************************

$$$$$$$$$$$$$$$$$$$$$$$$$$$$$$$$
Calling Z3str3

Returned solutions: 
(define-fun string0 () String  "ABCDE")
*************************************
Satisfiable: true
string0 => "ABCDE"
*************************************

$$$$$$$$$$$$$$$$$$$$$$$$$$$$$$$$
Calling Z3str3

Returned solutions: 
(define-fun string0 () String  "ABCD&")
*************************************
Satisfiable: true
string0 => "ABCD&"
*************************************

$$$$$$$$$$$$$$$$$$$$$$$$$$$$$$$$
Calling Z3str3

Returned solutions: 
(define-fun string0 () String  "ABCD&")
*************************************
Satisfiable: true
string0 => "ABCD&"
*************************************

$$$$$$$$$$$$$$$$$$$$$$$$$$$$$$$$
Calling Z3str3

Returned solutions: 
(define-fun string0 () String  "ABCD&E")
*************************************
Satisfiable: true
string0 => "ABCD&E"
*************************************

$$$$$$$$$$$$$$$$$$$$$$$$$$$$$$$$
Calling Z3str3

Returned solutions: 
(define-fun string0 () String  "ABCD&&")
*************************************
Satisfiable: true
string0 => "ABCD&&"
*************************************

$$$$$$$$$$$$$$$$$$$$$$$$$$$$$$$$
Calling Z3str3

Returned solutions: 
(define-fun string0 () String  "ABCD&&")
*************************************
Satisfiable: true
string0 => "ABCD&&"
*************************************

$$$$$$$$$$$$$$$$$$$$$$$$$$$$$$$$
Calling Z3str3

Returned solutions: 
(define-fun string0 () String  "ABCD&&E")
*************************************
Satisfiable: true
string0 => "ABCD&&E"
*************************************


====================================================== search constraint
depth limit reached: 13

====================================================== snapshot 
thread java.lang.Thread:{id:0,name:main,status:RUNNING,priority:5,isDaemon:false,lockCount:0,suspendCount:0}
  call stack:
	at securibench.micro.sanitizers.Sanitizers4.clean(Sanitizers4.java:43)
	at securibench.micro.sanitizers.Sanitizers4.doGet(Sanitizers4.java:31)
	at Main.main(Main.java:23)

$$$$$$$$$$$$$$$$$$$$$$$$$$$$$$$$
Calling Z3str3

Returned solutions: 
(define-fun string0 () String  "ABCD&E")
*************************************
Satisfiable: true
string0 => "ABCD&E"
*************************************

$$$$$$$$$$$$$$$$$$$$$$$$$$$$$$$$
Calling Z3str3

Returned solutions: 
(define-fun string0 () String  "ABCD&E")
*************************************
Satisfiable: true
string0 => "ABCD&E"
*************************************

$$$$$$$$$$$$$$$$$$$$$$$$$$$$$$$$
Calling Z3str3

Returned solutions: 
(define-fun string0 () String  "ABCD&EF")
*************************************
Satisfiable: true
string0 => "ABCD&EF"
*************************************


====================================================== search constraint
depth limit reached: 13

====================================================== snapshot 
thread java.lang.Thread:{id:0,name:main,status:RUNNING,priority:5,isDaemon:false,lockCount:0,suspendCount:0}
  call stack:
	at securibench.micro.sanitizers.Sanitizers4.clean(Sanitizers4.java:43)
	at securibench.micro.sanitizers.Sanitizers4.doGet(Sanitizers4.java:31)
	at Main.main(Main.java:23)

$$$$$$$$$$$$$$$$$$$$$$$$$$$$$$$$
Calling Z3str3

*************************************
Satisfiable: false
*************************************


====================================================== search constraint
depth limit reached: 13

====================================================== snapshot 
thread java.lang.Thread:{id:0,name:main,status:RUNNING,priority:5,isDaemon:false,lockCount:0,suspendCount:0}
  call stack:
	at mockx.servlet.http.HttpServletResponse.checkNoSymbolic(HttpServletResponse.java:40)
	at mockx.servlet.http.HttpServletResponse.access$000(HttpServletResponse.java:12)
	at mockx.servlet.http.HttpServletResponse$1.println(HttpServletResponse.java:22)
	at securibench.micro.sanitizers.Sanitizers4.doGet(Sanitizers4.java:36)
	at Main.main(Main.java:23)

$$$$$$$$$$$$$$$$$$$$$$$$$$$$$$$$
Calling Z3str3

Returned solutions: 
(define-fun string0 () String  "ABCD&")
*************************************
Satisfiable: true
string0 => "ABCD&"
*************************************


====================================================== search constraint
depth limit reached: 13

====================================================== snapshot 
thread java.lang.Thread:{id:0,name:main,status:RUNNING,priority:5,isDaemon:false,lockCount:0,suspendCount:0}
  call stack:
	at mockx.servlet.http.HttpServletResponse.checkNoSymbolic(HttpServletResponse.java:37)
	at mockx.servlet.http.HttpServletResponse.access$000(HttpServletResponse.java:12)
	at mockx.servlet.http.HttpServletResponse$1.println(HttpServletResponse.java:22)
	at securibench.micro.sanitizers.Sanitizers4.doGet(Sanitizers4.java:36)
	at Main.main(Main.java:23)

$$$$$$$$$$$$$$$$$$$$$$$$$$$$$$$$
Calling Z3str3

Returned solutions: 
(define-fun string0 () String  "ABCDE")
*************************************
Satisfiable: true
string0 => "ABCDE"
*************************************

$$$$$$$$$$$$$$$$$$$$$$$$$$$$$$$$
Calling Z3str3

Returned solutions: 
(define-fun string0 () String  "ABCDE")
*************************************
Satisfiable: true
string0 => "ABCDE"
*************************************

$$$$$$$$$$$$$$$$$$$$$$$$$$$$$$$$
Calling Z3str3

Returned solutions: 
(define-fun string0 () String  "ABCDEF")
*************************************
Satisfiable: true
string0 => "ABCDEF"
*************************************

$$$$$$$$$$$$$$$$$$$$$$$$$$$$$$$$
Calling Z3str3

Returned solutions: 
(define-fun string0 () String  "ABCDE&")
*************************************
Satisfiable: true
string0 => "ABCDE&"
*************************************

$$$$$$$$$$$$$$$$$$$$$$$$$$$$$$$$
Calling Z3str3

Returned solutions: 
(define-fun string0 () String  "ABCDE&")
*************************************
Satisfiable: true
string0 => "ABCDE&"
*************************************

$$$$$$$$$$$$$$$$$$$$$$$$$$$$$$$$
Calling Z3str3

Returned solutions: 
(define-fun string0 () String  "ABCDE&F")
*************************************
Satisfiable: true
string0 => "ABCDE&F"
*************************************


====================================================== search constraint
depth limit reached: 13

====================================================== snapshot 
thread java.lang.Thread:{id:0,name:main,status:RUNNING,priority:5,isDaemon:false,lockCount:0,suspendCount:0}
  call stack:
	at securibench.micro.sanitizers.Sanitizers4.clean(Sanitizers4.java:43)
	at securibench.micro.sanitizers.Sanitizers4.doGet(Sanitizers4.java:31)
	at Main.main(Main.java:23)

$$$$$$$$$$$$$$$$$$$$$$$$$$$$$$$$
Calling Z3str3

Returned solutions: 
(define-fun string0 () String  "ABCDEF")
*************************************
Satisfiable: true
string0 => "ABCDEF"
*************************************

$$$$$$$$$$$$$$$$$$$$$$$$$$$$$$$$
Calling Z3str3

Returned solutions: 
(define-fun string0 () String  "ABCDEF")
*************************************
Satisfiable: true
string0 => "ABCDEF"
*************************************

$$$$$$$$$$$$$$$$$$$$$$$$$$$$$$$$
Calling Z3str3

Returned solutions: 
(define-fun string0 () String  "ABCDEFG")
*************************************
Satisfiable: true
string0 => "ABCDEFG"
*************************************


====================================================== search constraint
depth limit reached: 13

====================================================== snapshot 
thread java.lang.Thread:{id:0,name:main,status:RUNNING,priority:5,isDaemon:false,lockCount:0,suspendCount:0}
  call stack:
	at securibench.micro.sanitizers.Sanitizers4.clean(Sanitizers4.java:43)
	at securibench.micro.sanitizers.Sanitizers4.doGet(Sanitizers4.java:31)
	at Main.main(Main.java:23)

$$$$$$$$$$$$$$$$$$$$$$$$$$$$$$$$
Calling Z3str3

*************************************
Satisfiable: false
*************************************


====================================================== search constraint
depth limit reached: 13

====================================================== snapshot 
thread java.lang.Thread:{id:0,name:main,status:RUNNING,priority:5,isDaemon:false,lockCount:0,suspendCount:0}
  call stack:
	at mockx.servlet.http.HttpServletResponse.checkNoSymbolic(HttpServletResponse.java:40)
	at mockx.servlet.http.HttpServletResponse.access$000(HttpServletResponse.java:12)
	at mockx.servlet.http.HttpServletResponse$1.println(HttpServletResponse.java:22)
	at securibench.micro.sanitizers.Sanitizers4.doGet(Sanitizers4.java:36)
	at Main.main(Main.java:23)

$$$$$$$$$$$$$$$$$$$$$$$$$$$$$$$$
Calling Z3str3

Returned solutions: 
(define-fun string0 () String  "ABCDE")
*************************************
Satisfiable: true
string0 => "ABCDE"
*************************************


====================================================== search constraint
depth limit reached: 13

====================================================== snapshot 
thread java.lang.Thread:{id:0,name:main,status:RUNNING,priority:5,isDaemon:false,lockCount:0,suspendCount:0}
  call stack:
	at mockx.servlet.http.HttpServletResponse.checkNoSymbolic(HttpServletResponse.java:37)
	at mockx.servlet.http.HttpServletResponse.access$000(HttpServletResponse.java:12)
	at mockx.servlet.http.HttpServletResponse$1.println(HttpServletResponse.java:22)
	at securibench.micro.sanitizers.Sanitizers4.doGet(Sanitizers4.java:36)
	at Main.main(Main.java:23)

$$$$$$$$$$$$$$$$$$$$$$$$$$$$$$$$
Calling Z3str3

*************************************
Satisfiable: false
*************************************

$$$$$$$$$$$$$$$$$$$$$$$$$$$$$$$$
Calling Z3str3

Returned solutions: 
(define-fun string0 () String  "ABCD")
*************************************
Satisfiable: true
string0 => "ABCD"
*************************************

$$$$$$$$$$$$$$$$$$$$$$$$$$$$$$$$
Calling Z3str3

Returned solutions: 
(define-fun string0 () String  "<<bF")
*************************************
Satisfiable: true
string0 => "<<bF"
*************************************

$$$$$$$$$$$$$$$$$$$$$$$$$$$$$$$$
Calling Z3str3

*************************************
Satisfiable: false
*************************************


====================================================== search constraint
depth limit reached: 13

====================================================== snapshot 
thread java.lang.Thread:{id:0,name:main,status:RUNNING,priority:5,isDaemon:false,lockCount:0,suspendCount:0}
  call stack:
	at mockx.servlet.http.HttpServletResponse.checkNoSymbolic(HttpServletResponse.java:40)
	at mockx.servlet.http.HttpServletResponse.access$000(HttpServletResponse.java:12)
	at mockx.servlet.http.HttpServletResponse$1.println(HttpServletResponse.java:22)
	at securibench.micro.sanitizers.Sanitizers4.doGet(Sanitizers4.java:37)
	at Main.main(Main.java:23)

$$$$$$$$$$$$$$$$$$$$$$$$$$$$$$$$
Calling Z3str3

Returned solutions: 
(define-fun string0 () String  "<baF")
*************************************
Satisfiable: true
string0 => "<baF"
*************************************


====================================================== search constraint
depth limit reached: 13

====================================================== snapshot 
thread java.lang.Thread:{id:0,name:main,status:RUNNING,priority:5,isDaemon:false,lockCount:0,suspendCount:0}
  call stack:
	at mockx.servlet.http.HttpServletResponse.checkNoSymbolic(HttpServletResponse.java:37)
	at mockx.servlet.http.HttpServletResponse.access$000(HttpServletResponse.java:12)
	at mockx.servlet.http.HttpServletResponse$1.println(HttpServletResponse.java:22)
	at securibench.micro.sanitizers.Sanitizers4.doGet(Sanitizers4.java:37)
	at Main.main(Main.java:23)

$$$$$$$$$$$$$$$$$$$$$$$$$$$$$$$$
Calling Z3str3

*************************************
Satisfiable: false
*************************************

$$$$$$$$$$$$$$$$$$$$$$$$$$$$$$$$
Calling Z3str3

*************************************
Satisfiable: false
*************************************

$$$$$$$$$$$$$$$$$$$$$$$$$$$$$$$$
Calling Z3str3

Returned solutions: 
(define-fun string0 () String  "ABC")
*************************************
Satisfiable: true
string0 => "ABC"
*************************************

$$$$$$$$$$$$$$$$$$$$$$$$$$$$$$$$
Calling Z3str3

Returned solutions: 
(define-fun string0 () String  "<ba")
*************************************
Satisfiable: true
string0 => "<ba"
*************************************

$$$$$$$$$$$$$$$$$$$$$$$$$$$$$$$$
Calling Z3str3

*************************************
Satisfiable: false
*************************************

$$$$$$$$$$$$$$$$$$$$$$$$$$$$$$$$
Calling Z3str3

Returned solutions: 
(define-fun string0 () String  "<bA")
*************************************
Satisfiable: true
string0 => "<bA"
*************************************

$$$$$$$$$$$$$$$$$$$$$$$$$$$$$$$$
Calling Z3str3

Returned solutions: 
(define-fun string0 () String  "<ba")
*************************************
Satisfiable: true
string0 => "<ba"
*************************************

$$$$$$$$$$$$$$$$$$$$$$$$$$$$$$$$
Calling Z3str3

*************************************
Satisfiable: false
*************************************

$$$$$$$$$$$$$$$$$$$$$$$$$$$$$$$$
Calling Z3str3

*************************************
Satisfiable: false
*************************************

$$$$$$$$$$$$$$$$$$$$$$$$$$$$$$$$
Calling Z3str3

*************************************
Satisfiable: false
*************************************

$$$$$$$$$$$$$$$$$$$$$$$$$$$$$$$$
Calling Z3str3

Returned solutions: 
(define-fun string0 () String  "AB")
*************************************
Satisfiable: true
string0 => "AB"
*************************************

$$$$$$$$$$$$$$$$$$$$$$$$$$$$$$$$
Calling Z3str3

Returned solutions: 
(define-fun string0 () String  "A<")
*************************************
Satisfiable: true
string0 => "A<"
*************************************

$$$$$$$$$$$$$$$$$$$$$$$$$$$$$$$$
Calling Z3str3

*************************************
Satisfiable: false
*************************************

$$$$$$$$$$$$$$$$$$$$$$$$$$$$$$$$
Calling Z3str3

Returned solutions: 
(define-fun string0 () String  "A<")
*************************************
Satisfiable: true
string0 => "A<"
*************************************

$$$$$$$$$$$$$$$$$$$$$$$$$$$$$$$$
Calling Z3str3

Returned solutions: 
(define-fun string0 () String  "EF")
*************************************
Satisfiable: true
string0 => "EF"
*************************************

$$$$$$$$$$$$$$$$$$$$$$$$$$$$$$$$
Calling Z3str3

*************************************
Satisfiable: false
*************************************

$$$$$$$$$$$$$$$$$$$$$$$$$$$$$$$$
Calling Z3str3

*************************************
Satisfiable: false
*************************************

$$$$$$$$$$$$$$$$$$$$$$$$$$$$$$$$
Calling Z3str3

*************************************
Satisfiable: false
*************************************

$$$$$$$$$$$$$$$$$$$$$$$$$$$$$$$$
Calling Z3str3

Returned solutions: 
(define-fun string0 () String  "A")
*************************************
Satisfiable: true
string0 => "A"
*************************************

$$$$$$$$$$$$$$$$$$$$$$$$$$$$$$$$
Calling Z3str3

Returned solutions: 
(define-fun string0 () String  "A")
*************************************
Satisfiable: true
string0 => "A"
*************************************

$$$$$$$$$$$$$$$$$$$$$$$$$$$$$$$$
Calling Z3str3

*************************************
Satisfiable: false
*************************************

$$$$$$$$$$$$$$$$$$$$$$$$$$$$$$$$
Calling Z3str3

Returned solutions: 
(define-fun string0 () String  "A")
*************************************
Satisfiable: true
string0 => "A"
*************************************

$$$$$$$$$$$$$$$$$$$$$$$$$$$$$$$$
Calling Z3str3

