./jpf-sv-comp --propertyfile ../../sv-benchmarks/java/properties/runtime-exception.prp ../../sv-benchmarks/java/common ../../sv-benchmarks/java/securibench/micro ../../sv-benchmarks/java/securibench/Sanitizers2


--------------------------------------------------------------------------------


PROP_FILE=../../sv-benchmarks/java/properties/runtime-exception.prp
CHECK(init(Main.main()), LTL(G ! uncaught(java.lang.RuntimeException)))
ASSERTION_MODE=FALSE
RUNTIME_EXCEPTION_MODE=TRUE
Note: Some input files use unchecked or unsafe operations.
Note: Recompile with -Xlint:unchecked for details.
/tmp/jpf-benchmark.4ayR4a/config.jpf
LD_LIBRARY_PATH=/home/f8/Desktop/bench-defs/bin/spf-2Fi5DX82Mr/jpf-symbc/lib:/home/f8/Desktop/SPF/jpf-symbc/lib:
symbolic.min_int=-2147483648
symbolic.min_long=-9223372036854775808
symbolic.min_short=-32768
symbolic.min_byte=-128
symbolic.min_char=0
symbolic.max_int=2147483647
symbolic.max_long=9223372036854775807
symbolic.max_short=32767
symbolic.max_byte=127
symbolic.max_char=65535
symbolic.min_double=4.9E-324
symbolic.max_double=1.7976931348623157E308
JavaPathfinder core system v8.0 (rev a9cfdfd20e921dacd2aaa6e92103681eb28cc81d) - (C) 2005-2014 United States Government. All rights reserved.


====================================================== system under test
Main.main()

====================================================== search started: 7/8/25 3:11 AM
$$$$$$$$$$$$$$$$$$$$$$$$$$$$$$$$
Calling Z3str3

Returned solutions: 
(define-fun string0 () String  "")
*************************************
Satisfiable: true
string0 => ""
*************************************

$$$$$$$$$$$$$$$$$$$$$$$$$$$$$$$$
Calling Z3str3

Returned solutions: 
(define-fun string0 () String  "A")
*************************************
Satisfiable: true
string0 => "A"
*************************************

$$$$$$$$$$$$$$$$$$$$$$$$$$$$$$$$
Calling Z3str3

Returned solutions: 
(define-fun string0 () String  "&")
*************************************
Satisfiable: true
string0 => "&"
*************************************

$$$$$$$$$$$$$$$$$$$$$$$$$$$$$$$$
Calling Z3str3

Returned solutions: 
(define-fun string0 () String  "&")
*************************************
Satisfiable: true
string0 => "&"
*************************************

$$$$$$$$$$$$$$$$$$$$$$$$$$$$$$$$
Calling Z3str3

Returned solutions: 
(define-fun string0 () String  "&A")
*************************************
Satisfiable: true
string0 => "&A"
*************************************

$$$$$$$$$$$$$$$$$$$$$$$$$$$$$$$$
Calling Z3str3

Returned solutions: 
(define-fun string0 () String  "&&")
*************************************
Satisfiable: true
string0 => "&&"
*************************************

$$$$$$$$$$$$$$$$$$$$$$$$$$$$$$$$
Calling Z3str3

Returned solutions: 
(define-fun string0 () String  "&&")
*************************************
Satisfiable: true
string0 => "&&"
*************************************

$$$$$$$$$$$$$$$$$$$$$$$$$$$$$$$$
Calling Z3str3

Returned solutions: 
(define-fun string0 () String  "&&A")
*************************************
Satisfiable: true
string0 => "&&A"
*************************************

$$$$$$$$$$$$$$$$$$$$$$$$$$$$$$$$
Calling Z3str3

Returned solutions: 
(define-fun string0 () String  "&&&")
*************************************
Satisfiable: true
string0 => "&&&"
*************************************

$$$$$$$$$$$$$$$$$$$$$$$$$$$$$$$$
Calling Z3str3

Returned solutions: 
(define-fun string0 () String  "&&&")
*************************************
Satisfiable: true
string0 => "&&&"
*************************************

$$$$$$$$$$$$$$$$$$$$$$$$$$$$$$$$
Calling Z3str3

Returned solutions: 
(define-fun string0 () String  "&&&A")
*************************************
Satisfiable: true
string0 => "&&&A"
*************************************

$$$$$$$$$$$$$$$$$$$$$$$$$$$$$$$$
Calling Z3str3

Returned solutions: 
(define-fun string0 () String  "&&&&")
*************************************
Satisfiable: true
string0 => "&&&&"
*************************************

$$$$$$$$$$$$$$$$$$$$$$$$$$$$$$$$
Calling Z3str3

Returned solutions: 
(define-fun string0 () String  "&&&&")
*************************************
Satisfiable: true
string0 => "&&&&"
*************************************

$$$$$$$$$$$$$$$$$$$$$$$$$$$$$$$$
Calling Z3str3

Returned solutions: 
(define-fun string0 () String  "&&&&AB")
*************************************
Satisfiable: true
string0 => "&&&&AB"
*************************************

$$$$$$$$$$$$$$$$$$$$$$$$$$$$$$$$
Calling Z3str3

Returned solutions: 
(define-fun string0 () String  "&&&&&")
*************************************
Satisfiable: true
string0 => "&&&&&"
*************************************

$$$$$$$$$$$$$$$$$$$$$$$$$$$$$$$$
Calling Z3str3

Returned solutions: 
(define-fun string0 () String  "&&&&&")
*************************************
Satisfiable: true
string0 => "&&&&&"
*************************************

$$$$$$$$$$$$$$$$$$$$$$$$$$$$$$$$
Calling Z3str3

Returned solutions: 
(define-fun string0 () String  "&&&&&A")
*************************************
Satisfiable: true
string0 => "&&&&&A"
*************************************

$$$$$$$$$$$$$$$$$$$$$$$$$$$$$$$$
Calling Z3str3

Returned solutions: 
(define-fun string0 () String  "&&&&&&")
*************************************
Satisfiable: true
string0 => "&&&&&&"
*************************************

$$$$$$$$$$$$$$$$$$$$$$$$$$$$$$$$
Calling Z3str3

Returned solutions: 
(define-fun string0 () String  "&&&&&&")
*************************************
Satisfiable: true
string0 => "&&&&&&"
*************************************

$$$$$$$$$$$$$$$$$$$$$$$$$$$$$$$$
Calling Z3str3

Returned solutions: 
(define-fun string0 () String  "&&&&&&A")
*************************************
Satisfiable: true
string0 => "&&&&&&A"
*************************************


====================================================== search constraint
depth limit reached: 13

====================================================== snapshot 
thread java.lang.Thread:{id:0,name:main,status:RUNNING,priority:5,isDaemon:false,lockCount:0,suspendCount:0}
  call stack:
	at securibench.micro.sanitizers.Sanitizers2.clean(Sanitizers2.java:42)
	at securibench.micro.sanitizers.Sanitizers2.doGet(Sanitizers2.java:31)
	at Main.main(Main.java:23)

$$$$$$$$$$$$$$$$$$$$$$$$$$$$$$$$
Calling Z3str3

Returned solutions: 
(define-fun string0 () String  "&&&&&<")
*************************************
Satisfiable: true
string0 => "&&&&&<"
*************************************

$$$$$$$$$$$$$$$$$$$$$$$$$$$$$$$$
Calling Z3str3

Returned solutions: 
(define-fun string0 () String  "&&&&&<")
*************************************
Satisfiable: true
string0 => "&&&&&<"
*************************************

$$$$$$$$$$$$$$$$$$$$$$$$$$$$$$$$
Calling Z3str3

Returned solutions: 
(define-fun string0 () String  "&&&&&<A")
*************************************
Satisfiable: true
string0 => "&&&&&<A"
*************************************


====================================================== search constraint
depth limit reached: 13

====================================================== snapshot 
thread java.lang.Thread:{id:0,name:main,status:RUNNING,priority:5,isDaemon:false,lockCount:0,suspendCount:0}
  call stack:
	at securibench.micro.sanitizers.Sanitizers2.clean(Sanitizers2.java:42)
	at securibench.micro.sanitizers.Sanitizers2.doGet(Sanitizers2.java:31)
	at Main.main(Main.java:23)

$$$$$$$$$$$$$$$$$$$$$$$$$$$$$$$$
Calling Z3str3

Returned solutions: 
(define-fun string0 () String  "&&&&&>")
*************************************
Satisfiable: true
string0 => "&&&&&>"
*************************************

$$$$$$$$$$$$$$$$$$$$$$$$$$$$$$$$
Calling Z3str3

Returned solutions: 
(define-fun string0 () String  "&&&&&>")
*************************************
Satisfiable: true
string0 => "&&&&&>"
*************************************

$$$$$$$$$$$$$$$$$$$$$$$$$$$$$$$$
Calling Z3str3

Returned solutions: 
(define-fun string0 () String  "&&&&&>A")
*************************************
Satisfiable: true
string0 => "&&&&&>A"
*************************************


====================================================== search constraint
depth limit reached: 13

====================================================== snapshot 
thread java.lang.Thread:{id:0,name:main,status:RUNNING,priority:5,isDaemon:false,lockCount:0,suspendCount:0}
  call stack:
	at securibench.micro.sanitizers.Sanitizers2.clean(Sanitizers2.java:42)
	at securibench.micro.sanitizers.Sanitizers2.doGet(Sanitizers2.java:31)
	at Main.main(Main.java:23)

$$$$$$$$$$$$$$$$$$$$$$$$$$$$$$$$
Calling Z3str3

Returned solutions: 
(define-fun string0 () String  "&&&&&A")
*************************************
Satisfiable: true
string0 => "&&&&&A"
*************************************

$$$$$$$$$$$$$$$$$$$$$$$$$$$$$$$$
Calling Z3str3

Returned solutions: 
(define-fun string0 () String  "&&&&&A")
*************************************
Satisfiable: true
string0 => "&&&&&A"
*************************************

$$$$$$$$$$$$$$$$$$$$$$$$$$$$$$$$
Calling Z3str3

Returned solutions: 
(define-fun string0 () String  "&&&&&_")
*************************************
Satisfiable: true
string0 => "&&&&&_"
*************************************


====================================================== search constraint
depth limit reached: 13

====================================================== snapshot 
thread java.lang.Thread:{id:0,name:main,status:RUNNING,priority:5,isDaemon:false,lockCount:0,suspendCount:0}
  call stack:
	at securibench.micro.sanitizers.Sanitizers2.clean(Sanitizers2.java:55)
	at securibench.micro.sanitizers.Sanitizers2.doGet(Sanitizers2.java:31)
	at Main.main(Main.java:23)

$$$$$$$$$$$$$$$$$$$$$$$$$$$$$$$$
Calling Z3str3

Returned solutions: 
(define-fun string0 () String  "&&&&<")
*************************************
Satisfiable: true
string0 => "&&&&<"
*************************************

$$$$$$$$$$$$$$$$$$$$$$$$$$$$$$$$
Calling Z3str3

Returned solutions: 
(define-fun string0 () String  "&&&&<")
*************************************
Satisfiable: true
string0 => "&&&&<"
*************************************

$$$$$$$$$$$$$$$$$$$$$$$$$$$$$$$$
Calling Z3str3

Returned solutions: 
(define-fun string0 () String  "&&&&<A")
*************************************
Satisfiable: true
string0 => "&&&&<A"
*************************************

$$$$$$$$$$$$$$$$$$$$$$$$$$$$$$$$
Calling Z3str3

Returned solutions: 
(define-fun string0 () String  "&&&&<&")
*************************************
Satisfiable: true
string0 => "&&&&<&"
*************************************

$$$$$$$$$$$$$$$$$$$$$$$$$$$$$$$$
Calling Z3str3

Returned solutions: 
(define-fun string0 () String  "&&&&<&")
*************************************
Satisfiable: true
string0 => "&&&&<&"
*************************************

$$$$$$$$$$$$$$$$$$$$$$$$$$$$$$$$
Calling Z3str3

Returned solutions: 
(define-fun string0 () String  "&&&&<&A")
*************************************
Satisfiable: true
string0 => "&&&&<&A"
*************************************


====================================================== search constraint
depth limit reached: 13

====================================================== snapshot 
thread java.lang.Thread:{id:0,name:main,status:RUNNING,priority:5,isDaemon:false,lockCount:0,suspendCount:0}
  call stack:
	at securibench.micro.sanitizers.Sanitizers2.clean(Sanitizers2.java:42)
	at securibench.micro.sanitizers.Sanitizers2.doGet(Sanitizers2.java:31)
	at Main.main(Main.java:23)

$$$$$$$$$$$$$$$$$$$$$$$$$$$$$$$$
Calling Z3str3

Returned solutions: 
(define-fun string0 () String  "&&&&<<")
*************************************
Satisfiable: true
string0 => "&&&&<<"
*************************************

$$$$$$$$$$$$$$$$$$$$$$$$$$$$$$$$
Calling Z3str3

Returned solutions: 
(define-fun string0 () String  "&&&&<<")
*************************************
Satisfiable: true
string0 => "&&&&<<"
*************************************

$$$$$$$$$$$$$$$$$$$$$$$$$$$$$$$$
Calling Z3str3

Returned solutions: 
(define-fun string0 () String  "&&&&<<A")
*************************************
Satisfiable: true
string0 => "&&&&<<A"
*************************************


====================================================== search constraint
depth limit reached: 13

====================================================== snapshot 
thread java.lang.Thread:{id:0,name:main,status:RUNNING,priority:5,isDaemon:false,lockCount:0,suspendCount:0}
  call stack:
	at securibench.micro.sanitizers.Sanitizers2.clean(Sanitizers2.java:42)
	at securibench.micro.sanitizers.Sanitizers2.doGet(Sanitizers2.java:31)
	at Main.main(Main.java:23)

$$$$$$$$$$$$$$$$$$$$$$$$$$$$$$$$
Calling Z3str3

Returned solutions: 
(define-fun string0 () String  "&&&&<>")
*************************************
Satisfiable: true
string0 => "&&&&<>"
*************************************

$$$$$$$$$$$$$$$$$$$$$$$$$$$$$$$$
Calling Z3str3

Returned solutions: 
(define-fun string0 () String  "&&&&<>")
*************************************
Satisfiable: true
string0 => "&&&&<>"
*************************************

$$$$$$$$$$$$$$$$$$$$$$$$$$$$$$$$
Calling Z3str3

Returned solutions: 
(define-fun string0 () String  "&&&&<>A")
*************************************
Satisfiable: true
string0 => "&&&&<>A"
*************************************


====================================================== search constraint
depth limit reached: 13

====================================================== snapshot 
thread java.lang.Thread:{id:0,name:main,status:RUNNING,priority:5,isDaemon:false,lockCount:0,suspendCount:0}
  call stack:
	at securibench.micro.sanitizers.Sanitizers2.clean(Sanitizers2.java:42)
	at securibench.micro.sanitizers.Sanitizers2.doGet(Sanitizers2.java:31)
	at Main.main(Main.java:23)

$$$$$$$$$$$$$$$$$$$$$$$$$$$$$$$$
Calling Z3str3

Returned solutions: 
(define-fun string0 () String  "&&&&<A")
*************************************
Satisfiable: true
string0 => "&&&&<A"
*************************************

$$$$$$$$$$$$$$$$$$$$$$$$$$$$$$$$
Calling Z3str3

Returned solutions: 
(define-fun string0 () String  "&&&&<A")
*************************************
Satisfiable: true
string0 => "&&&&<A"
*************************************

$$$$$$$$$$$$$$$$$$$$$$$$$$$$$$$$
Calling Z3str3

Returned solutions: 
(define-fun string0 () String  "&&&&<_")
*************************************
Satisfiable: true
string0 => "&&&&<_"
*************************************


====================================================== search constraint
depth limit reached: 13

====================================================== snapshot 
thread java.lang.Thread:{id:0,name:main,status:RUNNING,priority:5,isDaemon:false,lockCount:0,suspendCount:0}
  call stack:
	at securibench.micro.sanitizers.Sanitizers2.clean(Sanitizers2.java:55)
	at securibench.micro.sanitizers.Sanitizers2.doGet(Sanitizers2.java:31)
	at Main.main(Main.java:23)

$$$$$$$$$$$$$$$$$$$$$$$$$$$$$$$$
Calling Z3str3

Returned solutions: 
(define-fun string0 () String  "&&&&>")
*************************************
Satisfiable: true
string0 => "&&&&>"
*************************************

$$$$$$$$$$$$$$$$$$$$$$$$$$$$$$$$
Calling Z3str3

Returned solutions: 
(define-fun string0 () String  "&&&&>")
*************************************
Satisfiable: true
string0 => "&&&&>"
*************************************

$$$$$$$$$$$$$$$$$$$$$$$$$$$$$$$$
Calling Z3str3

Returned solutions: 
(define-fun string0 () String  "&&&&>A")
*************************************
Satisfiable: true
string0 => "&&&&>A"
*************************************

$$$$$$$$$$$$$$$$$$$$$$$$$$$$$$$$
Calling Z3str3

Returned solutions: 
(define-fun string0 () String  "&&&&>&")
*************************************
Satisfiable: true
string0 => "&&&&>&"
*************************************

$$$$$$$$$$$$$$$$$$$$$$$$$$$$$$$$
Calling Z3str3

Returned solutions: 
(define-fun string0 () String  "&&&&>&")
*************************************
Satisfiable: true
string0 => "&&&&>&"
*************************************

$$$$$$$$$$$$$$$$$$$$$$$$$$$$$$$$
Calling Z3str3

Returned solutions: 
(define-fun string0 () String  "&&&&>&A")
*************************************
Satisfiable: true
string0 => "&&&&>&A"
*************************************


====================================================== search constraint
depth limit reached: 13

====================================================== snapshot 
thread java.lang.Thread:{id:0,name:main,status:RUNNING,priority:5,isDaemon:false,lockCount:0,suspendCount:0}
  call stack:
	at securibench.micro.sanitizers.Sanitizers2.clean(Sanitizers2.java:42)
	at securibench.micro.sanitizers.Sanitizers2.doGet(Sanitizers2.java:31)
	at Main.main(Main.java:23)

$$$$$$$$$$$$$$$$$$$$$$$$$$$$$$$$
Calling Z3str3

Returned solutions: 
(define-fun string0 () String  "&&&&><")
*************************************
Satisfiable: true
string0 => "&&&&><"
*************************************

$$$$$$$$$$$$$$$$$$$$$$$$$$$$$$$$
Calling Z3str3

Returned solutions: 
(define-fun string0 () String  "&&&&><")
*************************************
Satisfiable: true
string0 => "&&&&><"
*************************************

$$$$$$$$$$$$$$$$$$$$$$$$$$$$$$$$
Calling Z3str3

Returned solutions: 
(define-fun string0 () String  "&&&&><A")
*************************************
Satisfiable: true
string0 => "&&&&><A"
*************************************


====================================================== search constraint
depth limit reached: 13

====================================================== snapshot 
thread java.lang.Thread:{id:0,name:main,status:RUNNING,priority:5,isDaemon:false,lockCount:0,suspendCount:0}
  call stack:
	at securibench.micro.sanitizers.Sanitizers2.clean(Sanitizers2.java:42)
	at securibench.micro.sanitizers.Sanitizers2.doGet(Sanitizers2.java:31)
	at Main.main(Main.java:23)

$$$$$$$$$$$$$$$$$$$$$$$$$$$$$$$$
Calling Z3str3

Returned solutions: 
(define-fun string0 () String  "&&&&>>")
*************************************
Satisfiable: true
string0 => "&&&&>>"
*************************************

$$$$$$$$$$$$$$$$$$$$$$$$$$$$$$$$
Calling Z3str3

Returned solutions: 
(define-fun string0 () String  "&&&&>>")
*************************************
Satisfiable: true
string0 => "&&&&>>"
*************************************

$$$$$$$$$$$$$$$$$$$$$$$$$$$$$$$$
Calling Z3str3

Returned solutions: 
(define-fun string0 () String  "&&&&>>A")
*************************************
Satisfiable: true
string0 => "&&&&>>A"
*************************************


====================================================== search constraint
depth limit reached: 13

====================================================== snapshot 
thread java.lang.Thread:{id:0,name:main,status:RUNNING,priority:5,isDaemon:false,lockCount:0,suspendCount:0}
  call stack:
	at securibench.micro.sanitizers.Sanitizers2.clean(Sanitizers2.java:42)
	at securibench.micro.sanitizers.Sanitizers2.doGet(Sanitizers2.java:31)
	at Main.main(Main.java:23)

$$$$$$$$$$$$$$$$$$$$$$$$$$$$$$$$
Calling Z3str3

Returned solutions: 
(define-fun string0 () String  "&&&&>A")
*************************************
Satisfiable: true
string0 => "&&&&>A"
*************************************

$$$$$$$$$$$$$$$$$$$$$$$$$$$$$$$$
Calling Z3str3

Returned solutions: 
(define-fun string0 () String  "&&&&>A")
*************************************
Satisfiable: true
string0 => "&&&&>A"
*************************************

$$$$$$$$$$$$$$$$$$$$$$$$$$$$$$$$
Calling Z3str3

Returned solutions: 
(define-fun string0 () String  "&&&&>_")
*************************************
Satisfiable: true
string0 => "&&&&>_"
*************************************


====================================================== search constraint
depth limit reached: 13

====================================================== snapshot 
thread java.lang.Thread:{id:0,name:main,status:RUNNING,priority:5,isDaemon:false,lockCount:0,suspendCount:0}
  call stack:
	at securibench.micro.sanitizers.Sanitizers2.clean(Sanitizers2.java:55)
	at securibench.micro.sanitizers.Sanitizers2.doGet(Sanitizers2.java:31)
	at Main.main(Main.java:23)

$$$$$$$$$$$$$$$$$$$$$$$$$$$$$$$$
Calling Z3str3

Returned solutions: 
(define-fun string0 () String  "&&&&A")
*************************************
Satisfiable: true
string0 => "&&&&A"
*************************************

$$$$$$$$$$$$$$$$$$$$$$$$$$$$$$$$
Calling Z3str3

Returned solutions: 
(define-fun string0 () String  "&&&&A")
*************************************
Satisfiable: true
string0 => "&&&&A"
*************************************

$$$$$$$$$$$$$$$$$$$$$$$$$$$$$$$$
Calling Z3str3

Returned solutions: 
(define-fun string0 () String  "&&&&_")
*************************************
Satisfiable: true
string0 => "&&&&_"
*************************************

$$$$$$$$$$$$$$$$$$$$$$$$$$$$$$$$
Calling Z3str3

Returned solutions: 
(define-fun string0 () String  "&&&&_")
*************************************
Satisfiable: true
string0 => "&&&&_"
*************************************

$$$$$$$$$$$$$$$$$$$$$$$$$$$$$$$$
Calling Z3str3

Returned solutions: 
(define-fun string0 () String  "&&&&_A")
*************************************
Satisfiable: true
string0 => "&&&&_A"
*************************************


====================================================== search constraint
depth limit reached: 13

====================================================== snapshot 
thread java.lang.Thread:{id:0,name:main,status:RUNNING,priority:5,isDaemon:false,lockCount:0,suspendCount:0}
  call stack:
	at securibench.micro.sanitizers.Sanitizers2.clean(Sanitizers2.java:44)
	at securibench.micro.sanitizers.Sanitizers2.doGet(Sanitizers2.java:31)
	at Main.main(Main.java:23)


====================================================== search constraint
depth limit reached: 13

====================================================== snapshot 
thread java.lang.Thread:{id:0,name:main,status:RUNNING,priority:5,isDaemon:false,lockCount:0,suspendCount:0}
  call stack:
	at mockx.servlet.http.HttpServletResponse.checkNoSymbolic(HttpServletResponse.java:37)
	at mockx.servlet.http.HttpServletResponse.access$000(HttpServletResponse.java:12)
	at mockx.servlet.http.HttpServletResponse$1.println(HttpServletResponse.java:22)
	at securibench.micro.sanitizers.Sanitizers2.doGet(Sanitizers2.java:36)
	at Main.main(Main.java:23)

$$$$$$$$$$$$$$$$$$$$$$$$$$$$$$$$
Calling Z3str3

Returned solutions: 
(define-fun string0 () String  "&&&&A")
*************************************
Satisfiable: true
string0 => "&&&&A"
*************************************

$$$$$$$$$$$$$$$$$$$$$$$$$$$$$$$$
Calling Z3str3

Returned solutions: 
(define-fun string0 () String  "&&&&AB")
*************************************
Satisfiable: true
string0 => "&&&&AB"
*************************************


====================================================== search constraint
depth limit reached: 13

====================================================== snapshot 
thread java.lang.Thread:{id:0,name:main,status:RUNNING,priority:5,isDaemon:false,lockCount:0,suspendCount:0}
  call stack:
	at securibench.micro.sanitizers.Sanitizers2.clean(Sanitizers2.java:44)
	at securibench.micro.sanitizers.Sanitizers2.doGet(Sanitizers2.java:31)
	at Main.main(Main.java:23)


====================================================== search constraint
depth limit reached: 13

====================================================== snapshot 
thread java.lang.Thread:{id:0,name:main,status:RUNNING,priority:5,isDaemon:false,lockCount:0,suspendCount:0}
  call stack:
	at mockx.servlet.http.HttpServletResponse.checkNoSymbolic(HttpServletResponse.java:37)
	at mockx.servlet.http.HttpServletResponse.access$000(HttpServletResponse.java:12)
	at mockx.servlet.http.HttpServletResponse$1.println(HttpServletResponse.java:22)
	at securibench.micro.sanitizers.Sanitizers2.doGet(Sanitizers2.java:36)
	at Main.main(Main.java:23)

$$$$$$$$$$$$$$$$$$$$$$$$$$$$$$$$
Calling Z3str3

*************************************
Satisfiable: false
*************************************

$$$$$$$$$$$$$$$$$$$$$$$$$$$$$$$$
Calling Z3str3

Returned solutions: 
(define-fun string0 () String  "&&&&")
*************************************
Satisfiable: true
string0 => "&&&&"
*************************************

$$$$$$$$$$$$$$$$$$$$$$$$$$$$$$$$
Calling Z3str3

*************************************
Satisfiable: false
*************************************

$$$$$$$$$$$$$$$$$$$$$$$$$$$$$$$$
Calling Z3str3

Returned solutions: 
(define-fun string0 () String  "&&&&")
*************************************
Satisfiable: true
string0 => "&&&&"
*************************************

$$$$$$$$$$$$$$$$$$$$$$$$$$$$$$$$
Calling Z3str3

*************************************
Satisfiable: false
*************************************

$$$$$$$$$$$$$$$$$$$$$$$$$$$$$$$$
Calling Z3str3

Returned solutions: 
(define-fun string0 () String  "&&&<")
*************************************
Satisfiable: true
string0 => "&&&<"
*************************************

$$$$$$$$$$$$$$$$$$$$$$$$$$$$$$$$
Calling Z3str3

Returned solutions: 
(define-fun string0 () String  "&&&<")
*************************************
Satisfiable: true
string0 => "&&&<"
*************************************

$$$$$$$$$$$$$$$$$$$$$$$$$$$$$$$$
Calling Z3str3

Returned solutions: 
(define-fun string0 () String  "&&&<A")
*************************************
Satisfiable: true
string0 => "&&&<A"
*************************************

$$$$$$$$$$$$$$$$$$$$$$$$$$$$$$$$
Calling Z3str3

Returned solutions: 
(define-fun string0 () String  "&&&<&")
*************************************
Satisfiable: true
string0 => "&&&<&"
*************************************

$$$$$$$$$$$$$$$$$$$$$$$$$$$$$$$$
Calling Z3str3

Returned solutions: 
(define-fun string0 () String  "&&&<&")
*************************************
Satisfiable: true
string0 => "&&&<&"
*************************************

$$$$$$$$$$$$$$$$$$$$$$$$$$$$$$$$
Calling Z3str3

Returned solutions: 
(define-fun string0 () String  "&&&<&A")
*************************************
Satisfiable: true
string0 => "&&&<&A"
*************************************

$$$$$$$$$$$$$$$$$$$$$$$$$$$$$$$$
Calling Z3str3

Returned solutions: 
(define-fun string0 () String  "&&&<&&")
*************************************
Satisfiable: true
string0 => "&&&<&&"
*************************************

$$$$$$$$$$$$$$$$$$$$$$$$$$$$$$$$
Calling Z3str3

Returned solutions: 
(define-fun string0 () String  "&&&<&&")
*************************************
Satisfiable: true
string0 => "&&&<&&"
*************************************

$$$$$$$$$$$$$$$$$$$$$$$$$$$$$$$$
Calling Z3str3

Returned solutions: 
(define-fun string0 () String  "&&&<&&A")
*************************************
Satisfiable: true
string0 => "&&&<&&A"
*************************************


====================================================== search constraint
depth limit reached: 13

====================================================== snapshot 
thread java.lang.Thread:{id:0,name:main,status:RUNNING,priority:5,isDaemon:false,lockCount:0,suspendCount:0}
  call stack:
	at securibench.micro.sanitizers.Sanitizers2.clean(Sanitizers2.java:42)
	at securibench.micro.sanitizers.Sanitizers2.doGet(Sanitizers2.java:31)
	at Main.main(Main.java:23)

$$$$$$$$$$$$$$$$$$$$$$$$$$$$$$$$
Calling Z3str3

Returned solutions: 
(define-fun string0 () String  "&&&<&<")
*************************************
Satisfiable: true
string0 => "&&&<&<"
*************************************

$$$$$$$$$$$$$$$$$$$$$$$$$$$$$$$$
Calling Z3str3

Returned solutions: 
(define-fun string0 () String  "&&&<&<")
*************************************
Satisfiable: true
string0 => "&&&<&<"
*************************************

$$$$$$$$$$$$$$$$$$$$$$$$$$$$$$$$
Calling Z3str3

Returned solutions: 
(define-fun string0 () String  "&&&<&<A")
*************************************
Satisfiable: true
string0 => "&&&<&<A"
*************************************


====================================================== search constraint
depth limit reached: 13

====================================================== snapshot 
thread java.lang.Thread:{id:0,name:main,status:RUNNING,priority:5,isDaemon:false,lockCount:0,suspendCount:0}
  call stack:
	at securibench.micro.sanitizers.Sanitizers2.clean(Sanitizers2.java:42)
	at securibench.micro.sanitizers.Sanitizers2.doGet(Sanitizers2.java:31)
	at Main.main(Main.java:23)

$$$$$$$$$$$$$$$$$$$$$$$$$$$$$$$$
Calling Z3str3

Returned solutions: 
(define-fun string0 () String  "&&&<&>")
*************************************
Satisfiable: true
string0 => "&&&<&>"
*************************************

$$$$$$$$$$$$$$$$$$$$$$$$$$$$$$$$
Calling Z3str3

Returned solutions: 
(define-fun string0 () String  "&&&<&>")
*************************************
Satisfiable: true
string0 => "&&&<&>"
*************************************

$$$$$$$$$$$$$$$$$$$$$$$$$$$$$$$$
Calling Z3str3

Returned solutions: 
(define-fun string0 () String  "&&&<&>A")
*************************************
Satisfiable: true
string0 => "&&&<&>A"
*************************************


====================================================== search constraint
depth limit reached: 13

====================================================== snapshot 
thread java.lang.Thread:{id:0,name:main,status:RUNNING,priority:5,isDaemon:false,lockCount:0,suspendCount:0}
  call stack:
	at securibench.micro.sanitizers.Sanitizers2.clean(Sanitizers2.java:42)
	at securibench.micro.sanitizers.Sanitizers2.doGet(Sanitizers2.java:31)
	at Main.main(Main.java:23)

$$$$$$$$$$$$$$$$$$$$$$$$$$$$$$$$
Calling Z3str3

Returned solutions: 
(define-fun string0 () String  "&&&<&A")
*************************************
Satisfiable: true
string0 => "&&&<&A"
*************************************

$$$$$$$$$$$$$$$$$$$$$$$$$$$$$$$$
Calling Z3str3

Returned solutions: 
(define-fun string0 () String  "&&&<&A")
*************************************
Satisfiable: true
string0 => "&&&<&A"
*************************************

$$$$$$$$$$$$$$$$$$$$$$$$$$$$$$$$
Calling Z3str3

Returned solutions: 
(define-fun string0 () String  "&&&<&_")
*************************************
Satisfiable: true
string0 => "&&&<&_"
*************************************


====================================================== search constraint
depth limit reached: 13

====================================================== snapshot 
thread java.lang.Thread:{id:0,name:main,status:RUNNING,priority:5,isDaemon:false,lockCount:0,suspendCount:0}
  call stack:
	at securibench.micro.sanitizers.Sanitizers2.clean(Sanitizers2.java:55)
	at securibench.micro.sanitizers.Sanitizers2.doGet(Sanitizers2.java:31)
	at Main.main(Main.java:23)

$$$$$$$$$$$$$$$$$$$$$$$$$$$$$$$$
Calling Z3str3

*************************************
Satisfiable: false
*************************************


====================================================== search constraint
depth limit reached: 13

====================================================== snapshot 
thread java.lang.Thread:{id:0,name:main,status:RUNNING,priority:5,isDaemon:false,lockCount:0,suspendCount:0}
  call stack:
	at mockx.servlet.http.HttpServletResponse.checkNoSymbolic(HttpServletResponse.java:40)
	at mockx.servlet.http.HttpServletResponse.access$000(HttpServletResponse.java:12)
	at mockx.servlet.http.HttpServletResponse$1.println(HttpServletResponse.java:22)
	at securibench.micro.sanitizers.Sanitizers2.doGet(Sanitizers2.java:36)
	at Main.main(Main.java:23)

$$$$$$$$$$$$$$$$$$$$$$$$$$$$$$$$
Calling Z3str3

Returned solutions: 
(define-fun string0 () String  "&&&<&")
*************************************
Satisfiable: true
string0 => "&&&<&"
*************************************


====================================================== search constraint
depth limit reached: 13

====================================================== snapshot 
thread java.lang.Thread:{id:0,name:main,status:RUNNING,priority:5,isDaemon:false,lockCount:0,suspendCount:0}
  call stack:
	at mockx.servlet.http.HttpServletResponse.checkNoSymbolic(HttpServletResponse.java:37)
	at mockx.servlet.http.HttpServletResponse.access$000(HttpServletResponse.java:12)
	at mockx.servlet.http.HttpServletResponse$1.println(HttpServletResponse.java:22)
	at securibench.micro.sanitizers.Sanitizers2.doGet(Sanitizers2.java:36)
	at Main.main(Main.java:23)

$$$$$$$$$$$$$$$$$$$$$$$$$$$$$$$$
Calling Z3str3

Returned solutions: 
(define-fun string0 () String  "&&&<<")
*************************************
Satisfiable: true
string0 => "&&&<<"
*************************************

$$$$$$$$$$$$$$$$$$$$$$$$$$$$$$$$
Calling Z3str3

Returned solutions: 
(define-fun string0 () String  "&&&<<")
*************************************
Satisfiable: true
string0 => "&&&<<"
*************************************

$$$$$$$$$$$$$$$$$$$$$$$$$$$$$$$$
Calling Z3str3

Returned solutions: 
(define-fun string0 () String  "&&&<<A")
*************************************
Satisfiable: true
string0 => "&&&<<A"
*************************************

$$$$$$$$$$$$$$$$$$$$$$$$$$$$$$$$
Calling Z3str3

Returned solutions: 
(define-fun string0 () String  "&&&<<&")
*************************************
Satisfiable: true
string0 => "&&&<<&"
*************************************

$$$$$$$$$$$$$$$$$$$$$$$$$$$$$$$$
Calling Z3str3

Returned solutions: 
(define-fun string0 () String  "&&&<<&")
*************************************
Satisfiable: true
string0 => "&&&<<&"
*************************************

$$$$$$$$$$$$$$$$$$$$$$$$$$$$$$$$
Calling Z3str3

Returned solutions: 
(define-fun string0 () String  "&&&<<&A")
*************************************
Satisfiable: true
string0 => "&&&<<&A"
*************************************


====================================================== search constraint
depth limit reached: 13

====================================================== snapshot 
thread java.lang.Thread:{id:0,name:main,status:RUNNING,priority:5,isDaemon:false,lockCount:0,suspendCount:0}
  call stack:
	at securibench.micro.sanitizers.Sanitizers2.clean(Sanitizers2.java:42)
	at securibench.micro.sanitizers.Sanitizers2.doGet(Sanitizers2.java:31)
	at Main.main(Main.java:23)

$$$$$$$$$$$$$$$$$$$$$$$$$$$$$$$$
Calling Z3str3

Returned solutions: 
(define-fun string0 () String  "&&&<<<")
*************************************
Satisfiable: true
string0 => "&&&<<<"
*************************************

$$$$$$$$$$$$$$$$$$$$$$$$$$$$$$$$
Calling Z3str3

Returned solutions: 
(define-fun string0 () String  "&&&<<<")
*************************************
Satisfiable: true
string0 => "&&&<<<"
*************************************

$$$$$$$$$$$$$$$$$$$$$$$$$$$$$$$$
Calling Z3str3

Returned solutions: 
(define-fun string0 () String  "&&&<<<A")
*************************************
Satisfiable: true
string0 => "&&&<<<A"
*************************************


====================================================== search constraint
depth limit reached: 13

====================================================== snapshot 
thread java.lang.Thread:{id:0,name:main,status:RUNNING,priority:5,isDaemon:false,lockCount:0,suspendCount:0}
  call stack:
	at securibench.micro.sanitizers.Sanitizers2.clean(Sanitizers2.java:42)
	at securibench.micro.sanitizers.Sanitizers2.doGet(Sanitizers2.java:31)
	at Main.main(Main.java:23)

$$$$$$$$$$$$$$$$$$$$$$$$$$$$$$$$
Calling Z3str3

Returned solutions: 
(define-fun string0 () String  "&&&<<>")
*************************************
Satisfiable: true
string0 => "&&&<<>"
*************************************

$$$$$$$$$$$$$$$$$$$$$$$$$$$$$$$$
Calling Z3str3

Returned solutions: 
(define-fun string0 () String  "&&&<<>")
*************************************
Satisfiable: true
string0 => "&&&<<>"
*************************************

$$$$$$$$$$$$$$$$$$$$$$$$$$$$$$$$
Calling Z3str3

Returned solutions: 
(define-fun string0 () String  "&&&<<>A")
*************************************
Satisfiable: true
string0 => "&&&<<>A"
*************************************


====================================================== search constraint
depth limit reached: 13

====================================================== snapshot 
thread java.lang.Thread:{id:0,name:main,status:RUNNING,priority:5,isDaemon:false,lockCount:0,suspendCount:0}
  call stack:
	at securibench.micro.sanitizers.Sanitizers2.clean(Sanitizers2.java:42)
	at securibench.micro.sanitizers.Sanitizers2.doGet(Sanitizers2.java:31)
	at Main.main(Main.java:23)

$$$$$$$$$$$$$$$$$$$$$$$$$$$$$$$$
Calling Z3str3

Returned solutions: 
(define-fun string0 () String  "&&&<<A")
*************************************
Satisfiable: true
string0 => "&&&<<A"
*************************************

$$$$$$$$$$$$$$$$$$$$$$$$$$$$$$$$
Calling Z3str3

Returned solutions: 
(define-fun string0 () String  "&&&<<A")
*************************************
Satisfiable: true
string0 => "&&&<<A"
*************************************

$$$$$$$$$$$$$$$$$$$$$$$$$$$$$$$$
Calling Z3str3

Returned solutions: 
(define-fun string0 () String  "&&&<<_")
*************************************
Satisfiable: true
string0 => "&&&<<_"
*************************************


====================================================== search constraint
depth limit reached: 13

====================================================== snapshot 
thread java.lang.Thread:{id:0,name:main,status:RUNNING,priority:5,isDaemon:false,lockCount:0,suspendCount:0}
  call stack:
	at securibench.micro.sanitizers.Sanitizers2.clean(Sanitizers2.java:55)
	at securibench.micro.sanitizers.Sanitizers2.doGet(Sanitizers2.java:31)
	at Main.main(Main.java:23)

$$$$$$$$$$$$$$$$$$$$$$$$$$$$$$$$
Calling Z3str3

*************************************
Satisfiable: false
*************************************


====================================================== search constraint
depth limit reached: 13

====================================================== snapshot 
thread java.lang.Thread:{id:0,name:main,status:RUNNING,priority:5,isDaemon:false,lockCount:0,suspendCount:0}
  call stack:
	at mockx.servlet.http.HttpServletResponse.checkNoSymbolic(HttpServletResponse.java:40)
	at mockx.servlet.http.HttpServletResponse.access$000(HttpServletResponse.java:12)
	at mockx.servlet.http.HttpServletResponse$1.println(HttpServletResponse.java:22)
	at securibench.micro.sanitizers.Sanitizers2.doGet(Sanitizers2.java:36)
	at Main.main(Main.java:23)

$$$$$$$$$$$$$$$$$$$$$$$$$$$$$$$$
Calling Z3str3

Returned solutions: 
(define-fun string0 () String  "&&&<<")
*************************************
Satisfiable: true
string0 => "&&&<<"
*************************************


====================================================== search constraint
depth limit reached: 13

====================================================== snapshot 
thread java.lang.Thread:{id:0,name:main,status:RUNNING,priority:5,isDaemon:false,lockCount:0,suspendCount:0}
  call stack:
	at mockx.servlet.http.HttpServletResponse.checkNoSymbolic(HttpServletResponse.java:37)
	at mockx.servlet.http.HttpServletResponse.access$000(HttpServletResponse.java:12)
	at mockx.servlet.http.HttpServletResponse$1.println(HttpServletResponse.java:22)
	at securibench.micro.sanitizers.Sanitizers2.doGet(Sanitizers2.java:36)
	at Main.main(Main.java:23)

$$$$$$$$$$$$$$$$$$$$$$$$$$$$$$$$
Calling Z3str3

Returned solutions: 
(define-fun string0 () String  "&&&<>")
*************************************
Satisfiable: true
string0 => "&&&<>"
*************************************

$$$$$$$$$$$$$$$$$$$$$$$$$$$$$$$$
Calling Z3str3

Returned solutions: 
(define-fun string0 () String  "&&&<>")
*************************************
Satisfiable: true
string0 => "&&&<>"
*************************************

$$$$$$$$$$$$$$$$$$$$$$$$$$$$$$$$
Calling Z3str3

Returned solutions: 
(define-fun string0 () String  "&&&<>A")
*************************************
Satisfiable: true
string0 => "&&&<>A"
*************************************

$$$$$$$$$$$$$$$$$$$$$$$$$$$$$$$$
Calling Z3str3

Returned solutions: 
(define-fun string0 () String  "&&&<>&")
*************************************
Satisfiable: true
string0 => "&&&<>&"
*************************************

$$$$$$$$$$$$$$$$$$$$$$$$$$$$$$$$
Calling Z3str3

Returned solutions: 
(define-fun string0 () String  "&&&<>&")
*************************************
Satisfiable: true
string0 => "&&&<>&"
*************************************

$$$$$$$$$$$$$$$$$$$$$$$$$$$$$$$$
Calling Z3str3

Returned solutions: 
(define-fun string0 () String  "&&&<>&A")
*************************************
Satisfiable: true
string0 => "&&&<>&A"
*************************************


====================================================== search constraint
depth limit reached: 13

====================================================== snapshot 
thread java.lang.Thread:{id:0,name:main,status:RUNNING,priority:5,isDaemon:false,lockCount:0,suspendCount:0}
  call stack:
	at securibench.micro.sanitizers.Sanitizers2.clean(Sanitizers2.java:42)
	at securibench.micro.sanitizers.Sanitizers2.doGet(Sanitizers2.java:31)
	at Main.main(Main.java:23)

$$$$$$$$$$$$$$$$$$$$$$$$$$$$$$$$
Calling Z3str3

Returned solutions: 
(define-fun string0 () String  "&&&<><")
*************************************
Satisfiable: true
string0 => "&&&<><"
*************************************

$$$$$$$$$$$$$$$$$$$$$$$$$$$$$$$$
Calling Z3str3

Returned solutions: 
(define-fun string0 () String  "&&&<><")
*************************************
Satisfiable: true
string0 => "&&&<><"
*************************************

$$$$$$$$$$$$$$$$$$$$$$$$$$$$$$$$
Calling Z3str3

Returned solutions: 
(define-fun string0 () String  "&&&<><A")
*************************************
Satisfiable: true
string0 => "&&&<><A"
*************************************


====================================================== search constraint
depth limit reached: 13

====================================================== snapshot 
thread java.lang.Thread:{id:0,name:main,status:RUNNING,priority:5,isDaemon:false,lockCount:0,suspendCount:0}
  call stack:
	at securibench.micro.sanitizers.Sanitizers2.clean(Sanitizers2.java:42)
	at securibench.micro.sanitizers.Sanitizers2.doGet(Sanitizers2.java:31)
	at Main.main(Main.java:23)

$$$$$$$$$$$$$$$$$$$$$$$$$$$$$$$$
Calling Z3str3

Returned solutions: 
(define-fun string0 () String  "&&&<>>")
*************************************
Satisfiable: true
string0 => "&&&<>>"
*************************************

$$$$$$$$$$$$$$$$$$$$$$$$$$$$$$$$
Calling Z3str3

Returned solutions: 
(define-fun string0 () String  "&&&<>>")
*************************************
Satisfiable: true
string0 => "&&&<>>"
*************************************

$$$$$$$$$$$$$$$$$$$$$$$$$$$$$$$$
Calling Z3str3

Returned solutions: 
(define-fun string0 () String  "&&&<>>A")
*************************************
Satisfiable: true
string0 => "&&&<>>A"
*************************************


====================================================== search constraint
depth limit reached: 13

====================================================== snapshot 
thread java.lang.Thread:{id:0,name:main,status:RUNNING,priority:5,isDaemon:false,lockCount:0,suspendCount:0}
  call stack:
	at securibench.micro.sanitizers.Sanitizers2.clean(Sanitizers2.java:42)
	at securibench.micro.sanitizers.Sanitizers2.doGet(Sanitizers2.java:31)
	at Main.main(Main.java:23)

$$$$$$$$$$$$$$$$$$$$$$$$$$$$$$$$
Calling Z3str3

Returned solutions: 
(define-fun string0 () String  "&&&<>A")
*************************************
Satisfiable: true
string0 => "&&&<>A"
*************************************

$$$$$$$$$$$$$$$$$$$$$$$$$$$$$$$$
Calling Z3str3

Returned solutions: 
(define-fun string0 () String  "&&&<>A")
*************************************
Satisfiable: true
string0 => "&&&<>A"
*************************************

$$$$$$$$$$$$$$$$$$$$$$$$$$$$$$$$
Calling Z3str3

Returned solutions: 
(define-fun string0 () String  "&&&<>_")
*************************************
Satisfiable: true
string0 => "&&&<>_"
*************************************


====================================================== search constraint
depth limit reached: 13

====================================================== snapshot 
thread java.lang.Thread:{id:0,name:main,status:RUNNING,priority:5,isDaemon:false,lockCount:0,suspendCount:0}
  call stack:
	at securibench.micro.sanitizers.Sanitizers2.clean(Sanitizers2.java:55)
	at securibench.micro.sanitizers.Sanitizers2.doGet(Sanitizers2.java:31)
	at Main.main(Main.java:23)

$$$$$$$$$$$$$$$$$$$$$$$$$$$$$$$$
Calling Z3str3

*************************************
Satisfiable: false
*************************************


====================================================== search constraint
depth limit reached: 13

====================================================== snapshot 
thread java.lang.Thread:{id:0,name:main,status:RUNNING,priority:5,isDaemon:false,lockCount:0,suspendCount:0}
  call stack:
	at mockx.servlet.http.HttpServletResponse.checkNoSymbolic(HttpServletResponse.java:40)
	at mockx.servlet.http.HttpServletResponse.access$000(HttpServletResponse.java:12)
	at mockx.servlet.http.HttpServletResponse$1.println(HttpServletResponse.java:22)
	at securibench.micro.sanitizers.Sanitizers2.doGet(Sanitizers2.java:36)
	at Main.main(Main.java:23)

$$$$$$$$$$$$$$$$$$$$$$$$$$$$$$$$
Calling Z3str3

Returned solutions: 
(define-fun string0 () String  "&&&<>")
*************************************
Satisfiable: true
string0 => "&&&<>"
*************************************


====================================================== search constraint
depth limit reached: 13

====================================================== snapshot 
thread java.lang.Thread:{id:0,name:main,status:RUNNING,priority:5,isDaemon:false,lockCount:0,suspendCount:0}
  call stack:
	at mockx.servlet.http.HttpServletResponse.checkNoSymbolic(HttpServletResponse.java:37)
	at mockx.servlet.http.HttpServletResponse.access$000(HttpServletResponse.java:12)
	at mockx.servlet.http.HttpServletResponse$1.println(HttpServletResponse.java:22)
	at securibench.micro.sanitizers.Sanitizers2.doGet(Sanitizers2.java:36)
	at Main.main(Main.java:23)

$$$$$$$$$$$$$$$$$$$$$$$$$$$$$$$$
Calling Z3str3

Returned solutions: 
(define-fun string0 () String  "&&&<A")
*************************************
Satisfiable: true
string0 => "&&&<A"
*************************************

$$$$$$$$$$$$$$$$$$$$$$$$$$$$$$$$
Calling Z3str3

Returned solutions: 
(define-fun string0 () String  "&&&<A")
*************************************
Satisfiable: true
string0 => "&&&<A"
*************************************

$$$$$$$$$$$$$$$$$$$$$$$$$$$$$$$$
Calling Z3str3

Returned solutions: 
(define-fun string0 () String  "&&&<_")
*************************************
Satisfiable: true
string0 => "&&&<_"
*************************************

$$$$$$$$$$$$$$$$$$$$$$$$$$$$$$$$
Calling Z3str3

Returned solutions: 
(define-fun string0 () String  "&&&<_")
*************************************
Satisfiable: true
string0 => "&&&<_"
*************************************

$$$$$$$$$$$$$$$$$$$$$$$$$$$$$$$$
Calling Z3str3

Returned solutions: 
(define-fun string0 () String  "&&&<_A")
*************************************
Satisfiable: true
string0 => "&&&<_A"
*************************************


====================================================== search constraint
depth limit reached: 13

====================================================== snapshot 
thread java.lang.Thread:{id:0,name:main,status:RUNNING,priority:5,isDaemon:false,lockCount:0,suspendCount:0}
  call stack:
	at securibench.micro.sanitizers.Sanitizers2.clean(Sanitizers2.java:44)
	at securibench.micro.sanitizers.Sanitizers2.doGet(Sanitizers2.java:31)
	at Main.main(Main.java:23)


====================================================== search constraint
depth limit reached: 13

====================================================== snapshot 
thread java.lang.Thread:{id:0,name:main,status:RUNNING,priority:5,isDaemon:false,lockCount:0,suspendCount:0}
  call stack:
	at mockx.servlet.http.HttpServletResponse.checkNoSymbolic(HttpServletResponse.java:37)
	at mockx.servlet.http.HttpServletResponse.access$000(HttpServletResponse.java:12)
	at mockx.servlet.http.HttpServletResponse$1.println(HttpServletResponse.java:22)
	at securibench.micro.sanitizers.Sanitizers2.doGet(Sanitizers2.java:36)
	at Main.main(Main.java:23)

$$$$$$$$$$$$$$$$$$$$$$$$$$$$$$$$
Calling Z3str3

Returned solutions: 
(define-fun string0 () String  "&&&<A")
*************************************
Satisfiable: true
string0 => "&&&<A"
*************************************

$$$$$$$$$$$$$$$$$$$$$$$$$$$$$$$$
Calling Z3str3

Returned solutions: 
(define-fun string0 () String  "&&&<AB")
*************************************
Satisfiable: true
string0 => "&&&<AB"
*************************************


====================================================== search constraint
depth limit reached: 13

====================================================== snapshot 
thread java.lang.Thread:{id:0,name:main,status:RUNNING,priority:5,isDaemon:false,lockCount:0,suspendCount:0}
  call stack:
	at securibench.micro.sanitizers.Sanitizers2.clean(Sanitizers2.java:44)
	at securibench.micro.sanitizers.Sanitizers2.doGet(Sanitizers2.java:31)
	at Main.main(Main.java:23)


====================================================== search constraint
depth limit reached: 13

====================================================== snapshot 
thread java.lang.Thread:{id:0,name:main,status:RUNNING,priority:5,isDaemon:false,lockCount:0,suspendCount:0}
  call stack:
	at mockx.servlet.http.HttpServletResponse.checkNoSymbolic(HttpServletResponse.java:37)
	at mockx.servlet.http.HttpServletResponse.access$000(HttpServletResponse.java:12)
	at mockx.servlet.http.HttpServletResponse$1.println(HttpServletResponse.java:22)
	at securibench.micro.sanitizers.Sanitizers2.doGet(Sanitizers2.java:36)
	at Main.main(Main.java:23)

$$$$$$$$$$$$$$$$$$$$$$$$$$$$$$$$
Calling Z3str3

*************************************
Satisfiable: false
*************************************

$$$$$$$$$$$$$$$$$$$$$$$$$$$$$$$$
Calling Z3str3

Returned solutions: 
(define-fun string0 () String  "&&&<")
*************************************
Satisfiable: true
string0 => "&&&<"
*************************************

$$$$$$$$$$$$$$$$$$$$$$$$$$$$$$$$
Calling Z3str3

*************************************
Satisfiable: false
*************************************

$$$$$$$$$$$$$$$$$$$$$$$$$$$$$$$$
Calling Z3str3

Returned solutions: 
(define-fun string0 () String  "&&&<")
*************************************
Satisfiable: true
string0 => "&&&<"
*************************************

$$$$$$$$$$$$$$$$$$$$$$$$$$$$$$$$
Calling Z3str3

*************************************
Satisfiable: false
*************************************

$$$$$$$$$$$$$$$$$$$$$$$$$$$$$$$$
Calling Z3str3

Returned solutions: 
(define-fun string0 () String  "&&&>")
*************************************
Satisfiable: true
string0 => "&&&>"
*************************************

$$$$$$$$$$$$$$$$$$$$$$$$$$$$$$$$
Calling Z3str3

Returned solutions: 
(define-fun string0 () String  "&&&>")
*************************************
Satisfiable: true
string0 => "&&&>"
*************************************

$$$$$$$$$$$$$$$$$$$$$$$$$$$$$$$$
Calling Z3str3

Returned solutions: 
(define-fun string0 () String  "&&&>A")
*************************************
Satisfiable: true
string0 => "&&&>A"
*************************************

$$$$$$$$$$$$$$$$$$$$$$$$$$$$$$$$
Calling Z3str3

Returned solutions: 
(define-fun string0 () String  "&&&>&")
*************************************
Satisfiable: true
string0 => "&&&>&"
*************************************

$$$$$$$$$$$$$$$$$$$$$$$$$$$$$$$$
Calling Z3str3

Returned solutions: 
(define-fun string0 () String  "&&&>&")
*************************************
Satisfiable: true
string0 => "&&&>&"
*************************************

$$$$$$$$$$$$$$$$$$$$$$$$$$$$$$$$
Calling Z3str3

Returned solutions: 
(define-fun string0 () String  "&&&>&A")
*************************************
Satisfiable: true
string0 => "&&&>&A"
*************************************

$$$$$$$$$$$$$$$$$$$$$$$$$$$$$$$$
Calling Z3str3

Returned solutions: 
(define-fun string0 () String  "&&&>&&")
*************************************
Satisfiable: true
string0 => "&&&>&&"
*************************************

$$$$$$$$$$$$$$$$$$$$$$$$$$$$$$$$
Calling Z3str3

Returned solutions: 
(define-fun string0 () String  "&&&>&&")
*************************************
Satisfiable: true
string0 => "&&&>&&"
*************************************

$$$$$$$$$$$$$$$$$$$$$$$$$$$$$$$$
Calling Z3str3

Returned solutions: 
(define-fun string0 () String  "&&&>&&A")
*************************************
Satisfiable: true
string0 => "&&&>&&A"
*************************************


====================================================== search constraint
depth limit reached: 13

====================================================== snapshot 
thread java.lang.Thread:{id:0,name:main,status:RUNNING,priority:5,isDaemon:false,lockCount:0,suspendCount:0}
  call stack:
	at securibench.micro.sanitizers.Sanitizers2.clean(Sanitizers2.java:42)
	at securibench.micro.sanitizers.Sanitizers2.doGet(Sanitizers2.java:31)
	at Main.main(Main.java:23)

$$$$$$$$$$$$$$$$$$$$$$$$$$$$$$$$
Calling Z3str3

Returned solutions: 
(define-fun string0 () String  "&&&>&<")
*************************************
Satisfiable: true
string0 => "&&&>&<"
*************************************

$$$$$$$$$$$$$$$$$$$$$$$$$$$$$$$$
Calling Z3str3

Returned solutions: 
(define-fun string0 () String  "&&&>&<")
*************************************
Satisfiable: true
string0 => "&&&>&<"
*************************************

$$$$$$$$$$$$$$$$$$$$$$$$$$$$$$$$
Calling Z3str3

Returned solutions: 
(define-fun string0 () String  "&&&>&<A")
*************************************
Satisfiable: true
string0 => "&&&>&<A"
*************************************


====================================================== search constraint
depth limit reached: 13

====================================================== snapshot 
thread java.lang.Thread:{id:0,name:main,status:RUNNING,priority:5,isDaemon:false,lockCount:0,suspendCount:0}
  call stack:
	at securibench.micro.sanitizers.Sanitizers2.clean(Sanitizers2.java:42)
	at securibench.micro.sanitizers.Sanitizers2.doGet(Sanitizers2.java:31)
	at Main.main(Main.java:23)

$$$$$$$$$$$$$$$$$$$$$$$$$$$$$$$$
Calling Z3str3

Returned solutions: 
(define-fun string0 () String  "&&&>&>")
*************************************
Satisfiable: true
string0 => "&&&>&>"
*************************************

$$$$$$$$$$$$$$$$$$$$$$$$$$$$$$$$
Calling Z3str3

Returned solutions: 
(define-fun string0 () String  "&&&>&>")
*************************************
Satisfiable: true
string0 => "&&&>&>"
*************************************

$$$$$$$$$$$$$$$$$$$$$$$$$$$$$$$$
Calling Z3str3

Returned solutions: 
(define-fun string0 () String  "&&&>&>A")
*************************************
Satisfiable: true
string0 => "&&&>&>A"
*************************************


====================================================== search constraint
depth limit reached: 13

====================================================== snapshot 
thread java.lang.Thread:{id:0,name:main,status:RUNNING,priority:5,isDaemon:false,lockCount:0,suspendCount:0}
  call stack:
	at securibench.micro.sanitizers.Sanitizers2.clean(Sanitizers2.java:42)
	at securibench.micro.sanitizers.Sanitizers2.doGet(Sanitizers2.java:31)
	at Main.main(Main.java:23)

$$$$$$$$$$$$$$$$$$$$$$$$$$$$$$$$
Calling Z3str3

Returned solutions: 
(define-fun string0 () String  "&&&>&A")
*************************************
Satisfiable: true
string0 => "&&&>&A"
*************************************

$$$$$$$$$$$$$$$$$$$$$$$$$$$$$$$$
Calling Z3str3

Returned solutions: 
(define-fun string0 () String  "&&&>&A")
*************************************
Satisfiable: true
string0 => "&&&>&A"
*************************************

$$$$$$$$$$$$$$$$$$$$$$$$$$$$$$$$
Calling Z3str3

Returned solutions: 
(define-fun string0 () String  "&&&>&_")
*************************************
Satisfiable: true
string0 => "&&&>&_"
*************************************


====================================================== search constraint
depth limit reached: 13

====================================================== snapshot 
thread java.lang.Thread:{id:0,name:main,status:RUNNING,priority:5,isDaemon:false,lockCount:0,suspendCount:0}
  call stack:
	at securibench.micro.sanitizers.Sanitizers2.clean(Sanitizers2.java:55)
	at securibench.micro.sanitizers.Sanitizers2.doGet(Sanitizers2.java:31)
	at Main.main(Main.java:23)

$$$$$$$$$$$$$$$$$$$$$$$$$$$$$$$$
Calling Z3str3

*************************************
Satisfiable: false
*************************************


====================================================== search constraint
depth limit reached: 13

====================================================== snapshot 
thread java.lang.Thread:{id:0,name:main,status:RUNNING,priority:5,isDaemon:false,lockCount:0,suspendCount:0}
  call stack:
	at mockx.servlet.http.HttpServletResponse.checkNoSymbolic(HttpServletResponse.java:40)
	at mockx.servlet.http.HttpServletResponse.access$000(HttpServletResponse.java:12)
	at mockx.servlet.http.HttpServletResponse$1.println(HttpServletResponse.java:22)
	at securibench.micro.sanitizers.Sanitizers2.doGet(Sanitizers2.java:36)
	at Main.main(Main.java:23)

$$$$$$$$$$$$$$$$$$$$$$$$$$$$$$$$
Calling Z3str3

Returned solutions: 
(define-fun string0 () String  "&&&>&")
*************************************
Satisfiable: true
string0 => "&&&>&"
*************************************


====================================================== search constraint
depth limit reached: 13

====================================================== snapshot 
thread java.lang.Thread:{id:0,name:main,status:RUNNING,priority:5,isDaemon:false,lockCount:0,suspendCount:0}
  call stack:
	at mockx.servlet.http.HttpServletResponse.checkNoSymbolic(HttpServletResponse.java:37)
	at mockx.servlet.http.HttpServletResponse.access$000(HttpServletResponse.java:12)
	at mockx.servlet.http.HttpServletResponse$1.println(HttpServletResponse.java:22)
	at securibench.micro.sanitizers.Sanitizers2.doGet(Sanitizers2.java:36)
	at Main.main(Main.java:23)

$$$$$$$$$$$$$$$$$$$$$$$$$$$$$$$$
Calling Z3str3

Returned solutions: 
(define-fun string0 () String  "&&&><")
*************************************
Satisfiable: true
string0 => "&&&><"
*************************************

$$$$$$$$$$$$$$$$$$$$$$$$$$$$$$$$
Calling Z3str3

Returned solutions: 
(define-fun string0 () String  "&&&><")
*************************************
Satisfiable: true
string0 => "&&&><"
*************************************

$$$$$$$$$$$$$$$$$$$$$$$$$$$$$$$$
Calling Z3str3

Returned solutions: 
(define-fun string0 () String  "&&&><A")
*************************************
Satisfiable: true
string0 => "&&&><A"
*************************************

$$$$$$$$$$$$$$$$$$$$$$$$$$$$$$$$
Calling Z3str3

Returned solutions: 
(define-fun string0 () String  "&&&><&")
*************************************
Satisfiable: true
string0 => "&&&><&"
*************************************

$$$$$$$$$$$$$$$$$$$$$$$$$$$$$$$$
Calling Z3str3

Returned solutions: 
(define-fun string0 () String  "&&&><&")
*************************************
Satisfiable: true
string0 => "&&&><&"
*************************************

$$$$$$$$$$$$$$$$$$$$$$$$$$$$$$$$
Calling Z3str3

Returned solutions: 
(define-fun string0 () String  "&&&><&A")
*************************************
Satisfiable: true
string0 => "&&&><&A"
*************************************


====================================================== search constraint
depth limit reached: 13

====================================================== snapshot 
thread java.lang.Thread:{id:0,name:main,status:RUNNING,priority:5,isDaemon:false,lockCount:0,suspendCount:0}
  call stack:
	at securibench.micro.sanitizers.Sanitizers2.clean(Sanitizers2.java:42)
	at securibench.micro.sanitizers.Sanitizers2.doGet(Sanitizers2.java:31)
	at Main.main(Main.java:23)

$$$$$$$$$$$$$$$$$$$$$$$$$$$$$$$$
Calling Z3str3

Returned solutions: 
(define-fun string0 () String  "&&&><<")
*************************************
Satisfiable: true
string0 => "&&&><<"
*************************************

$$$$$$$$$$$$$$$$$$$$$$$$$$$$$$$$
Calling Z3str3

Returned solutions: 
(define-fun string0 () String  "&&&><<")
*************************************
Satisfiable: true
string0 => "&&&><<"
*************************************

$$$$$$$$$$$$$$$$$$$$$$$$$$$$$$$$
Calling Z3str3

Returned solutions: 
(define-fun string0 () String  "&&&><<A")
*************************************
Satisfiable: true
string0 => "&&&><<A"
*************************************


====================================================== search constraint
depth limit reached: 13

====================================================== snapshot 
thread java.lang.Thread:{id:0,name:main,status:RUNNING,priority:5,isDaemon:false,lockCount:0,suspendCount:0}
  call stack:
	at securibench.micro.sanitizers.Sanitizers2.clean(Sanitizers2.java:42)
	at securibench.micro.sanitizers.Sanitizers2.doGet(Sanitizers2.java:31)
	at Main.main(Main.java:23)

$$$$$$$$$$$$$$$$$$$$$$$$$$$$$$$$
Calling Z3str3

Returned solutions: 
(define-fun string0 () String  "&&&><>")
*************************************
Satisfiable: true
string0 => "&&&><>"
*************************************

$$$$$$$$$$$$$$$$$$$$$$$$$$$$$$$$
Calling Z3str3

Returned solutions: 
(define-fun string0 () String  "&&&><>")
*************************************
Satisfiable: true
string0 => "&&&><>"
*************************************

$$$$$$$$$$$$$$$$$$$$$$$$$$$$$$$$
Calling Z3str3

Returned solutions: 
(define-fun string0 () String  "&&&><>A")
*************************************
Satisfiable: true
string0 => "&&&><>A"
*************************************


====================================================== search constraint
depth limit reached: 13

====================================================== snapshot 
thread java.lang.Thread:{id:0,name:main,status:RUNNING,priority:5,isDaemon:false,lockCount:0,suspendCount:0}
  call stack:
	at securibench.micro.sanitizers.Sanitizers2.clean(Sanitizers2.java:42)
	at securibench.micro.sanitizers.Sanitizers2.doGet(Sanitizers2.java:31)
	at Main.main(Main.java:23)

$$$$$$$$$$$$$$$$$$$$$$$$$$$$$$$$
Calling Z3str3

Returned solutions: 
(define-fun string0 () String  "&&&><A")
*************************************
Satisfiable: true
string0 => "&&&><A"
*************************************

$$$$$$$$$$$$$$$$$$$$$$$$$$$$$$$$
Calling Z3str3

Returned solutions: 
(define-fun string0 () String  "&&&><A")
*************************************
Satisfiable: true
string0 => "&&&><A"
*************************************

$$$$$$$$$$$$$$$$$$$$$$$$$$$$$$$$
Calling Z3str3

Returned solutions: 
(define-fun string0 () String  "&&&><_")
*************************************
Satisfiable: true
string0 => "&&&><_"
*************************************


====================================================== search constraint
depth limit reached: 13

====================================================== snapshot 
thread java.lang.Thread:{id:0,name:main,status:RUNNING,priority:5,isDaemon:false,lockCount:0,suspendCount:0}
  call stack:
	at securibench.micro.sanitizers.Sanitizers2.clean(Sanitizers2.java:55)
	at securibench.micro.sanitizers.Sanitizers2.doGet(Sanitizers2.java:31)
	at Main.main(Main.java:23)

$$$$$$$$$$$$$$$$$$$$$$$$$$$$$$$$
Calling Z3str3

*************************************
Satisfiable: false
*************************************


====================================================== search constraint
depth limit reached: 13

====================================================== snapshot 
thread java.lang.Thread:{id:0,name:main,status:RUNNING,priority:5,isDaemon:false,lockCount:0,suspendCount:0}
  call stack:
	at mockx.servlet.http.HttpServletResponse.checkNoSymbolic(HttpServletResponse.java:40)
	at mockx.servlet.http.HttpServletResponse.access$000(HttpServletResponse.java:12)
	at mockx.servlet.http.HttpServletResponse$1.println(HttpServletResponse.java:22)
	at securibench.micro.sanitizers.Sanitizers2.doGet(Sanitizers2.java:36)
	at Main.main(Main.java:23)

$$$$$$$$$$$$$$$$$$$$$$$$$$$$$$$$
Calling Z3str3

Returned solutions: 
(define-fun string0 () String  "&&&><")
*************************************
Satisfiable: true
string0 => "&&&><"
*************************************


====================================================== search constraint
depth limit reached: 13

====================================================== snapshot 
thread java.lang.Thread:{id:0,name:main,status:RUNNING,priority:5,isDaemon:false,lockCount:0,suspendCount:0}
  call stack:
	at mockx.servlet.http.HttpServletResponse.checkNoSymbolic(HttpServletResponse.java:37)
	at mockx.servlet.http.HttpServletResponse.access$000(HttpServletResponse.java:12)
	at mockx.servlet.http.HttpServletResponse$1.println(HttpServletResponse.java:22)
	at securibench.micro.sanitizers.Sanitizers2.doGet(Sanitizers2.java:36)
	at Main.main(Main.java:23)

$$$$$$$$$$$$$$$$$$$$$$$$$$$$$$$$
Calling Z3str3

Returned solutions: 
(define-fun string0 () String  "&&&>>")
*************************************
Satisfiable: true
string0 => "&&&>>"
*************************************

$$$$$$$$$$$$$$$$$$$$$$$$$$$$$$$$
Calling Z3str3

Returned solutions: 
(define-fun string0 () String  "&&&>>")
*************************************
Satisfiable: true
string0 => "&&&>>"
*************************************

$$$$$$$$$$$$$$$$$$$$$$$$$$$$$$$$
Calling Z3str3

Returned solutions: 
(define-fun string0 () String  "&&&>>A")
*************************************
Satisfiable: true
string0 => "&&&>>A"
*************************************

$$$$$$$$$$$$$$$$$$$$$$$$$$$$$$$$
Calling Z3str3

Returned solutions: 
(define-fun string0 () String  "&&&>>&")
*************************************
Satisfiable: true
string0 => "&&&>>&"
*************************************

$$$$$$$$$$$$$$$$$$$$$$$$$$$$$$$$
Calling Z3str3

Returned solutions: 
(define-fun string0 () String  "&&&>>&")
*************************************
Satisfiable: true
string0 => "&&&>>&"
*************************************

$$$$$$$$$$$$$$$$$$$$$$$$$$$$$$$$
Calling Z3str3

Returned solutions: 
(define-fun string0 () String  "&&&>>&A")
*************************************
Satisfiable: true
string0 => "&&&>>&A"
*************************************


====================================================== search constraint
depth limit reached: 13

====================================================== snapshot 
thread java.lang.Thread:{id:0,name:main,status:RUNNING,priority:5,isDaemon:false,lockCount:0,suspendCount:0}
  call stack:
	at securibench.micro.sanitizers.Sanitizers2.clean(Sanitizers2.java:42)
	at securibench.micro.sanitizers.Sanitizers2.doGet(Sanitizers2.java:31)
	at Main.main(Main.java:23)

$$$$$$$$$$$$$$$$$$$$$$$$$$$$$$$$
Calling Z3str3

Returned solutions: 
(define-fun string0 () String  "&&&>><")
*************************************
Satisfiable: true
string0 => "&&&>><"
*************************************

$$$$$$$$$$$$$$$$$$$$$$$$$$$$$$$$
Calling Z3str3

Returned solutions: 
(define-fun string0 () String  "&&&>><")
*************************************
Satisfiable: true
string0 => "&&&>><"
*************************************

$$$$$$$$$$$$$$$$$$$$$$$$$$$$$$$$
Calling Z3str3

Returned solutions: 
(define-fun string0 () String  "&&&>><A")
*************************************
Satisfiable: true
string0 => "&&&>><A"
*************************************


====================================================== search constraint
depth limit reached: 13

====================================================== snapshot 
thread java.lang.Thread:{id:0,name:main,status:RUNNING,priority:5,isDaemon:false,lockCount:0,suspendCount:0}
  call stack:
	at securibench.micro.sanitizers.Sanitizers2.clean(Sanitizers2.java:42)
	at securibench.micro.sanitizers.Sanitizers2.doGet(Sanitizers2.java:31)
	at Main.main(Main.java:23)

$$$$$$$$$$$$$$$$$$$$$$$$$$$$$$$$
Calling Z3str3

Returned solutions: 
(define-fun string0 () String  "&&&>>>")
*************************************
Satisfiable: true
string0 => "&&&>>>"
*************************************

$$$$$$$$$$$$$$$$$$$$$$$$$$$$$$$$
Calling Z3str3

Returned solutions: 
(define-fun string0 () String  "&&&>>>")
*************************************
Satisfiable: true
string0 => "&&&>>>"
*************************************

$$$$$$$$$$$$$$$$$$$$$$$$$$$$$$$$
Calling Z3str3

Returned solutions: 
(define-fun string0 () String  "&&&>>>A")
*************************************
Satisfiable: true
string0 => "&&&>>>A"
*************************************


====================================================== search constraint
depth limit reached: 13

====================================================== snapshot 
thread java.lang.Thread:{id:0,name:main,status:RUNNING,priority:5,isDaemon:false,lockCount:0,suspendCount:0}
  call stack:
	at securibench.micro.sanitizers.Sanitizers2.clean(Sanitizers2.java:42)
	at securibench.micro.sanitizers.Sanitizers2.doGet(Sanitizers2.java:31)
	at Main.main(Main.java:23)

$$$$$$$$$$$$$$$$$$$$$$$$$$$$$$$$
Calling Z3str3

Returned solutions: 
(define-fun string0 () String  "&&&>>A")
*************************************
Satisfiable: true
string0 => "&&&>>A"
*************************************

$$$$$$$$$$$$$$$$$$$$$$$$$$$$$$$$
Calling Z3str3

Returned solutions: 
(define-fun string0 () String  "&&&>>A")
*************************************
Satisfiable: true
string0 => "&&&>>A"
*************************************

$$$$$$$$$$$$$$$$$$$$$$$$$$$$$$$$
Calling Z3str3

Returned solutions: 
(define-fun string0 () String  "&&&>>_")
*************************************
Satisfiable: true
string0 => "&&&>>_"
*************************************


====================================================== search constraint
depth limit reached: 13

====================================================== snapshot 
thread java.lang.Thread:{id:0,name:main,status:RUNNING,priority:5,isDaemon:false,lockCount:0,suspendCount:0}
  call stack:
	at securibench.micro.sanitizers.Sanitizers2.clean(Sanitizers2.java:55)
	at securibench.micro.sanitizers.Sanitizers2.doGet(Sanitizers2.java:31)
	at Main.main(Main.java:23)

$$$$$$$$$$$$$$$$$$$$$$$$$$$$$$$$
Calling Z3str3

*************************************
Satisfiable: false
*************************************


====================================================== search constraint
depth limit reached: 13

====================================================== snapshot 
thread java.lang.Thread:{id:0,name:main,status:RUNNING,priority:5,isDaemon:false,lockCount:0,suspendCount:0}
  call stack:
	at mockx.servlet.http.HttpServletResponse.checkNoSymbolic(HttpServletResponse.java:40)
	at mockx.servlet.http.HttpServletResponse.access$000(HttpServletResponse.java:12)
	at mockx.servlet.http.HttpServletResponse$1.println(HttpServletResponse.java:22)
	at securibench.micro.sanitizers.Sanitizers2.doGet(Sanitizers2.java:36)
	at Main.main(Main.java:23)

$$$$$$$$$$$$$$$$$$$$$$$$$$$$$$$$
Calling Z3str3

Returned solutions: 
(define-fun string0 () String  "&&&>>")
*************************************
Satisfiable: true
string0 => "&&&>>"
*************************************


====================================================== search constraint
depth limit reached: 13

====================================================== snapshot 
thread java.lang.Thread:{id:0,name:main,status:RUNNING,priority:5,isDaemon:false,lockCount:0,suspendCount:0}
  call stack:
	at mockx.servlet.http.HttpServletResponse.checkNoSymbolic(HttpServletResponse.java:37)
	at mockx.servlet.http.HttpServletResponse.access$000(HttpServletResponse.java:12)
	at mockx.servlet.http.HttpServletResponse$1.println(HttpServletResponse.java:22)
	at securibench.micro.sanitizers.Sanitizers2.doGet(Sanitizers2.java:36)
	at Main.main(Main.java:23)

$$$$$$$$$$$$$$$$$$$$$$$$$$$$$$$$
Calling Z3str3

Returned solutions: 
(define-fun string0 () String  "&&&>A")
*************************************
Satisfiable: true
string0 => "&&&>A"
*************************************

$$$$$$$$$$$$$$$$$$$$$$$$$$$$$$$$
Calling Z3str3

Returned solutions: 
(define-fun string0 () String  "&&&>A")
*************************************
Satisfiable: true
string0 => "&&&>A"
*************************************

$$$$$$$$$$$$$$$$$$$$$$$$$$$$$$$$
Calling Z3str3

Returned solutions: 
(define-fun string0 () String  "&&&>_")
*************************************
Satisfiable: true
string0 => "&&&>_"
*************************************

$$$$$$$$$$$$$$$$$$$$$$$$$$$$$$$$
Calling Z3str3

Returned solutions: 
(define-fun string0 () String  "&&&>_")
*************************************
Satisfiable: true
string0 => "&&&>_"
*************************************

$$$$$$$$$$$$$$$$$$$$$$$$$$$$$$$$
Calling Z3str3

Returned solutions: 
(define-fun string0 () String  "&&&>_A")
*************************************
Satisfiable: true
string0 => "&&&>_A"
*************************************


====================================================== search constraint
depth limit reached: 13

====================================================== snapshot 
thread java.lang.Thread:{id:0,name:main,status:RUNNING,priority:5,isDaemon:false,lockCount:0,suspendCount:0}
  call stack:
	at securibench.micro.sanitizers.Sanitizers2.clean(Sanitizers2.java:44)
	at securibench.micro.sanitizers.Sanitizers2.doGet(Sanitizers2.java:31)
	at Main.main(Main.java:23)


====================================================== search constraint
depth limit reached: 13

====================================================== snapshot 
thread java.lang.Thread:{id:0,name:main,status:RUNNING,priority:5,isDaemon:false,lockCount:0,suspendCount:0}
  call stack:
	at mockx.servlet.http.HttpServletResponse.checkNoSymbolic(HttpServletResponse.java:37)
	at mockx.servlet.http.HttpServletResponse.access$000(HttpServletResponse.java:12)
	at mockx.servlet.http.HttpServletResponse$1.println(HttpServletResponse.java:22)
	at securibench.micro.sanitizers.Sanitizers2.doGet(Sanitizers2.java:36)
	at Main.main(Main.java:23)

$$$$$$$$$$$$$$$$$$$$$$$$$$$$$$$$
Calling Z3str3

Returned solutions: 
(define-fun string0 () String  "&&&>A")
*************************************
Satisfiable: true
string0 => "&&&>A"
*************************************

$$$$$$$$$$$$$$$$$$$$$$$$$$$$$$$$
Calling Z3str3

Returned solutions: 
(define-fun string0 () String  "&&&>AB")
*************************************
Satisfiable: true
string0 => "&&&>AB"
*************************************


====================================================== search constraint
depth limit reached: 13

====================================================== snapshot 
thread java.lang.Thread:{id:0,name:main,status:RUNNING,priority:5,isDaemon:false,lockCount:0,suspendCount:0}
  call stack:
	at securibench.micro.sanitizers.Sanitizers2.clean(Sanitizers2.java:44)
	at securibench.micro.sanitizers.Sanitizers2.doGet(Sanitizers2.java:31)
	at Main.main(Main.java:23)


====================================================== search constraint
depth limit reached: 13

====================================================== snapshot 
thread java.lang.Thread:{id:0,name:main,status:RUNNING,priority:5,isDaemon:false,lockCount:0,suspendCount:0}
  call stack:
	at mockx.servlet.http.HttpServletResponse.checkNoSymbolic(HttpServletResponse.java:37)
	at mockx.servlet.http.HttpServletResponse.access$000(HttpServletResponse.java:12)
	at mockx.servlet.http.HttpServletResponse$1.println(HttpServletResponse.java:22)
	at securibench.micro.sanitizers.Sanitizers2.doGet(Sanitizers2.java:36)
	at Main.main(Main.java:23)

$$$$$$$$$$$$$$$$$$$$$$$$$$$$$$$$
Calling Z3str3

*************************************
Satisfiable: false
*************************************

$$$$$$$$$$$$$$$$$$$$$$$$$$$$$$$$
Calling Z3str3

Returned solutions: 
(define-fun string0 () String  "&&&>")
*************************************
Satisfiable: true
string0 => "&&&>"
*************************************

$$$$$$$$$$$$$$$$$$$$$$$$$$$$$$$$
Calling Z3str3

*************************************
Satisfiable: false
*************************************

$$$$$$$$$$$$$$$$$$$$$$$$$$$$$$$$
Calling Z3str3

Returned solutions: 
(define-fun string0 () String  "&&&>")
*************************************
Satisfiable: true
string0 => "&&&>"
*************************************

$$$$$$$$$$$$$$$$$$$$$$$$$$$$$$$$
Calling Z3str3

*************************************
Satisfiable: false
*************************************

$$$$$$$$$$$$$$$$$$$$$$$$$$$$$$$$
Calling Z3str3

Returned solutions: 
(define-fun string0 () String  "&&&A")
*************************************
Satisfiable: true
string0 => "&&&A"
*************************************

$$$$$$$$$$$$$$$$$$$$$$$$$$$$$$$$
Calling Z3str3

Returned solutions: 
(define-fun string0 () String  "&&&A")
*************************************
Satisfiable: true
string0 => "&&&A"
*************************************

$$$$$$$$$$$$$$$$$$$$$$$$$$$$$$$$
Calling Z3str3

Returned solutions: 
(define-fun string0 () String  "&&&_")
*************************************
Satisfiable: true
string0 => "&&&_"
*************************************

$$$$$$$$$$$$$$$$$$$$$$$$$$$$$$$$
Calling Z3str3

Returned solutions: 
(define-fun string0 () String  "&&&_")
*************************************
Satisfiable: true
string0 => "&&&_"
*************************************

$$$$$$$$$$$$$$$$$$$$$$$$$$$$$$$$
Calling Z3str3

Returned solutions: 
(define-fun string0 () String  "&&&_A")
*************************************
Satisfiable: true
string0 => "&&&_A"
*************************************

$$$$$$$$$$$$$$$$$$$$$$$$$$$$$$$$
Calling Z3str3

Returned solutions: 
(define-fun string0 () String  "&&&_&")
*************************************
Satisfiable: true
string0 => "&&&_&"
*************************************

$$$$$$$$$$$$$$$$$$$$$$$$$$$$$$$$
Calling Z3str3

Returned solutions: 
(define-fun string0 () String  "&&&_&")
*************************************
Satisfiable: true
string0 => "&&&_&"
*************************************

$$$$$$$$$$$$$$$$$$$$$$$$$$$$$$$$
Calling Z3str3

Returned solutions: 
(define-fun string0 () String  "&&&_&A")
*************************************
Satisfiable: true
string0 => "&&&_&A"
*************************************


====================================================== search constraint
depth limit reached: 13

====================================================== snapshot 
thread java.lang.Thread:{id:0,name:main,status:RUNNING,priority:5,isDaemon:false,lockCount:0,suspendCount:0}
  call stack:
	at securibench.micro.sanitizers.Sanitizers2.clean(Sanitizers2.java:44)
	at securibench.micro.sanitizers.Sanitizers2.doGet(Sanitizers2.java:31)
	at Main.main(Main.java:23)


====================================================== search constraint
depth limit reached: 13

====================================================== snapshot 
thread java.lang.Thread:{id:0,name:main,status:RUNNING,priority:5,isDaemon:false,lockCount:0,suspendCount:0}
  call stack:
	at mockx.servlet.http.HttpServletResponse.checkNoSymbolic(HttpServletResponse.java:37)
	at mockx.servlet.http.HttpServletResponse.access$000(HttpServletResponse.java:12)
	at mockx.servlet.http.HttpServletResponse$1.println(HttpServletResponse.java:22)
	at securibench.micro.sanitizers.Sanitizers2.doGet(Sanitizers2.java:36)
	at Main.main(Main.java:23)

$$$$$$$$$$$$$$$$$$$$$$$$$$$$$$$$
Calling Z3str3

Returned solutions: 
(define-fun string0 () String  "&&&_<")
*************************************
Satisfiable: true
string0 => "&&&_<"
*************************************

$$$$$$$$$$$$$$$$$$$$$$$$$$$$$$$$
Calling Z3str3

Returned solutions: 
(define-fun string0 () String  "&&&_<")
*************************************
Satisfiable: true
string0 => "&&&_<"
*************************************

$$$$$$$$$$$$$$$$$$$$$$$$$$$$$$$$
Calling Z3str3

Returned solutions: 
(define-fun string0 () String  "&&&_<A")
*************************************
Satisfiable: true
string0 => "&&&_<A"
*************************************


====================================================== search constraint
depth limit reached: 13

====================================================== snapshot 
thread java.lang.Thread:{id:0,name:main,status:RUNNING,priority:5,isDaemon:false,lockCount:0,suspendCount:0}
  call stack:
	at securibench.micro.sanitizers.Sanitizers2.clean(Sanitizers2.java:44)
	at securibench.micro.sanitizers.Sanitizers2.doGet(Sanitizers2.java:31)
	at Main.main(Main.java:23)


====================================================== search constraint
depth limit reached: 13

====================================================== snapshot 
thread java.lang.Thread:{id:0,name:main,status:RUNNING,priority:5,isDaemon:false,lockCount:0,suspendCount:0}
  call stack:
	at mockx.servlet.http.HttpServletResponse.checkNoSymbolic(HttpServletResponse.java:37)
	at mockx.servlet.http.HttpServletResponse.access$000(HttpServletResponse.java:12)
	at mockx.servlet.http.HttpServletResponse$1.println(HttpServletResponse.java:22)
	at securibench.micro.sanitizers.Sanitizers2.doGet(Sanitizers2.java:36)
	at Main.main(Main.java:23)

$$$$$$$$$$$$$$$$$$$$$$$$$$$$$$$$
Calling Z3str3

Returned solutions: 
(define-fun string0 () String  "&&&_>")
*************************************
Satisfiable: true
string0 => "&&&_>"
*************************************

$$$$$$$$$$$$$$$$$$$$$$$$$$$$$$$$
Calling Z3str3

Returned solutions: 
(define-fun string0 () String  "&&&_>")
*************************************
Satisfiable: true
string0 => "&&&_>"
*************************************

$$$$$$$$$$$$$$$$$$$$$$$$$$$$$$$$
Calling Z3str3

Returned solutions: 
(define-fun string0 () String  "&&&_>A")
*************************************
Satisfiable: true
string0 => "&&&_>A"
*************************************


====================================================== search constraint
depth limit reached: 13

====================================================== snapshot 
thread java.lang.Thread:{id:0,name:main,status:RUNNING,priority:5,isDaemon:false,lockCount:0,suspendCount:0}
  call stack:
	at securibench.micro.sanitizers.Sanitizers2.clean(Sanitizers2.java:44)
	at securibench.micro.sanitizers.Sanitizers2.doGet(Sanitizers2.java:31)
	at Main.main(Main.java:23)


====================================================== search constraint
depth limit reached: 13

====================================================== snapshot 
thread java.lang.Thread:{id:0,name:main,status:RUNNING,priority:5,isDaemon:false,lockCount:0,suspendCount:0}
  call stack:
	at mockx.servlet.http.HttpServletResponse.checkNoSymbolic(HttpServletResponse.java:37)
	at mockx.servlet.http.HttpServletResponse.access$000(HttpServletResponse.java:12)
	at mockx.servlet.http.HttpServletResponse$1.println(HttpServletResponse.java:22)
	at securibench.micro.sanitizers.Sanitizers2.doGet(Sanitizers2.java:36)
	at Main.main(Main.java:23)

$$$$$$$$$$$$$$$$$$$$$$$$$$$$$$$$
Calling Z3str3

Returned solutions: 
(define-fun string0 () String  "&&&_A")
*************************************
Satisfiable: true
string0 => "&&&_A"
*************************************

$$$$$$$$$$$$$$$$$$$$$$$$$$$$$$$$
Calling Z3str3

Returned solutions: 
(define-fun string0 () String  "&&&_A")
*************************************
Satisfiable: true
string0 => "&&&_A"
*************************************

$$$$$$$$$$$$$$$$$$$$$$$$$$$$$$$$
Calling Z3str3

Returned solutions: 
(define-fun string0 () String  "&&&__")
*************************************
Satisfiable: true
string0 => "&&&__"
*************************************

$$$$$$$$$$$$$$$$$$$$$$$$$$$$$$$$
Calling Z3str3

Returned solutions: 
(define-fun string0 () String  "&&&__")
*************************************
Satisfiable: true
string0 => "&&&__"
*************************************

$$$$$$$$$$$$$$$$$$$$$$$$$$$$$$$$
Calling Z3str3

Returned solutions: 
(define-fun string0 () String  "&&&__A")
*************************************
Satisfiable: true
string0 => "&&&__A"
*************************************


====================================================== search constraint
depth limit reached: 13

====================================================== snapshot 
thread java.lang.Thread:{id:0,name:main,status:RUNNING,priority:5,isDaemon:false,lockCount:0,suspendCount:0}
  call stack:
	at securibench.micro.sanitizers.Sanitizers2.clean(Sanitizers2.java:42)
	at securibench.micro.sanitizers.Sanitizers2.doGet(Sanitizers2.java:31)
	at Main.main(Main.java:23)

$$$$$$$$$$$$$$$$$$$$$$$$$$$$$$$$
Calling Z3str3

Returned solutions: 
(define-fun string0 () String  "&&&_A")
*************************************
Satisfiable: true
string0 => "&&&_A"
*************************************

$$$$$$$$$$$$$$$$$$$$$$$$$$$$$$$$
Calling Z3str3

Returned solutions: 
(define-fun string0 () String  "&&&_AB")
*************************************
Satisfiable: true
string0 => "&&&_AB"
*************************************


====================================================== search constraint
depth limit reached: 13

====================================================== snapshot 
thread java.lang.Thread:{id:0,name:main,status:RUNNING,priority:5,isDaemon:false,lockCount:0,suspendCount:0}
  call stack:
	at securibench.micro.sanitizers.Sanitizers2.clean(Sanitizers2.java:42)
	at securibench.micro.sanitizers.Sanitizers2.doGet(Sanitizers2.java:31)
	at Main.main(Main.java:23)

$$$$$$$$$$$$$$$$$$$$$$$$$$$$$$$$
Calling Z3str3

*************************************
Satisfiable: false
*************************************

$$$$$$$$$$$$$$$$$$$$$$$$$$$$$$$$
Calling Z3str3

Returned solutions: 
(define-fun string0 () String  "&&&_")
*************************************
Satisfiable: true
string0 => "&&&_"
*************************************

$$$$$$$$$$$$$$$$$$$$$$$$$$$$$$$$
Calling Z3str3

*************************************
Satisfiable: false
*************************************


====================================================== search constraint
depth limit reached: 13

====================================================== snapshot 
thread java.lang.Thread:{id:0,name:main,status:RUNNING,priority:5,isDaemon:false,lockCount:0,suspendCount:0}
  call stack:
	at mockx.servlet.http.HttpServletResponse.checkNoSymbolic(HttpServletResponse.java:37)
	at mockx.servlet.http.HttpServletResponse.access$000(HttpServletResponse.java:12)
	at mockx.servlet.http.HttpServletResponse$1.println(HttpServletResponse.java:22)
	at securibench.micro.sanitizers.Sanitizers2.doGet(Sanitizers2.java:36)
	at Main.main(Main.java:23)

$$$$$$$$$$$$$$$$$$$$$$$$$$$$$$$$
Calling Z3str3

Returned solutions: 
(define-fun string0 () String  "&&&_")
*************************************
Satisfiable: true
string0 => "&&&_"
*************************************


====================================================== search constraint
depth limit reached: 13

====================================================== snapshot 
no live threads
$$$$$$$$$$$$$$$$$$$$$$$$$$$$$$$$
Calling Z3str3

*************************************
Satisfiable: false
*************************************


====================================================== search constraint
depth limit reached: 13

====================================================== snapshot 
thread java.lang.Thread:{id:0,name:main,status:RUNNING,priority:5,isDaemon:false,lockCount:0,suspendCount:0}
  call stack:
	at mockx.servlet.http.HttpServletResponse.checkNoSymbolic(HttpServletResponse.java:37)
	at mockx.servlet.http.HttpServletResponse.access$000(HttpServletResponse.java:12)
	at mockx.servlet.http.HttpServletResponse$1.println(HttpServletResponse.java:22)
	at securibench.micro.sanitizers.Sanitizers2.doGet(Sanitizers2.java:36)
	at Main.main(Main.java:23)

$$$$$$$$$$$$$$$$$$$$$$$$$$$$$$$$
Calling Z3str3

Returned solutions: 
(define-fun string0 () String  "&&&A")
*************************************
Satisfiable: true
string0 => "&&&A"
*************************************

$$$$$$$$$$$$$$$$$$$$$$$$$$$$$$$$
Calling Z3str3

Returned solutions: 
(define-fun string0 () String  "&&&ABC")
*************************************
Satisfiable: true
string0 => "&&&ABC"
*************************************

$$$$$$$$$$$$$$$$$$$$$$$$$$$$$$$$
Calling Z3str3

Returned solutions: 
(define-fun string0 () String  "&&&A&")
*************************************
Satisfiable: true
string0 => "&&&A&"
*************************************

$$$$$$$$$$$$$$$$$$$$$$$$$$$$$$$$
Calling Z3str3

Returned solutions: 
(define-fun string0 () String  "&&&A&")
*************************************
Satisfiable: true
string0 => "&&&A&"
*************************************

$$$$$$$$$$$$$$$$$$$$$$$$$$$$$$$$
Calling Z3str3

Returned solutions: 
(define-fun string0 () String  "&&&A&B")
*************************************
Satisfiable: true
string0 => "&&&A&B"
*************************************


====================================================== search constraint
depth limit reached: 13

====================================================== snapshot 
thread java.lang.Thread:{id:0,name:main,status:RUNNING,priority:5,isDaemon:false,lockCount:0,suspendCount:0}
  call stack:
	at securibench.micro.sanitizers.Sanitizers2.clean(Sanitizers2.java:44)
	at securibench.micro.sanitizers.Sanitizers2.doGet(Sanitizers2.java:31)
	at Main.main(Main.java:23)


====================================================== search constraint
depth limit reached: 13

====================================================== snapshot 
thread java.lang.Thread:{id:0,name:main,status:RUNNING,priority:5,isDaemon:false,lockCount:0,suspendCount:0}
  call stack:
	at mockx.servlet.http.HttpServletResponse.checkNoSymbolic(HttpServletResponse.java:37)
	at mockx.servlet.http.HttpServletResponse.access$000(HttpServletResponse.java:12)
	at mockx.servlet.http.HttpServletResponse$1.println(HttpServletResponse.java:22)
	at securibench.micro.sanitizers.Sanitizers2.doGet(Sanitizers2.java:36)
	at Main.main(Main.java:23)

$$$$$$$$$$$$$$$$$$$$$$$$$$$$$$$$
Calling Z3str3

Returned solutions: 
(define-fun string0 () String  "&&&A<")
*************************************
Satisfiable: true
string0 => "&&&A<"
*************************************

$$$$$$$$$$$$$$$$$$$$$$$$$$$$$$$$
Calling Z3str3

Returned solutions: 
(define-fun string0 () String  "&&&A<")
*************************************
Satisfiable: true
string0 => "&&&A<"
*************************************

$$$$$$$$$$$$$$$$$$$$$$$$$$$$$$$$
Calling Z3str3

Returned solutions: 
(define-fun string0 () String  "&&&A<B")
*************************************
Satisfiable: true
string0 => "&&&A<B"
*************************************


====================================================== search constraint
depth limit reached: 13

====================================================== snapshot 
thread java.lang.Thread:{id:0,name:main,status:RUNNING,priority:5,isDaemon:false,lockCount:0,suspendCount:0}
  call stack:
	at securibench.micro.sanitizers.Sanitizers2.clean(Sanitizers2.java:44)
	at securibench.micro.sanitizers.Sanitizers2.doGet(Sanitizers2.java:31)
	at Main.main(Main.java:23)


====================================================== search constraint
depth limit reached: 13

====================================================== snapshot 
thread java.lang.Thread:{id:0,name:main,status:RUNNING,priority:5,isDaemon:false,lockCount:0,suspendCount:0}
  call stack:
	at mockx.servlet.http.HttpServletResponse.checkNoSymbolic(HttpServletResponse.java:37)
	at mockx.servlet.http.HttpServletResponse.access$000(HttpServletResponse.java:12)
	at mockx.servlet.http.HttpServletResponse$1.println(HttpServletResponse.java:22)
	at securibench.micro.sanitizers.Sanitizers2.doGet(Sanitizers2.java:36)
	at Main.main(Main.java:23)

$$$$$$$$$$$$$$$$$$$$$$$$$$$$$$$$
Calling Z3str3

Returned solutions: 
(define-fun string0 () String  "&&&A>")
*************************************
Satisfiable: true
string0 => "&&&A>"
*************************************

$$$$$$$$$$$$$$$$$$$$$$$$$$$$$$$$
Calling Z3str3

Returned solutions: 
(define-fun string0 () String  "&&&A>")
*************************************
Satisfiable: true
string0 => "&&&A>"
*************************************

$$$$$$$$$$$$$$$$$$$$$$$$$$$$$$$$
Calling Z3str3

Returned solutions: 
(define-fun string0 () String  "&&&A>B")
*************************************
Satisfiable: true
string0 => "&&&A>B"
*************************************


====================================================== search constraint
depth limit reached: 13

====================================================== snapshot 
thread java.lang.Thread:{id:0,name:main,status:RUNNING,priority:5,isDaemon:false,lockCount:0,suspendCount:0}
  call stack:
	at securibench.micro.sanitizers.Sanitizers2.clean(Sanitizers2.java:44)
	at securibench.micro.sanitizers.Sanitizers2.doGet(Sanitizers2.java:31)
	at Main.main(Main.java:23)


====================================================== search constraint
depth limit reached: 13

====================================================== snapshot 
thread java.lang.Thread:{id:0,name:main,status:RUNNING,priority:5,isDaemon:false,lockCount:0,suspendCount:0}
  call stack:
	at mockx.servlet.http.HttpServletResponse.checkNoSymbolic(HttpServletResponse.java:37)
	at mockx.servlet.http.HttpServletResponse.access$000(HttpServletResponse.java:12)
	at mockx.servlet.http.HttpServletResponse$1.println(HttpServletResponse.java:22)
	at securibench.micro.sanitizers.Sanitizers2.doGet(Sanitizers2.java:36)
	at Main.main(Main.java:23)

$$$$$$$$$$$$$$$$$$$$$$$$$$$$$$$$
Calling Z3str3

Returned solutions: 
(define-fun string0 () String  "&&&AB")
*************************************
Satisfiable: true
string0 => "&&&AB"
*************************************

$$$$$$$$$$$$$$$$$$$$$$$$$$$$$$$$
Calling Z3str3

Returned solutions: 
(define-fun string0 () String  "&&&AB")
*************************************
Satisfiable: true
string0 => "&&&AB"
*************************************

$$$$$$$$$$$$$$$$$$$$$$$$$$$$$$$$
Calling Z3str3

Returned solutions: 
(define-fun string0 () String  "&&&A_")
*************************************
Satisfiable: true
string0 => "&&&A_"
*************************************

$$$$$$$$$$$$$$$$$$$$$$$$$$$$$$$$
Calling Z3str3

Returned solutions: 
(define-fun string0 () String  "&&&A_")
*************************************
Satisfiable: true
string0 => "&&&A_"
*************************************

$$$$$$$$$$$$$$$$$$$$$$$$$$$$$$$$
Calling Z3str3

Returned solutions: 
(define-fun string0 () String  "&&&A_B")
*************************************
Satisfiable: true
string0 => "&&&A_B"
*************************************


====================================================== search constraint
depth limit reached: 13

====================================================== snapshot 
thread java.lang.Thread:{id:0,name:main,status:RUNNING,priority:5,isDaemon:false,lockCount:0,suspendCount:0}
  call stack:
	at securibench.micro.sanitizers.Sanitizers2.clean(Sanitizers2.java:42)
	at securibench.micro.sanitizers.Sanitizers2.doGet(Sanitizers2.java:31)
	at Main.main(Main.java:23)

$$$$$$$$$$$$$$$$$$$$$$$$$$$$$$$$
Calling Z3str3

Returned solutions: 
(define-fun string0 () String  "&&&AB")
*************************************
Satisfiable: true
string0 => "&&&AB"
*************************************

$$$$$$$$$$$$$$$$$$$$$$$$$$$$$$$$
Calling Z3str3

Returned solutions: 
(define-fun string0 () String  "&&&ABC")
*************************************
Satisfiable: true
string0 => "&&&ABC"
*************************************


====================================================== search constraint
depth limit reached: 13

====================================================== snapshot 
thread java.lang.Thread:{id:0,name:main,status:RUNNING,priority:5,isDaemon:false,lockCount:0,suspendCount:0}
  call stack:
	at securibench.micro.sanitizers.Sanitizers2.clean(Sanitizers2.java:42)
	at securibench.micro.sanitizers.Sanitizers2.doGet(Sanitizers2.java:31)
	at Main.main(Main.java:23)

$$$$$$$$$$$$$$$$$$$$$$$$$$$$$$$$
Calling Z3str3

*************************************
Satisfiable: false
*************************************

$$$$$$$$$$$$$$$$$$$$$$$$$$$$$$$$
Calling Z3str3

Returned solutions: 
(define-fun string0 () String  "&&&A")
*************************************
Satisfiable: true
string0 => "&&&A"
*************************************

$$$$$$$$$$$$$$$$$$$$$$$$$$$$$$$$
Calling Z3str3

*************************************
Satisfiable: false
*************************************


====================================================== search constraint
depth limit reached: 13

====================================================== snapshot 
thread java.lang.Thread:{id:0,name:main,status:RUNNING,priority:5,isDaemon:false,lockCount:0,suspendCount:0}
  call stack:
	at mockx.servlet.http.HttpServletResponse.checkNoSymbolic(HttpServletResponse.java:37)
	at mockx.servlet.http.HttpServletResponse.access$000(HttpServletResponse.java:12)
	at mockx.servlet.http.HttpServletResponse$1.println(HttpServletResponse.java:22)
	at securibench.micro.sanitizers.Sanitizers2.doGet(Sanitizers2.java:36)
	at Main.main(Main.java:23)

$$$$$$$$$$$$$$$$$$$$$$$$$$$$$$$$
Calling Z3str3

Returned solutions: 
(define-fun string0 () String  "&&&A")
*************************************
Satisfiable: true
string0 => "&&&A"
*************************************


====================================================== search constraint
depth limit reached: 13

====================================================== snapshot 
no live threads
$$$$$$$$$$$$$$$$$$$$$$$$$$$$$$$$
Calling Z3str3

*************************************
Satisfiable: false
*************************************


====================================================== search constraint
depth limit reached: 13

====================================================== snapshot 
thread java.lang.Thread:{id:0,name:main,status:RUNNING,priority:5,isDaemon:false,lockCount:0,suspendCount:0}
  call stack:
	at mockx.servlet.http.HttpServletResponse.checkNoSymbolic(HttpServletResponse.java:37)
	at mockx.servlet.http.HttpServletResponse.access$000(HttpServletResponse.java:12)
	at mockx.servlet.http.HttpServletResponse$1.println(HttpServletResponse.java:22)
	at securibench.micro.sanitizers.Sanitizers2.doGet(Sanitizers2.java:36)
	at Main.main(Main.java:23)

$$$$$$$$$$$$$$$$$$$$$$$$$$$$$$$$
Calling Z3str3

*************************************
Satisfiable: false
*************************************

$$$$$$$$$$$$$$$$$$$$$$$$$$$$$$$$
Calling Z3str3

Returned solutions: 
(define-fun string0 () String  "&&&")
*************************************
Satisfiable: true
string0 => "&&&"
*************************************

$$$$$$$$$$$$$$$$$$$$$$$$$$$$$$$$
Calling Z3str3

*************************************
Satisfiable: false
*************************************

$$$$$$$$$$$$$$$$$$$$$$$$$$$$$$$$
Calling Z3str3

Returned solutions: 
(define-fun string0 () String  "&&&")
*************************************
Satisfiable: true
string0 => "&&&"
*************************************

$$$$$$$$$$$$$$$$$$$$$$$$$$$$$$$$
Calling Z3str3

*************************************
Satisfiable: false
*************************************

$$$$$$$$$$$$$$$$$$$$$$$$$$$$$$$$
Calling Z3str3

Returned solutions: 
(define-fun string0 () String  "&&<")
*************************************
Satisfiable: true
string0 => "&&<"
*************************************

$$$$$$$$$$$$$$$$$$$$$$$$$$$$$$$$
Calling Z3str3

Returned solutions: 
(define-fun string0 () String  "&&<")
*************************************
Satisfiable: true
string0 => "&&<"
*************************************

$$$$$$$$$$$$$$$$$$$$$$$$$$$$$$$$
Calling Z3str3

Returned solutions: 
(define-fun string0 () String  "&&<A")
*************************************
Satisfiable: true
string0 => "&&<A"
*************************************

$$$$$$$$$$$$$$$$$$$$$$$$$$$$$$$$
Calling Z3str3

Returned solutions: 
(define-fun string0 () String  "&&<&")
*************************************
Satisfiable: true
string0 => "&&<&"
*************************************

$$$$$$$$$$$$$$$$$$$$$$$$$$$$$$$$
Calling Z3str3

Returned solutions: 
(define-fun string0 () String  "&&<&")
*************************************
Satisfiable: true
string0 => "&&<&"
*************************************

$$$$$$$$$$$$$$$$$$$$$$$$$$$$$$$$
Calling Z3str3

Returned solutions: 
(define-fun string0 () String  "&&<&A")
*************************************
Satisfiable: true
string0 => "&&<&A"
*************************************

$$$$$$$$$$$$$$$$$$$$$$$$$$$$$$$$
Calling Z3str3

Returned solutions: 
(define-fun string0 () String  "&&<&&")
*************************************
Satisfiable: true
string0 => "&&<&&"
*************************************

$$$$$$$$$$$$$$$$$$$$$$$$$$$$$$$$
Calling Z3str3

Returned solutions: 
(define-fun string0 () String  "&&<&&")
*************************************
Satisfiable: true
string0 => "&&<&&"
*************************************

$$$$$$$$$$$$$$$$$$$$$$$$$$$$$$$$
Calling Z3str3

Returned solutions: 
(define-fun string0 () String  "&&<&&A")
*************************************
Satisfiable: true
string0 => "&&<&&A"
*************************************

$$$$$$$$$$$$$$$$$$$$$$$$$$$$$$$$
Calling Z3str3

Returned solutions: 
(define-fun string0 () String  "&&<&&&")
*************************************
Satisfiable: true
string0 => "&&<&&&"
*************************************

$$$$$$$$$$$$$$$$$$$$$$$$$$$$$$$$
Calling Z3str3

Returned solutions: 
(define-fun string0 () String  "&&<&&&")
*************************************
Satisfiable: true
string0 => "&&<&&&"
*************************************

$$$$$$$$$$$$$$$$$$$$$$$$$$$$$$$$
Calling Z3str3

Returned solutions: 
(define-fun string0 () String  "&&<&&&A")
*************************************
Satisfiable: true
string0 => "&&<&&&A"
*************************************


====================================================== search constraint
depth limit reached: 13

====================================================== snapshot 
thread java.lang.Thread:{id:0,name:main,status:RUNNING,priority:5,isDaemon:false,lockCount:0,suspendCount:0}
  call stack:
	at securibench.micro.sanitizers.Sanitizers2.clean(Sanitizers2.java:42)
	at securibench.micro.sanitizers.Sanitizers2.doGet(Sanitizers2.java:31)
	at Main.main(Main.java:23)

$$$$$$$$$$$$$$$$$$$$$$$$$$$$$$$$
Calling Z3str3

Returned solutions: 
(define-fun string0 () String  "&&<&&<")
*************************************
Satisfiable: true
string0 => "&&<&&<"
*************************************

$$$$$$$$$$$$$$$$$$$$$$$$$$$$$$$$
Calling Z3str3

Returned solutions: 
(define-fun string0 () String  "&&<&&<")
*************************************
Satisfiable: true
string0 => "&&<&&<"
*************************************

$$$$$$$$$$$$$$$$$$$$$$$$$$$$$$$$
Calling Z3str3

Returned solutions: 
(define-fun string0 () String  "&&<&&<A")
*************************************
Satisfiable: true
string0 => "&&<&&<A"
*************************************


====================================================== search constraint
depth limit reached: 13

====================================================== snapshot 
thread java.lang.Thread:{id:0,name:main,status:RUNNING,priority:5,isDaemon:false,lockCount:0,suspendCount:0}
  call stack:
	at securibench.micro.sanitizers.Sanitizers2.clean(Sanitizers2.java:42)
	at securibench.micro.sanitizers.Sanitizers2.doGet(Sanitizers2.java:31)
	at Main.main(Main.java:23)

$$$$$$$$$$$$$$$$$$$$$$$$$$$$$$$$
Calling Z3str3

Returned solutions: 
(define-fun string0 () String  "&&<&&>")
*************************************
Satisfiable: true
string0 => "&&<&&>"
*************************************

$$$$$$$$$$$$$$$$$$$$$$$$$$$$$$$$
Calling Z3str3

Returned solutions: 
(define-fun string0 () String  "&&<&&>")
*************************************
Satisfiable: true
string0 => "&&<&&>"
*************************************

$$$$$$$$$$$$$$$$$$$$$$$$$$$$$$$$
Calling Z3str3

Returned solutions: 
(define-fun string0 () String  "&&<&&>A")
*************************************
Satisfiable: true
string0 => "&&<&&>A"
*************************************


====================================================== search constraint
depth limit reached: 13

====================================================== snapshot 
thread java.lang.Thread:{id:0,name:main,status:RUNNING,priority:5,isDaemon:false,lockCount:0,suspendCount:0}
  call stack:
	at securibench.micro.sanitizers.Sanitizers2.clean(Sanitizers2.java:42)
	at securibench.micro.sanitizers.Sanitizers2.doGet(Sanitizers2.java:31)
	at Main.main(Main.java:23)

$$$$$$$$$$$$$$$$$$$$$$$$$$$$$$$$
Calling Z3str3

Returned solutions: 
(define-fun string0 () String  "&&<&&A")
*************************************
Satisfiable: true
string0 => "&&<&&A"
*************************************

$$$$$$$$$$$$$$$$$$$$$$$$$$$$$$$$
Calling Z3str3

Returned solutions: 
(define-fun string0 () String  "&&<&&A")
*************************************
Satisfiable: true
string0 => "&&<&&A"
*************************************

$$$$$$$$$$$$$$$$$$$$$$$$$$$$$$$$
Calling Z3str3

Returned solutions: 
(define-fun string0 () String  "&&<&&_")
*************************************
Satisfiable: true
string0 => "&&<&&_"
*************************************


====================================================== search constraint
depth limit reached: 13

====================================================== snapshot 
thread java.lang.Thread:{id:0,name:main,status:RUNNING,priority:5,isDaemon:false,lockCount:0,suspendCount:0}
  call stack:
	at securibench.micro.sanitizers.Sanitizers2.clean(Sanitizers2.java:55)
	at securibench.micro.sanitizers.Sanitizers2.doGet(Sanitizers2.java:31)
	at Main.main(Main.java:23)

$$$$$$$$$$$$$$$$$$$$$$$$$$$$$$$$
Calling Z3str3

*************************************
Satisfiable: false
*************************************


====================================================== search constraint
depth limit reached: 13

====================================================== snapshot 
thread java.lang.Thread:{id:0,name:main,status:RUNNING,priority:5,isDaemon:false,lockCount:0,suspendCount:0}
  call stack:
	at mockx.servlet.http.HttpServletResponse.checkNoSymbolic(HttpServletResponse.java:40)
	at mockx.servlet.http.HttpServletResponse.access$000(HttpServletResponse.java:12)
	at mockx.servlet.http.HttpServletResponse$1.println(HttpServletResponse.java:22)
	at securibench.micro.sanitizers.Sanitizers2.doGet(Sanitizers2.java:36)
	at Main.main(Main.java:23)

$$$$$$$$$$$$$$$$$$$$$$$$$$$$$$$$
Calling Z3str3

Returned solutions: 
(define-fun string0 () String  "&&<&&")
*************************************
Satisfiable: true
string0 => "&&<&&"
*************************************


====================================================== search constraint
depth limit reached: 13

====================================================== snapshot 
thread java.lang.Thread:{id:0,name:main,status:RUNNING,priority:5,isDaemon:false,lockCount:0,suspendCount:0}
  call stack:
	at mockx.servlet.http.HttpServletResponse.checkNoSymbolic(HttpServletResponse.java:37)
	at mockx.servlet.http.HttpServletResponse.access$000(HttpServletResponse.java:12)
	at mockx.servlet.http.HttpServletResponse$1.println(HttpServletResponse.java:22)
	at securibench.micro.sanitizers.Sanitizers2.doGet(Sanitizers2.java:36)
	at Main.main(Main.java:23)

$$$$$$$$$$$$$$$$$$$$$$$$$$$$$$$$
Calling Z3str3

Returned solutions: 
(define-fun string0 () String  "&&<&<")
*************************************
Satisfiable: true
string0 => "&&<&<"
*************************************

$$$$$$$$$$$$$$$$$$$$$$$$$$$$$$$$
Calling Z3str3

Returned solutions: 
(define-fun string0 () String  "&&<&<")
*************************************
Satisfiable: true
string0 => "&&<&<"
*************************************

$$$$$$$$$$$$$$$$$$$$$$$$$$$$$$$$
Calling Z3str3

Returned solutions: 
(define-fun string0 () String  "&&<&<A")
*************************************
Satisfiable: true
string0 => "&&<&<A"
*************************************

$$$$$$$$$$$$$$$$$$$$$$$$$$$$$$$$
Calling Z3str3

Returned solutions: 
(define-fun string0 () String  "&&<&<&")
*************************************
Satisfiable: true
string0 => "&&<&<&"
*************************************

$$$$$$$$$$$$$$$$$$$$$$$$$$$$$$$$
Calling Z3str3

Returned solutions: 
(define-fun string0 () String  "&&<&<&")
*************************************
Satisfiable: true
string0 => "&&<&<&"
*************************************

$$$$$$$$$$$$$$$$$$$$$$$$$$$$$$$$
Calling Z3str3

Returned solutions: 
(define-fun string0 () String  "&&<&<&A")
*************************************
Satisfiable: true
string0 => "&&<&<&A"
*************************************


====================================================== search constraint
depth limit reached: 13

====================================================== snapshot 
thread java.lang.Thread:{id:0,name:main,status:RUNNING,priority:5,isDaemon:false,lockCount:0,suspendCount:0}
  call stack:
	at securibench.micro.sanitizers.Sanitizers2.clean(Sanitizers2.java:42)
	at securibench.micro.sanitizers.Sanitizers2.doGet(Sanitizers2.java:31)
	at Main.main(Main.java:23)

$$$$$$$$$$$$$$$$$$$$$$$$$$$$$$$$
Calling Z3str3

Returned solutions: 
(define-fun string0 () String  "&&<&<<")
*************************************
Satisfiable: true
string0 => "&&<&<<"
*************************************

$$$$$$$$$$$$$$$$$$$$$$$$$$$$$$$$
Calling Z3str3

Returned solutions: 
(define-fun string0 () String  "&&<&<<")
*************************************
Satisfiable: true
string0 => "&&<&<<"
*************************************

$$$$$$$$$$$$$$$$$$$$$$$$$$$$$$$$
Calling Z3str3

Returned solutions: 
(define-fun string0 () String  "&&<&<<A")
*************************************
Satisfiable: true
string0 => "&&<&<<A"
*************************************


====================================================== search constraint
depth limit reached: 13

====================================================== snapshot 
thread java.lang.Thread:{id:0,name:main,status:RUNNING,priority:5,isDaemon:false,lockCount:0,suspendCount:0}
  call stack:
	at securibench.micro.sanitizers.Sanitizers2.clean(Sanitizers2.java:42)
	at securibench.micro.sanitizers.Sanitizers2.doGet(Sanitizers2.java:31)
	at Main.main(Main.java:23)

$$$$$$$$$$$$$$$$$$$$$$$$$$$$$$$$
Calling Z3str3

Returned solutions: 
(define-fun string0 () String  "&&<&<>")
*************************************
Satisfiable: true
string0 => "&&<&<>"
*************************************

$$$$$$$$$$$$$$$$$$$$$$$$$$$$$$$$
Calling Z3str3

Returned solutions: 
(define-fun string0 () String  "&&<&<>")
*************************************
Satisfiable: true
string0 => "&&<&<>"
*************************************

$$$$$$$$$$$$$$$$$$$$$$$$$$$$$$$$
Calling Z3str3

Returned solutions: 
(define-fun string0 () String  "&&<&<>A")
*************************************
Satisfiable: true
string0 => "&&<&<>A"
*************************************


====================================================== search constraint
depth limit reached: 13

====================================================== snapshot 
thread java.lang.Thread:{id:0,name:main,status:RUNNING,priority:5,isDaemon:false,lockCount:0,suspendCount:0}
  call stack:
	at securibench.micro.sanitizers.Sanitizers2.clean(Sanitizers2.java:42)
	at securibench.micro.sanitizers.Sanitizers2.doGet(Sanitizers2.java:31)
	at Main.main(Main.java:23)

$$$$$$$$$$$$$$$$$$$$$$$$$$$$$$$$
Calling Z3str3

Returned solutions: 
(define-fun string0 () String  "&&<&<A")
*************************************
Satisfiable: true
string0 => "&&<&<A"
*************************************

$$$$$$$$$$$$$$$$$$$$$$$$$$$$$$$$
Calling Z3str3

Returned solutions: 
(define-fun string0 () String  "&&<&<A")
*************************************
Satisfiable: true
string0 => "&&<&<A"
*************************************

$$$$$$$$$$$$$$$$$$$$$$$$$$$$$$$$
Calling Z3str3

Returned solutions: 
(define-fun string0 () String  "&&<&<_")
*************************************
Satisfiable: true
string0 => "&&<&<_"
*************************************


====================================================== search constraint
depth limit reached: 13

====================================================== snapshot 
thread java.lang.Thread:{id:0,name:main,status:RUNNING,priority:5,isDaemon:false,lockCount:0,suspendCount:0}
  call stack:
	at securibench.micro.sanitizers.Sanitizers2.clean(Sanitizers2.java:55)
	at securibench.micro.sanitizers.Sanitizers2.doGet(Sanitizers2.java:31)
	at Main.main(Main.java:23)

$$$$$$$$$$$$$$$$$$$$$$$$$$$$$$$$
Calling Z3str3

*************************************
Satisfiable: false
*************************************


====================================================== search constraint
depth limit reached: 13

====================================================== snapshot 
thread java.lang.Thread:{id:0,name:main,status:RUNNING,priority:5,isDaemon:false,lockCount:0,suspendCount:0}
  call stack:
	at mockx.servlet.http.HttpServletResponse.checkNoSymbolic(HttpServletResponse.java:40)
	at mockx.servlet.http.HttpServletResponse.access$000(HttpServletResponse.java:12)
	at mockx.servlet.http.HttpServletResponse$1.println(HttpServletResponse.java:22)
	at securibench.micro.sanitizers.Sanitizers2.doGet(Sanitizers2.java:36)
	at Main.main(Main.java:23)

$$$$$$$$$$$$$$$$$$$$$$$$$$$$$$$$
Calling Z3str3

Returned solutions: 
(define-fun string0 () String  "&&<&<")
*************************************
Satisfiable: true
string0 => "&&<&<"
*************************************


====================================================== search constraint
depth limit reached: 13

====================================================== snapshot 
thread java.lang.Thread:{id:0,name:main,status:RUNNING,priority:5,isDaemon:false,lockCount:0,suspendCount:0}
  call stack:
	at mockx.servlet.http.HttpServletResponse.checkNoSymbolic(HttpServletResponse.java:37)
	at mockx.servlet.http.HttpServletResponse.access$000(HttpServletResponse.java:12)
	at mockx.servlet.http.HttpServletResponse$1.println(HttpServletResponse.java:22)
	at securibench.micro.sanitizers.Sanitizers2.doGet(Sanitizers2.java:36)
	at Main.main(Main.java:23)

$$$$$$$$$$$$$$$$$$$$$$$$$$$$$$$$
Calling Z3str3

Returned solutions: 
(define-fun string0 () String  "&&<&>")
*************************************
Satisfiable: true
string0 => "&&<&>"
*************************************

$$$$$$$$$$$$$$$$$$$$$$$$$$$$$$$$
Calling Z3str3

Returned solutions: 
(define-fun string0 () String  "&&<&>")
*************************************
Satisfiable: true
string0 => "&&<&>"
*************************************

$$$$$$$$$$$$$$$$$$$$$$$$$$$$$$$$
Calling Z3str3

Returned solutions: 
(define-fun string0 () String  "&&<&>A")
*************************************
Satisfiable: true
string0 => "&&<&>A"
*************************************

$$$$$$$$$$$$$$$$$$$$$$$$$$$$$$$$
Calling Z3str3

Returned solutions: 
(define-fun string0 () String  "&&<&>&")
*************************************
Satisfiable: true
string0 => "&&<&>&"
*************************************

$$$$$$$$$$$$$$$$$$$$$$$$$$$$$$$$
Calling Z3str3

Returned solutions: 
(define-fun string0 () String  "&&<&>&")
*************************************
Satisfiable: true
string0 => "&&<&>&"
*************************************

$$$$$$$$$$$$$$$$$$$$$$$$$$$$$$$$
Calling Z3str3

Returned solutions: 
(define-fun string0 () String  "&&<&>&A")
*************************************
Satisfiable: true
string0 => "&&<&>&A"
*************************************


====================================================== search constraint
depth limit reached: 13

====================================================== snapshot 
thread java.lang.Thread:{id:0,name:main,status:RUNNING,priority:5,isDaemon:false,lockCount:0,suspendCount:0}
  call stack:
	at securibench.micro.sanitizers.Sanitizers2.clean(Sanitizers2.java:42)
	at securibench.micro.sanitizers.Sanitizers2.doGet(Sanitizers2.java:31)
	at Main.main(Main.java:23)

$$$$$$$$$$$$$$$$$$$$$$$$$$$$$$$$
Calling Z3str3

Returned solutions: 
(define-fun string0 () String  "&&<&><")
*************************************
Satisfiable: true
string0 => "&&<&><"
*************************************

$$$$$$$$$$$$$$$$$$$$$$$$$$$$$$$$
Calling Z3str3

Returned solutions: 
(define-fun string0 () String  "&&<&><")
*************************************
Satisfiable: true
string0 => "&&<&><"
*************************************

$$$$$$$$$$$$$$$$$$$$$$$$$$$$$$$$
Calling Z3str3

Returned solutions: 
(define-fun string0 () String  "&&<&><A")
*************************************
Satisfiable: true
string0 => "&&<&><A"
*************************************


====================================================== search constraint
depth limit reached: 13

====================================================== snapshot 
thread java.lang.Thread:{id:0,name:main,status:RUNNING,priority:5,isDaemon:false,lockCount:0,suspendCount:0}
  call stack:
	at securibench.micro.sanitizers.Sanitizers2.clean(Sanitizers2.java:42)
	at securibench.micro.sanitizers.Sanitizers2.doGet(Sanitizers2.java:31)
	at Main.main(Main.java:23)

$$$$$$$$$$$$$$$$$$$$$$$$$$$$$$$$
Calling Z3str3

Returned solutions: 
(define-fun string0 () String  "&&<&>>")
*************************************
Satisfiable: true
string0 => "&&<&>>"
*************************************

$$$$$$$$$$$$$$$$$$$$$$$$$$$$$$$$
Calling Z3str3

Returned solutions: 
(define-fun string0 () String  "&&<&>>")
*************************************
Satisfiable: true
string0 => "&&<&>>"
*************************************

$$$$$$$$$$$$$$$$$$$$$$$$$$$$$$$$
Calling Z3str3

Returned solutions: 
(define-fun string0 () String  "&&<&>>A")
*************************************
Satisfiable: true
string0 => "&&<&>>A"
*************************************


====================================================== search constraint
depth limit reached: 13

====================================================== snapshot 
thread java.lang.Thread:{id:0,name:main,status:RUNNING,priority:5,isDaemon:false,lockCount:0,suspendCount:0}
  call stack:
	at securibench.micro.sanitizers.Sanitizers2.clean(Sanitizers2.java:42)
	at securibench.micro.sanitizers.Sanitizers2.doGet(Sanitizers2.java:31)
	at Main.main(Main.java:23)

$$$$$$$$$$$$$$$$$$$$$$$$$$$$$$$$
Calling Z3str3

Returned solutions: 
(define-fun string0 () String  "&&<&>A")
*************************************
Satisfiable: true
string0 => "&&<&>A"
*************************************

$$$$$$$$$$$$$$$$$$$$$$$$$$$$$$$$
Calling Z3str3

Returned solutions: 
(define-fun string0 () String  "&&<&>A")
*************************************
Satisfiable: true
string0 => "&&<&>A"
*************************************

$$$$$$$$$$$$$$$$$$$$$$$$$$$$$$$$
Calling Z3str3

Returned solutions: 
(define-fun string0 () String  "&&<&>_")
*************************************
Satisfiable: true
string0 => "&&<&>_"
*************************************


====================================================== search constraint
depth limit reached: 13

====================================================== snapshot 
thread java.lang.Thread:{id:0,name:main,status:RUNNING,priority:5,isDaemon:false,lockCount:0,suspendCount:0}
  call stack:
	at securibench.micro.sanitizers.Sanitizers2.clean(Sanitizers2.java:55)
	at securibench.micro.sanitizers.Sanitizers2.doGet(Sanitizers2.java:31)
	at Main.main(Main.java:23)

$$$$$$$$$$$$$$$$$$$$$$$$$$$$$$$$
Calling Z3str3

*************************************
Satisfiable: false
*************************************


====================================================== search constraint
depth limit reached: 13

====================================================== snapshot 
thread java.lang.Thread:{id:0,name:main,status:RUNNING,priority:5,isDaemon:false,lockCount:0,suspendCount:0}
  call stack:
	at mockx.servlet.http.HttpServletResponse.checkNoSymbolic(HttpServletResponse.java:40)
	at mockx.servlet.http.HttpServletResponse.access$000(HttpServletResponse.java:12)
	at mockx.servlet.http.HttpServletResponse$1.println(HttpServletResponse.java:22)
	at securibench.micro.sanitizers.Sanitizers2.doGet(Sanitizers2.java:36)
	at Main.main(Main.java:23)

$$$$$$$$$$$$$$$$$$$$$$$$$$$$$$$$
Calling Z3str3

Returned solutions: 
(define-fun string0 () String  "&&<&>")
*************************************
Satisfiable: true
string0 => "&&<&>"
*************************************


====================================================== search constraint
depth limit reached: 13

====================================================== snapshot 
thread java.lang.Thread:{id:0,name:main,status:RUNNING,priority:5,isDaemon:false,lockCount:0,suspendCount:0}
  call stack:
	at mockx.servlet.http.HttpServletResponse.checkNoSymbolic(HttpServletResponse.java:37)
	at mockx.servlet.http.HttpServletResponse.access$000(HttpServletResponse.java:12)
	at mockx.servlet.http.HttpServletResponse$1.println(HttpServletResponse.java:22)
	at securibench.micro.sanitizers.Sanitizers2.doGet(Sanitizers2.java:36)
	at Main.main(Main.java:23)

$$$$$$$$$$$$$$$$$$$$$$$$$$$$$$$$
Calling Z3str3

Returned solutions: 
(define-fun string0 () String  "&&<&A")
*************************************
Satisfiable: true
string0 => "&&<&A"
*************************************

$$$$$$$$$$$$$$$$$$$$$$$$$$$$$$$$
Calling Z3str3

Returned solutions: 
(define-fun string0 () String  "&&<&A")
*************************************
Satisfiable: true
string0 => "&&<&A"
*************************************

$$$$$$$$$$$$$$$$$$$$$$$$$$$$$$$$
Calling Z3str3

Returned solutions: 
(define-fun string0 () String  "&&<&_")
*************************************
Satisfiable: true
string0 => "&&<&_"
*************************************

$$$$$$$$$$$$$$$$$$$$$$$$$$$$$$$$
Calling Z3str3

Returned solutions: 
(define-fun string0 () String  "&&<&_")
*************************************
Satisfiable: true
string0 => "&&<&_"
*************************************

$$$$$$$$$$$$$$$$$$$$$$$$$$$$$$$$
Calling Z3str3

Returned solutions: 
(define-fun string0 () String  "&&<&_A")
*************************************
Satisfiable: true
string0 => "&&<&_A"
*************************************


====================================================== search constraint
depth limit reached: 13

====================================================== snapshot 
thread java.lang.Thread:{id:0,name:main,status:RUNNING,priority:5,isDaemon:false,lockCount:0,suspendCount:0}
  call stack:
	at securibench.micro.sanitizers.Sanitizers2.clean(Sanitizers2.java:44)
	at securibench.micro.sanitizers.Sanitizers2.doGet(Sanitizers2.java:31)
	at Main.main(Main.java:23)


====================================================== search constraint
depth limit reached: 13

====================================================== snapshot 
thread java.lang.Thread:{id:0,name:main,status:RUNNING,priority:5,isDaemon:false,lockCount:0,suspendCount:0}
  call stack:
	at mockx.servlet.http.HttpServletResponse.checkNoSymbolic(HttpServletResponse.java:37)
	at mockx.servlet.http.HttpServletResponse.access$000(HttpServletResponse.java:12)
	at mockx.servlet.http.HttpServletResponse$1.println(HttpServletResponse.java:22)
	at securibench.micro.sanitizers.Sanitizers2.doGet(Sanitizers2.java:36)
	at Main.main(Main.java:23)

$$$$$$$$$$$$$$$$$$$$$$$$$$$$$$$$
Calling Z3str3

Returned solutions: 
(define-fun string0 () String  "&&<&A")
*************************************
Satisfiable: true
string0 => "&&<&A"
*************************************

$$$$$$$$$$$$$$$$$$$$$$$$$$$$$$$$
Calling Z3str3

Returned solutions: 
(define-fun string0 () String  "&&<&AB")
*************************************
Satisfiable: true
string0 => "&&<&AB"
*************************************


====================================================== search constraint
depth limit reached: 13

====================================================== snapshot 
thread java.lang.Thread:{id:0,name:main,status:RUNNING,priority:5,isDaemon:false,lockCount:0,suspendCount:0}
  call stack:
	at securibench.micro.sanitizers.Sanitizers2.clean(Sanitizers2.java:44)
	at securibench.micro.sanitizers.Sanitizers2.doGet(Sanitizers2.java:31)
	at Main.main(Main.java:23)


====================================================== search constraint
depth limit reached: 13

====================================================== snapshot 
thread java.lang.Thread:{id:0,name:main,status:RUNNING,priority:5,isDaemon:false,lockCount:0,suspendCount:0}
  call stack:
	at mockx.servlet.http.HttpServletResponse.checkNoSymbolic(HttpServletResponse.java:37)
	at mockx.servlet.http.HttpServletResponse.access$000(HttpServletResponse.java:12)
	at mockx.servlet.http.HttpServletResponse$1.println(HttpServletResponse.java:22)
	at securibench.micro.sanitizers.Sanitizers2.doGet(Sanitizers2.java:36)
	at Main.main(Main.java:23)

$$$$$$$$$$$$$$$$$$$$$$$$$$$$$$$$
Calling Z3str3

*************************************
Satisfiable: false
*************************************

$$$$$$$$$$$$$$$$$$$$$$$$$$$$$$$$
Calling Z3str3

Returned solutions: 
(define-fun string0 () String  "&&<&")
*************************************
Satisfiable: true
string0 => "&&<&"
*************************************

$$$$$$$$$$$$$$$$$$$$$$$$$$$$$$$$
Calling Z3str3

*************************************
Satisfiable: false
*************************************

$$$$$$$$$$$$$$$$$$$$$$$$$$$$$$$$
Calling Z3str3

Returned solutions: 
(define-fun string0 () String  "&&<&")
*************************************
Satisfiable: true
string0 => "&&<&"
*************************************

$$$$$$$$$$$$$$$$$$$$$$$$$$$$$$$$
Calling Z3str3

*************************************
Satisfiable: false
*************************************

$$$$$$$$$$$$$$$$$$$$$$$$$$$$$$$$
Calling Z3str3

Returned solutions: 
(define-fun string0 () String  "&&<<")
*************************************
Satisfiable: true
string0 => "&&<<"
*************************************

$$$$$$$$$$$$$$$$$$$$$$$$$$$$$$$$
Calling Z3str3

Returned solutions: 
(define-fun string0 () String  "&&<<")
*************************************
Satisfiable: true
string0 => "&&<<"
*************************************

$$$$$$$$$$$$$$$$$$$$$$$$$$$$$$$$
Calling Z3str3

Returned solutions: 
(define-fun string0 () String  "&&<<A")
*************************************
Satisfiable: true
string0 => "&&<<A"
*************************************

$$$$$$$$$$$$$$$$$$$$$$$$$$$$$$$$
Calling Z3str3

Returned solutions: 
(define-fun string0 () String  "&&<<&")
*************************************
Satisfiable: true
string0 => "&&<<&"
*************************************

$$$$$$$$$$$$$$$$$$$$$$$$$$$$$$$$
Calling Z3str3

Returned solutions: 
(define-fun string0 () String  "&&<<&")
*************************************
Satisfiable: true
string0 => "&&<<&"
*************************************

$$$$$$$$$$$$$$$$$$$$$$$$$$$$$$$$
Calling Z3str3

Returned solutions: 
(define-fun string0 () String  "&&<<&A")
*************************************
Satisfiable: true
string0 => "&&<<&A"
*************************************

$$$$$$$$$$$$$$$$$$$$$$$$$$$$$$$$
Calling Z3str3

Returned solutions: 
(define-fun string0 () String  "&&<<&&")
*************************************
Satisfiable: true
string0 => "&&<<&&"
*************************************

$$$$$$$$$$$$$$$$$$$$$$$$$$$$$$$$
Calling Z3str3

Returned solutions: 
(define-fun string0 () String  "&&<<&&")
*************************************
Satisfiable: true
string0 => "&&<<&&"
*************************************

$$$$$$$$$$$$$$$$$$$$$$$$$$$$$$$$
Calling Z3str3

Returned solutions: 
(define-fun string0 () String  "&&<<&&A")
*************************************
Satisfiable: true
string0 => "&&<<&&A"
*************************************


====================================================== search constraint
depth limit reached: 13

====================================================== snapshot 
thread java.lang.Thread:{id:0,name:main,status:RUNNING,priority:5,isDaemon:false,lockCount:0,suspendCount:0}
  call stack:
	at securibench.micro.sanitizers.Sanitizers2.clean(Sanitizers2.java:42)
	at securibench.micro.sanitizers.Sanitizers2.doGet(Sanitizers2.java:31)
	at Main.main(Main.java:23)

$$$$$$$$$$$$$$$$$$$$$$$$$$$$$$$$
Calling Z3str3

Returned solutions: 
(define-fun string0 () String  "&&<<&<")
*************************************
Satisfiable: true
string0 => "&&<<&<"
*************************************

$$$$$$$$$$$$$$$$$$$$$$$$$$$$$$$$
Calling Z3str3

Returned solutions: 
(define-fun string0 () String  "&&<<&<")
*************************************
Satisfiable: true
string0 => "&&<<&<"
*************************************

$$$$$$$$$$$$$$$$$$$$$$$$$$$$$$$$
Calling Z3str3

Returned solutions: 
(define-fun string0 () String  "&&<<&<A")
*************************************
Satisfiable: true
string0 => "&&<<&<A"
*************************************


====================================================== search constraint
depth limit reached: 13

====================================================== snapshot 
thread java.lang.Thread:{id:0,name:main,status:RUNNING,priority:5,isDaemon:false,lockCount:0,suspendCount:0}
  call stack:
	at securibench.micro.sanitizers.Sanitizers2.clean(Sanitizers2.java:42)
	at securibench.micro.sanitizers.Sanitizers2.doGet(Sanitizers2.java:31)
	at Main.main(Main.java:23)

$$$$$$$$$$$$$$$$$$$$$$$$$$$$$$$$
Calling Z3str3

Returned solutions: 
(define-fun string0 () String  "&&<<&>")
*************************************
Satisfiable: true
string0 => "&&<<&>"
*************************************

$$$$$$$$$$$$$$$$$$$$$$$$$$$$$$$$
Calling Z3str3

Returned solutions: 
(define-fun string0 () String  "&&<<&>")
*************************************
Satisfiable: true
string0 => "&&<<&>"
*************************************

$$$$$$$$$$$$$$$$$$$$$$$$$$$$$$$$
Calling Z3str3

Returned solutions: 
(define-fun string0 () String  "&&<<&>A")
*************************************
Satisfiable: true
string0 => "&&<<&>A"
*************************************


====================================================== search constraint
depth limit reached: 13

====================================================== snapshot 
thread java.lang.Thread:{id:0,name:main,status:RUNNING,priority:5,isDaemon:false,lockCount:0,suspendCount:0}
  call stack:
	at securibench.micro.sanitizers.Sanitizers2.clean(Sanitizers2.java:42)
	at securibench.micro.sanitizers.Sanitizers2.doGet(Sanitizers2.java:31)
	at Main.main(Main.java:23)

$$$$$$$$$$$$$$$$$$$$$$$$$$$$$$$$
Calling Z3str3

Returned solutions: 
(define-fun string0 () String  "&&<<&A")
*************************************
Satisfiable: true
string0 => "&&<<&A"
*************************************

$$$$$$$$$$$$$$$$$$$$$$$$$$$$$$$$
Calling Z3str3

Returned solutions: 
(define-fun string0 () String  "&&<<&A")
*************************************
Satisfiable: true
string0 => "&&<<&A"
*************************************

$$$$$$$$$$$$$$$$$$$$$$$$$$$$$$$$
Calling Z3str3

Returned solutions: 
(define-fun string0 () String  "&&<<&_")
*************************************
Satisfiable: true
string0 => "&&<<&_"
*************************************


====================================================== search constraint
depth limit reached: 13

====================================================== snapshot 
thread java.lang.Thread:{id:0,name:main,status:RUNNING,priority:5,isDaemon:false,lockCount:0,suspendCount:0}
  call stack:
	at securibench.micro.sanitizers.Sanitizers2.clean(Sanitizers2.java:55)
	at securibench.micro.sanitizers.Sanitizers2.doGet(Sanitizers2.java:31)
	at Main.main(Main.java:23)

$$$$$$$$$$$$$$$$$$$$$$$$$$$$$$$$
Calling Z3str3

*************************************
Satisfiable: false
*************************************


====================================================== search constraint
depth limit reached: 13

====================================================== snapshot 
thread java.lang.Thread:{id:0,name:main,status:RUNNING,priority:5,isDaemon:false,lockCount:0,suspendCount:0}
  call stack:
	at mockx.servlet.http.HttpServletResponse.checkNoSymbolic(HttpServletResponse.java:40)
	at mockx.servlet.http.HttpServletResponse.access$000(HttpServletResponse.java:12)
	at mockx.servlet.http.HttpServletResponse$1.println(HttpServletResponse.java:22)
	at securibench.micro.sanitizers.Sanitizers2.doGet(Sanitizers2.java:36)
	at Main.main(Main.java:23)

$$$$$$$$$$$$$$$$$$$$$$$$$$$$$$$$
Calling Z3str3

Returned solutions: 
(define-fun string0 () String  "&&<<&")
*************************************
Satisfiable: true
string0 => "&&<<&"
*************************************


====================================================== search constraint
depth limit reached: 13

====================================================== snapshot 
thread java.lang.Thread:{id:0,name:main,status:RUNNING,priority:5,isDaemon:false,lockCount:0,suspendCount:0}
  call stack:
	at mockx.servlet.http.HttpServletResponse.checkNoSymbolic(HttpServletResponse.java:37)
	at mockx.servlet.http.HttpServletResponse.access$000(HttpServletResponse.java:12)
	at mockx.servlet.http.HttpServletResponse$1.println(HttpServletResponse.java:22)
	at securibench.micro.sanitizers.Sanitizers2.doGet(Sanitizers2.java:36)
	at Main.main(Main.java:23)

$$$$$$$$$$$$$$$$$$$$$$$$$$$$$$$$
Calling Z3str3

Returned solutions: 
(define-fun string0 () String  "&&<<<")
*************************************
Satisfiable: true
string0 => "&&<<<"
*************************************

$$$$$$$$$$$$$$$$$$$$$$$$$$$$$$$$
Calling Z3str3

Returned solutions: 
(define-fun string0 () String  "&&<<<")
*************************************
Satisfiable: true
string0 => "&&<<<"
*************************************

$$$$$$$$$$$$$$$$$$$$$$$$$$$$$$$$
Calling Z3str3

Returned solutions: 
(define-fun string0 () String  "&&<<<A")
*************************************
Satisfiable: true
string0 => "&&<<<A"
*************************************

$$$$$$$$$$$$$$$$$$$$$$$$$$$$$$$$
Calling Z3str3

Returned solutions: 
(define-fun string0 () String  "&&<<<&")
*************************************
Satisfiable: true
string0 => "&&<<<&"
*************************************

$$$$$$$$$$$$$$$$$$$$$$$$$$$$$$$$
Calling Z3str3

Returned solutions: 
(define-fun string0 () String  "&&<<<&")
*************************************
Satisfiable: true
string0 => "&&<<<&"
*************************************

$$$$$$$$$$$$$$$$$$$$$$$$$$$$$$$$
Calling Z3str3

Returned solutions: 
(define-fun string0 () String  "&&<<<&A")
*************************************
Satisfiable: true
string0 => "&&<<<&A"
*************************************


====================================================== search constraint
depth limit reached: 13

====================================================== snapshot 
thread java.lang.Thread:{id:0,name:main,status:RUNNING,priority:5,isDaemon:false,lockCount:0,suspendCount:0}
  call stack:
	at securibench.micro.sanitizers.Sanitizers2.clean(Sanitizers2.java:42)
	at securibench.micro.sanitizers.Sanitizers2.doGet(Sanitizers2.java:31)
	at Main.main(Main.java:23)

$$$$$$$$$$$$$$$$$$$$$$$$$$$$$$$$
Calling Z3str3

Returned solutions: 
(define-fun string0 () String  "&&<<<<")
*************************************
Satisfiable: true
string0 => "&&<<<<"
*************************************

$$$$$$$$$$$$$$$$$$$$$$$$$$$$$$$$
Calling Z3str3

Returned solutions: 
(define-fun string0 () String  "&&<<<<")
*************************************
Satisfiable: true
string0 => "&&<<<<"
*************************************

$$$$$$$$$$$$$$$$$$$$$$$$$$$$$$$$
Calling Z3str3

Returned solutions: 
(define-fun string0 () String  "&&<<<<A")
*************************************
Satisfiable: true
string0 => "&&<<<<A"
*************************************


====================================================== search constraint
depth limit reached: 13

====================================================== snapshot 
thread java.lang.Thread:{id:0,name:main,status:RUNNING,priority:5,isDaemon:false,lockCount:0,suspendCount:0}
  call stack:
	at securibench.micro.sanitizers.Sanitizers2.clean(Sanitizers2.java:42)
	at securibench.micro.sanitizers.Sanitizers2.doGet(Sanitizers2.java:31)
	at Main.main(Main.java:23)

$$$$$$$$$$$$$$$$$$$$$$$$$$$$$$$$
Calling Z3str3

Returned solutions: 
(define-fun string0 () String  "&&<<<>")
*************************************
Satisfiable: true
string0 => "&&<<<>"
*************************************

$$$$$$$$$$$$$$$$$$$$$$$$$$$$$$$$
Calling Z3str3

Returned solutions: 
(define-fun string0 () String  "&&<<<>")
*************************************
Satisfiable: true
string0 => "&&<<<>"
*************************************

$$$$$$$$$$$$$$$$$$$$$$$$$$$$$$$$
Calling Z3str3

Returned solutions: 
(define-fun string0 () String  "&&<<<>A")
*************************************
Satisfiable: true
string0 => "&&<<<>A"
*************************************


====================================================== search constraint
depth limit reached: 13

====================================================== snapshot 
thread java.lang.Thread:{id:0,name:main,status:RUNNING,priority:5,isDaemon:false,lockCount:0,suspendCount:0}
  call stack:
	at securibench.micro.sanitizers.Sanitizers2.clean(Sanitizers2.java:42)
	at securibench.micro.sanitizers.Sanitizers2.doGet(Sanitizers2.java:31)
	at Main.main(Main.java:23)

$$$$$$$$$$$$$$$$$$$$$$$$$$$$$$$$
Calling Z3str3

Returned solutions: 
(define-fun string0 () String  "&&<<<A")
*************************************
Satisfiable: true
string0 => "&&<<<A"
*************************************

$$$$$$$$$$$$$$$$$$$$$$$$$$$$$$$$
Calling Z3str3

Returned solutions: 
(define-fun string0 () String  "&&<<<A")
*************************************
Satisfiable: true
string0 => "&&<<<A"
*************************************

$$$$$$$$$$$$$$$$$$$$$$$$$$$$$$$$
Calling Z3str3

Returned solutions: 
(define-fun string0 () String  "&&<<<_")
*************************************
Satisfiable: true
string0 => "&&<<<_"
*************************************


====================================================== search constraint
depth limit reached: 13

====================================================== snapshot 
thread java.lang.Thread:{id:0,name:main,status:RUNNING,priority:5,isDaemon:false,lockCount:0,suspendCount:0}
  call stack:
	at securibench.micro.sanitizers.Sanitizers2.clean(Sanitizers2.java:55)
	at securibench.micro.sanitizers.Sanitizers2.doGet(Sanitizers2.java:31)
	at Main.main(Main.java:23)

$$$$$$$$$$$$$$$$$$$$$$$$$$$$$$$$
Calling Z3str3

*************************************
Satisfiable: false
*************************************


====================================================== search constraint
depth limit reached: 13

====================================================== snapshot 
thread java.lang.Thread:{id:0,name:main,status:RUNNING,priority:5,isDaemon:false,lockCount:0,suspendCount:0}
  call stack:
	at mockx.servlet.http.HttpServletResponse.checkNoSymbolic(HttpServletResponse.java:40)
	at mockx.servlet.http.HttpServletResponse.access$000(HttpServletResponse.java:12)
	at mockx.servlet.http.HttpServletResponse$1.println(HttpServletResponse.java:22)
	at securibench.micro.sanitizers.Sanitizers2.doGet(Sanitizers2.java:36)
	at Main.main(Main.java:23)

$$$$$$$$$$$$$$$$$$$$$$$$$$$$$$$$
Calling Z3str3

Returned solutions: 
(define-fun string0 () String  "&&<<<")
*************************************
Satisfiable: true
string0 => "&&<<<"
*************************************


====================================================== search constraint
depth limit reached: 13

====================================================== snapshot 
thread java.lang.Thread:{id:0,name:main,status:RUNNING,priority:5,isDaemon:false,lockCount:0,suspendCount:0}
  call stack:
	at mockx.servlet.http.HttpServletResponse.checkNoSymbolic(HttpServletResponse.java:37)
	at mockx.servlet.http.HttpServletResponse.access$000(HttpServletResponse.java:12)
	at mockx.servlet.http.HttpServletResponse$1.println(HttpServletResponse.java:22)
	at securibench.micro.sanitizers.Sanitizers2.doGet(Sanitizers2.java:36)
	at Main.main(Main.java:23)

$$$$$$$$$$$$$$$$$$$$$$$$$$$$$$$$
Calling Z3str3

Returned solutions: 
(define-fun string0 () String  "&&<<>")
*************************************
Satisfiable: true
string0 => "&&<<>"
*************************************

$$$$$$$$$$$$$$$$$$$$$$$$$$$$$$$$
Calling Z3str3

Returned solutions: 
(define-fun string0 () String  "&&<<>")
*************************************
Satisfiable: true
string0 => "&&<<>"
*************************************

$$$$$$$$$$$$$$$$$$$$$$$$$$$$$$$$
Calling Z3str3

Returned solutions: 
(define-fun string0 () String  "&&<<>A")
*************************************
Satisfiable: true
string0 => "&&<<>A"
*************************************

$$$$$$$$$$$$$$$$$$$$$$$$$$$$$$$$
Calling Z3str3

Returned solutions: 
(define-fun string0 () String  "&&<<>&")
*************************************
Satisfiable: true
string0 => "&&<<>&"
*************************************

$$$$$$$$$$$$$$$$$$$$$$$$$$$$$$$$
Calling Z3str3

Returned solutions: 
(define-fun string0 () String  "&&<<>&")
*************************************
Satisfiable: true
string0 => "&&<<>&"
*************************************

$$$$$$$$$$$$$$$$$$$$$$$$$$$$$$$$
Calling Z3str3

Returned solutions: 
(define-fun string0 () String  "&&<<>&A")
*************************************
Satisfiable: true
string0 => "&&<<>&A"
*************************************


====================================================== search constraint
depth limit reached: 13

====================================================== snapshot 
thread java.lang.Thread:{id:0,name:main,status:RUNNING,priority:5,isDaemon:false,lockCount:0,suspendCount:0}
  call stack:
	at securibench.micro.sanitizers.Sanitizers2.clean(Sanitizers2.java:42)
	at securibench.micro.sanitizers.Sanitizers2.doGet(Sanitizers2.java:31)
	at Main.main(Main.java:23)

$$$$$$$$$$$$$$$$$$$$$$$$$$$$$$$$
Calling Z3str3

Returned solutions: 
(define-fun string0 () String  "&&<<><")
*************************************
Satisfiable: true
string0 => "&&<<><"
*************************************

$$$$$$$$$$$$$$$$$$$$$$$$$$$$$$$$
Calling Z3str3

Returned solutions: 
(define-fun string0 () String  "&&<<><")
*************************************
Satisfiable: true
string0 => "&&<<><"
*************************************

$$$$$$$$$$$$$$$$$$$$$$$$$$$$$$$$
Calling Z3str3

Returned solutions: 
(define-fun string0 () String  "&&<<><A")
*************************************
Satisfiable: true
string0 => "&&<<><A"
*************************************


====================================================== search constraint
depth limit reached: 13

====================================================== snapshot 
thread java.lang.Thread:{id:0,name:main,status:RUNNING,priority:5,isDaemon:false,lockCount:0,suspendCount:0}
  call stack:
	at securibench.micro.sanitizers.Sanitizers2.clean(Sanitizers2.java:42)
	at securibench.micro.sanitizers.Sanitizers2.doGet(Sanitizers2.java:31)
	at Main.main(Main.java:23)

$$$$$$$$$$$$$$$$$$$$$$$$$$$$$$$$
Calling Z3str3

Returned solutions: 
(define-fun string0 () String  "&&<<>>")
*************************************
Satisfiable: true
string0 => "&&<<>>"
*************************************

$$$$$$$$$$$$$$$$$$$$$$$$$$$$$$$$
Calling Z3str3

Returned solutions: 
(define-fun string0 () String  "&&<<>>")
*************************************
Satisfiable: true
string0 => "&&<<>>"
*************************************

$$$$$$$$$$$$$$$$$$$$$$$$$$$$$$$$
Calling Z3str3

Returned solutions: 
(define-fun string0 () String  "&&<<>>A")
*************************************
Satisfiable: true
string0 => "&&<<>>A"
*************************************


====================================================== search constraint
depth limit reached: 13

====================================================== snapshot 
thread java.lang.Thread:{id:0,name:main,status:RUNNING,priority:5,isDaemon:false,lockCount:0,suspendCount:0}
  call stack:
	at securibench.micro.sanitizers.Sanitizers2.clean(Sanitizers2.java:42)
	at securibench.micro.sanitizers.Sanitizers2.doGet(Sanitizers2.java:31)
	at Main.main(Main.java:23)

$$$$$$$$$$$$$$$$$$$$$$$$$$$$$$$$
Calling Z3str3

Returned solutions: 
(define-fun string0 () String  "&&<<>A")
*************************************
Satisfiable: true
string0 => "&&<<>A"
*************************************

$$$$$$$$$$$$$$$$$$$$$$$$$$$$$$$$
Calling Z3str3

Returned solutions: 
(define-fun string0 () String  "&&<<>A")
*************************************
Satisfiable: true
string0 => "&&<<>A"
*************************************

$$$$$$$$$$$$$$$$$$$$$$$$$$$$$$$$
Calling Z3str3

Returned solutions: 
(define-fun string0 () String  "&&<<>_")
*************************************
Satisfiable: true
string0 => "&&<<>_"
*************************************


====================================================== search constraint
depth limit reached: 13

====================================================== snapshot 
thread java.lang.Thread:{id:0,name:main,status:RUNNING,priority:5,isDaemon:false,lockCount:0,suspendCount:0}
  call stack:
	at securibench.micro.sanitizers.Sanitizers2.clean(Sanitizers2.java:55)
	at securibench.micro.sanitizers.Sanitizers2.doGet(Sanitizers2.java:31)
	at Main.main(Main.java:23)

$$$$$$$$$$$$$$$$$$$$$$$$$$$$$$$$
Calling Z3str3

*************************************
Satisfiable: false
*************************************


====================================================== search constraint
depth limit reached: 13

====================================================== snapshot 
thread java.lang.Thread:{id:0,name:main,status:RUNNING,priority:5,isDaemon:false,lockCount:0,suspendCount:0}
  call stack:
	at mockx.servlet.http.HttpServletResponse.checkNoSymbolic(HttpServletResponse.java:40)
	at mockx.servlet.http.HttpServletResponse.access$000(HttpServletResponse.java:12)
	at mockx.servlet.http.HttpServletResponse$1.println(HttpServletResponse.java:22)
	at securibench.micro.sanitizers.Sanitizers2.doGet(Sanitizers2.java:36)
	at Main.main(Main.java:23)

$$$$$$$$$$$$$$$$$$$$$$$$$$$$$$$$
Calling Z3str3

Returned solutions: 
(define-fun string0 () String  "&&<<>")
*************************************
Satisfiable: true
string0 => "&&<<>"
*************************************


====================================================== search constraint
depth limit reached: 13

====================================================== snapshot 
thread java.lang.Thread:{id:0,name:main,status:RUNNING,priority:5,isDaemon:false,lockCount:0,suspendCount:0}
  call stack:
	at mockx.servlet.http.HttpServletResponse.checkNoSymbolic(HttpServletResponse.java:37)
	at mockx.servlet.http.HttpServletResponse.access$000(HttpServletResponse.java:12)
	at mockx.servlet.http.HttpServletResponse$1.println(HttpServletResponse.java:22)
	at securibench.micro.sanitizers.Sanitizers2.doGet(Sanitizers2.java:36)
	at Main.main(Main.java:23)

$$$$$$$$$$$$$$$$$$$$$$$$$$$$$$$$
Calling Z3str3

Returned solutions: 
(define-fun string0 () String  "&&<<A")
*************************************
Satisfiable: true
string0 => "&&<<A"
*************************************

$$$$$$$$$$$$$$$$$$$$$$$$$$$$$$$$
Calling Z3str3

Returned solutions: 
(define-fun string0 () String  "&&<<A")
*************************************
Satisfiable: true
string0 => "&&<<A"
*************************************

$$$$$$$$$$$$$$$$$$$$$$$$$$$$$$$$
Calling Z3str3

Returned solutions: 
(define-fun string0 () String  "&&<<_")
*************************************
Satisfiable: true
string0 => "&&<<_"
*************************************

$$$$$$$$$$$$$$$$$$$$$$$$$$$$$$$$
Calling Z3str3

Returned solutions: 
(define-fun string0 () String  "&&<<_")
*************************************
Satisfiable: true
string0 => "&&<<_"
*************************************

$$$$$$$$$$$$$$$$$$$$$$$$$$$$$$$$
Calling Z3str3

Returned solutions: 
(define-fun string0 () String  "&&<<_A")
*************************************
Satisfiable: true
string0 => "&&<<_A"
*************************************


====================================================== search constraint
depth limit reached: 13

====================================================== snapshot 
thread java.lang.Thread:{id:0,name:main,status:RUNNING,priority:5,isDaemon:false,lockCount:0,suspendCount:0}
  call stack:
	at securibench.micro.sanitizers.Sanitizers2.clean(Sanitizers2.java:44)
	at securibench.micro.sanitizers.Sanitizers2.doGet(Sanitizers2.java:31)
	at Main.main(Main.java:23)


====================================================== search constraint
depth limit reached: 13

====================================================== snapshot 
thread java.lang.Thread:{id:0,name:main,status:RUNNING,priority:5,isDaemon:false,lockCount:0,suspendCount:0}
  call stack:
	at mockx.servlet.http.HttpServletResponse.checkNoSymbolic(HttpServletResponse.java:37)
	at mockx.servlet.http.HttpServletResponse.access$000(HttpServletResponse.java:12)
	at mockx.servlet.http.HttpServletResponse$1.println(HttpServletResponse.java:22)
	at securibench.micro.sanitizers.Sanitizers2.doGet(Sanitizers2.java:36)
	at Main.main(Main.java:23)

$$$$$$$$$$$$$$$$$$$$$$$$$$$$$$$$
Calling Z3str3

Returned solutions: 
(define-fun string0 () String  "&&<<A")
*************************************
Satisfiable: true
string0 => "&&<<A"
*************************************

$$$$$$$$$$$$$$$$$$$$$$$$$$$$$$$$
Calling Z3str3

Returned solutions: 
(define-fun string0 () String  "&&<<AB")
*************************************
Satisfiable: true
string0 => "&&<<AB"
*************************************


====================================================== search constraint
depth limit reached: 13

====================================================== snapshot 
thread java.lang.Thread:{id:0,name:main,status:RUNNING,priority:5,isDaemon:false,lockCount:0,suspendCount:0}
  call stack:
	at securibench.micro.sanitizers.Sanitizers2.clean(Sanitizers2.java:44)
	at securibench.micro.sanitizers.Sanitizers2.doGet(Sanitizers2.java:31)
	at Main.main(Main.java:23)


====================================================== search constraint
depth limit reached: 13

====================================================== snapshot 
thread java.lang.Thread:{id:0,name:main,status:RUNNING,priority:5,isDaemon:false,lockCount:0,suspendCount:0}
  call stack:
	at mockx.servlet.http.HttpServletResponse.checkNoSymbolic(HttpServletResponse.java:37)
	at mockx.servlet.http.HttpServletResponse.access$000(HttpServletResponse.java:12)
	at mockx.servlet.http.HttpServletResponse$1.println(HttpServletResponse.java:22)
	at securibench.micro.sanitizers.Sanitizers2.doGet(Sanitizers2.java:36)
	at Main.main(Main.java:23)

$$$$$$$$$$$$$$$$$$$$$$$$$$$$$$$$
Calling Z3str3

*************************************
Satisfiable: false
*************************************

$$$$$$$$$$$$$$$$$$$$$$$$$$$$$$$$
Calling Z3str3

Returned solutions: 
(define-fun string0 () String  "&&<<")
*************************************
Satisfiable: true
string0 => "&&<<"
*************************************

$$$$$$$$$$$$$$$$$$$$$$$$$$$$$$$$
Calling Z3str3

*************************************
Satisfiable: false
*************************************

$$$$$$$$$$$$$$$$$$$$$$$$$$$$$$$$
Calling Z3str3

Returned solutions: 
(define-fun string0 () String  "&&<<")
*************************************
Satisfiable: true
string0 => "&&<<"
*************************************

$$$$$$$$$$$$$$$$$$$$$$$$$$$$$$$$
Calling Z3str3

*************************************
Satisfiable: false
*************************************

$$$$$$$$$$$$$$$$$$$$$$$$$$$$$$$$
Calling Z3str3

Returned solutions: 
(define-fun string0 () String  "&&<>")
*************************************
Satisfiable: true
string0 => "&&<>"
*************************************

$$$$$$$$$$$$$$$$$$$$$$$$$$$$$$$$
Calling Z3str3

Returned solutions: 
(define-fun string0 () String  "&&<>")
*************************************
Satisfiable: true
string0 => "&&<>"
*************************************

$$$$$$$$$$$$$$$$$$$$$$$$$$$$$$$$
Calling Z3str3

Returned solutions: 
(define-fun string0 () String  "&&<>AB")
*************************************
Satisfiable: true
string0 => "&&<>AB"
*************************************

$$$$$$$$$$$$$$$$$$$$$$$$$$$$$$$$
Calling Z3str3

Returned solutions: 
(define-fun string0 () String  "&&<>&")
*************************************
Satisfiable: true
string0 => "&&<>&"
*************************************

$$$$$$$$$$$$$$$$$$$$$$$$$$$$$$$$
Calling Z3str3

Returned solutions: 
(define-fun string0 () String  "&&<>&")
*************************************
Satisfiable: true
string0 => "&&<>&"
*************************************

$$$$$$$$$$$$$$$$$$$$$$$$$$$$$$$$
Calling Z3str3

Returned solutions: 
(define-fun string0 () String  "&&<>&A")
*************************************
Satisfiable: true
string0 => "&&<>&A"
*************************************

$$$$$$$$$$$$$$$$$$$$$$$$$$$$$$$$
Calling Z3str3

Returned solutions: 
(define-fun string0 () String  "&&<>&&")
*************************************
Satisfiable: true
string0 => "&&<>&&"
*************************************

$$$$$$$$$$$$$$$$$$$$$$$$$$$$$$$$
Calling Z3str3

Returned solutions: 
(define-fun string0 () String  "&&<>&&")
*************************************
Satisfiable: true
string0 => "&&<>&&"
*************************************

$$$$$$$$$$$$$$$$$$$$$$$$$$$$$$$$
Calling Z3str3

Returned solutions: 
(define-fun string0 () String  "&&<>&&A")
*************************************
Satisfiable: true
string0 => "&&<>&&A"
*************************************


====================================================== search constraint
depth limit reached: 13

====================================================== snapshot 
thread java.lang.Thread:{id:0,name:main,status:RUNNING,priority:5,isDaemon:false,lockCount:0,suspendCount:0}
  call stack:
	at securibench.micro.sanitizers.Sanitizers2.clean(Sanitizers2.java:42)
	at securibench.micro.sanitizers.Sanitizers2.doGet(Sanitizers2.java:31)
	at Main.main(Main.java:23)

$$$$$$$$$$$$$$$$$$$$$$$$$$$$$$$$
Calling Z3str3

Returned solutions: 
(define-fun string0 () String  "&&<>&<")
*************************************
Satisfiable: true
string0 => "&&<>&<"
*************************************

$$$$$$$$$$$$$$$$$$$$$$$$$$$$$$$$
Calling Z3str3

Returned solutions: 
(define-fun string0 () String  "&&<>&<")
*************************************
Satisfiable: true
string0 => "&&<>&<"
*************************************

$$$$$$$$$$$$$$$$$$$$$$$$$$$$$$$$
Calling Z3str3

Returned solutions: 
(define-fun string0 () String  "&&<>&<A")
*************************************
Satisfiable: true
string0 => "&&<>&<A"
*************************************


====================================================== search constraint
depth limit reached: 13

====================================================== snapshot 
thread java.lang.Thread:{id:0,name:main,status:RUNNING,priority:5,isDaemon:false,lockCount:0,suspendCount:0}
  call stack:
	at securibench.micro.sanitizers.Sanitizers2.clean(Sanitizers2.java:42)
	at securibench.micro.sanitizers.Sanitizers2.doGet(Sanitizers2.java:31)
	at Main.main(Main.java:23)

$$$$$$$$$$$$$$$$$$$$$$$$$$$$$$$$
Calling Z3str3

Returned solutions: 
(define-fun string0 () String  "&&<>&>")
*************************************
Satisfiable: true
string0 => "&&<>&>"
*************************************

$$$$$$$$$$$$$$$$$$$$$$$$$$$$$$$$
Calling Z3str3

Returned solutions: 
(define-fun string0 () String  "&&<>&>")
*************************************
Satisfiable: true
string0 => "&&<>&>"
*************************************

$$$$$$$$$$$$$$$$$$$$$$$$$$$$$$$$
Calling Z3str3

Returned solutions: 
(define-fun string0 () String  "&&<>&>A")
*************************************
Satisfiable: true
string0 => "&&<>&>A"
*************************************


====================================================== search constraint
depth limit reached: 13

====================================================== snapshot 
thread java.lang.Thread:{id:0,name:main,status:RUNNING,priority:5,isDaemon:false,lockCount:0,suspendCount:0}
  call stack:
	at securibench.micro.sanitizers.Sanitizers2.clean(Sanitizers2.java:42)
	at securibench.micro.sanitizers.Sanitizers2.doGet(Sanitizers2.java:31)
	at Main.main(Main.java:23)

$$$$$$$$$$$$$$$$$$$$$$$$$$$$$$$$
Calling Z3str3

Returned solutions: 
(define-fun string0 () String  "&&<>&A")
*************************************
Satisfiable: true
string0 => "&&<>&A"
*************************************

$$$$$$$$$$$$$$$$$$$$$$$$$$$$$$$$
Calling Z3str3

Returned solutions: 
(define-fun string0 () String  "&&<>&A")
*************************************
Satisfiable: true
string0 => "&&<>&A"
*************************************

$$$$$$$$$$$$$$$$$$$$$$$$$$$$$$$$
Calling Z3str3

Returned solutions: 
(define-fun string0 () String  "&&<>&_")
*************************************
Satisfiable: true
string0 => "&&<>&_"
*************************************


====================================================== search constraint
depth limit reached: 13

====================================================== snapshot 
thread java.lang.Thread:{id:0,name:main,status:RUNNING,priority:5,isDaemon:false,lockCount:0,suspendCount:0}
  call stack:
	at securibench.micro.sanitizers.Sanitizers2.clean(Sanitizers2.java:55)
	at securibench.micro.sanitizers.Sanitizers2.doGet(Sanitizers2.java:31)
	at Main.main(Main.java:23)

$$$$$$$$$$$$$$$$$$$$$$$$$$$$$$$$
Calling Z3str3

*************************************
Satisfiable: false
*************************************


====================================================== search constraint
depth limit reached: 13

====================================================== snapshot 
thread java.lang.Thread:{id:0,name:main,status:RUNNING,priority:5,isDaemon:false,lockCount:0,suspendCount:0}
  call stack:
	at mockx.servlet.http.HttpServletResponse.checkNoSymbolic(HttpServletResponse.java:40)
	at mockx.servlet.http.HttpServletResponse.access$000(HttpServletResponse.java:12)
	at mockx.servlet.http.HttpServletResponse$1.println(HttpServletResponse.java:22)
	at securibench.micro.sanitizers.Sanitizers2.doGet(Sanitizers2.java:36)
	at Main.main(Main.java:23)

$$$$$$$$$$$$$$$$$$$$$$$$$$$$$$$$
Calling Z3str3

Returned solutions: 
(define-fun string0 () String  "&&<>&")
*************************************
Satisfiable: true
string0 => "&&<>&"
*************************************


====================================================== search constraint
depth limit reached: 13

====================================================== snapshot 
thread java.lang.Thread:{id:0,name:main,status:RUNNING,priority:5,isDaemon:false,lockCount:0,suspendCount:0}
  call stack:
	at mockx.servlet.http.HttpServletResponse.checkNoSymbolic(HttpServletResponse.java:37)
	at mockx.servlet.http.HttpServletResponse.access$000(HttpServletResponse.java:12)
	at mockx.servlet.http.HttpServletResponse$1.println(HttpServletResponse.java:22)
	at securibench.micro.sanitizers.Sanitizers2.doGet(Sanitizers2.java:36)
	at Main.main(Main.java:23)

$$$$$$$$$$$$$$$$$$$$$$$$$$$$$$$$
Calling Z3str3

Returned solutions: 
(define-fun string0 () String  "&&<><")
*************************************
Satisfiable: true
string0 => "&&<><"
*************************************

$$$$$$$$$$$$$$$$$$$$$$$$$$$$$$$$
Calling Z3str3

Returned solutions: 
(define-fun string0 () String  "&&<><")
*************************************
Satisfiable: true
string0 => "&&<><"
*************************************

$$$$$$$$$$$$$$$$$$$$$$$$$$$$$$$$
Calling Z3str3

Returned solutions: 
(define-fun string0 () String  "&&<><A")
*************************************
Satisfiable: true
string0 => "&&<><A"
*************************************

$$$$$$$$$$$$$$$$$$$$$$$$$$$$$$$$
Calling Z3str3

Returned solutions: 
(define-fun string0 () String  "&&<><&")
*************************************
Satisfiable: true
string0 => "&&<><&"
*************************************

$$$$$$$$$$$$$$$$$$$$$$$$$$$$$$$$
Calling Z3str3

Returned solutions: 
(define-fun string0 () String  "&&<><&")
*************************************
Satisfiable: true
string0 => "&&<><&"
*************************************

$$$$$$$$$$$$$$$$$$$$$$$$$$$$$$$$
Calling Z3str3

Returned solutions: 
(define-fun string0 () String  "&&<><&A")
*************************************
Satisfiable: true
string0 => "&&<><&A"
*************************************


====================================================== search constraint
depth limit reached: 13

====================================================== snapshot 
thread java.lang.Thread:{id:0,name:main,status:RUNNING,priority:5,isDaemon:false,lockCount:0,suspendCount:0}
  call stack:
	at securibench.micro.sanitizers.Sanitizers2.clean(Sanitizers2.java:42)
	at securibench.micro.sanitizers.Sanitizers2.doGet(Sanitizers2.java:31)
	at Main.main(Main.java:23)

$$$$$$$$$$$$$$$$$$$$$$$$$$$$$$$$
Calling Z3str3

Returned solutions: 
(define-fun string0 () String  "&&<><<")
*************************************
Satisfiable: true
string0 => "&&<><<"
*************************************

$$$$$$$$$$$$$$$$$$$$$$$$$$$$$$$$
Calling Z3str3

Returned solutions: 
(define-fun string0 () String  "&&<><<")
*************************************
Satisfiable: true
string0 => "&&<><<"
*************************************

$$$$$$$$$$$$$$$$$$$$$$$$$$$$$$$$
Calling Z3str3

Returned solutions: 
(define-fun string0 () String  "&&<><<A")
*************************************
Satisfiable: true
string0 => "&&<><<A"
*************************************


====================================================== search constraint
depth limit reached: 13

====================================================== snapshot 
thread java.lang.Thread:{id:0,name:main,status:RUNNING,priority:5,isDaemon:false,lockCount:0,suspendCount:0}
  call stack:
	at securibench.micro.sanitizers.Sanitizers2.clean(Sanitizers2.java:42)
	at securibench.micro.sanitizers.Sanitizers2.doGet(Sanitizers2.java:31)
	at Main.main(Main.java:23)

$$$$$$$$$$$$$$$$$$$$$$$$$$$$$$$$
Calling Z3str3

Returned solutions: 
(define-fun string0 () String  "&&<><>")
*************************************
Satisfiable: true
string0 => "&&<><>"
*************************************

$$$$$$$$$$$$$$$$$$$$$$$$$$$$$$$$
Calling Z3str3

Returned solutions: 
(define-fun string0 () String  "&&<><>")
*************************************
Satisfiable: true
string0 => "&&<><>"
*************************************

$$$$$$$$$$$$$$$$$$$$$$$$$$$$$$$$
Calling Z3str3

Returned solutions: 
(define-fun string0 () String  "&&<><>A")
*************************************
Satisfiable: true
string0 => "&&<><>A"
*************************************


====================================================== search constraint
depth limit reached: 13

====================================================== snapshot 
thread java.lang.Thread:{id:0,name:main,status:RUNNING,priority:5,isDaemon:false,lockCount:0,suspendCount:0}
  call stack:
	at securibench.micro.sanitizers.Sanitizers2.clean(Sanitizers2.java:42)
	at securibench.micro.sanitizers.Sanitizers2.doGet(Sanitizers2.java:31)
	at Main.main(Main.java:23)

$$$$$$$$$$$$$$$$$$$$$$$$$$$$$$$$
Calling Z3str3

Returned solutions: 
(define-fun string0 () String  "&&<><A")
*************************************
Satisfiable: true
string0 => "&&<><A"
*************************************

$$$$$$$$$$$$$$$$$$$$$$$$$$$$$$$$
Calling Z3str3

Returned solutions: 
(define-fun string0 () String  "&&<><A")
*************************************
Satisfiable: true
string0 => "&&<><A"
*************************************

$$$$$$$$$$$$$$$$$$$$$$$$$$$$$$$$
Calling Z3str3

Returned solutions: 
(define-fun string0 () String  "&&<><_")
*************************************
Satisfiable: true
string0 => "&&<><_"
*************************************


====================================================== search constraint
depth limit reached: 13

====================================================== snapshot 
thread java.lang.Thread:{id:0,name:main,status:RUNNING,priority:5,isDaemon:false,lockCount:0,suspendCount:0}
  call stack:
	at securibench.micro.sanitizers.Sanitizers2.clean(Sanitizers2.java:55)
	at securibench.micro.sanitizers.Sanitizers2.doGet(Sanitizers2.java:31)
	at Main.main(Main.java:23)

$$$$$$$$$$$$$$$$$$$$$$$$$$$$$$$$
Calling Z3str3

*************************************
Satisfiable: false
*************************************


====================================================== search constraint
depth limit reached: 13

====================================================== snapshot 
thread java.lang.Thread:{id:0,name:main,status:RUNNING,priority:5,isDaemon:false,lockCount:0,suspendCount:0}
  call stack:
	at mockx.servlet.http.HttpServletResponse.checkNoSymbolic(HttpServletResponse.java:40)
	at mockx.servlet.http.HttpServletResponse.access$000(HttpServletResponse.java:12)
	at mockx.servlet.http.HttpServletResponse$1.println(HttpServletResponse.java:22)
	at securibench.micro.sanitizers.Sanitizers2.doGet(Sanitizers2.java:36)
	at Main.main(Main.java:23)

$$$$$$$$$$$$$$$$$$$$$$$$$$$$$$$$
Calling Z3str3

Returned solutions: 
(define-fun string0 () String  "&&<><")
*************************************
Satisfiable: true
string0 => "&&<><"
*************************************


====================================================== search constraint
depth limit reached: 13

====================================================== snapshot 
thread java.lang.Thread:{id:0,name:main,status:RUNNING,priority:5,isDaemon:false,lockCount:0,suspendCount:0}
  call stack:
	at mockx.servlet.http.HttpServletResponse.checkNoSymbolic(HttpServletResponse.java:37)
	at mockx.servlet.http.HttpServletResponse.access$000(HttpServletResponse.java:12)
	at mockx.servlet.http.HttpServletResponse$1.println(HttpServletResponse.java:22)
	at securibench.micro.sanitizers.Sanitizers2.doGet(Sanitizers2.java:36)
	at Main.main(Main.java:23)

$$$$$$$$$$$$$$$$$$$$$$$$$$$$$$$$
Calling Z3str3

Returned solutions: 
(define-fun string0 () String  "&&<>>")
*************************************
Satisfiable: true
string0 => "&&<>>"
*************************************

$$$$$$$$$$$$$$$$$$$$$$$$$$$$$$$$
Calling Z3str3

Returned solutions: 
(define-fun string0 () String  "&&<>>")
*************************************
Satisfiable: true
string0 => "&&<>>"
*************************************

$$$$$$$$$$$$$$$$$$$$$$$$$$$$$$$$
Calling Z3str3

Returned solutions: 
(define-fun string0 () String  "&&<>>A")
*************************************
Satisfiable: true
string0 => "&&<>>A"
*************************************

$$$$$$$$$$$$$$$$$$$$$$$$$$$$$$$$
Calling Z3str3

Returned solutions: 
(define-fun string0 () String  "&&<>>&")
*************************************
Satisfiable: true
string0 => "&&<>>&"
*************************************

$$$$$$$$$$$$$$$$$$$$$$$$$$$$$$$$
Calling Z3str3

Returned solutions: 
(define-fun string0 () String  "&&<>>&")
*************************************
Satisfiable: true
string0 => "&&<>>&"
*************************************

$$$$$$$$$$$$$$$$$$$$$$$$$$$$$$$$
Calling Z3str3

Returned solutions: 
(define-fun string0 () String  "&&<>>&A")
*************************************
Satisfiable: true
string0 => "&&<>>&A"
*************************************


====================================================== search constraint
depth limit reached: 13

====================================================== snapshot 
thread java.lang.Thread:{id:0,name:main,status:RUNNING,priority:5,isDaemon:false,lockCount:0,suspendCount:0}
  call stack:
	at securibench.micro.sanitizers.Sanitizers2.clean(Sanitizers2.java:42)
	at securibench.micro.sanitizers.Sanitizers2.doGet(Sanitizers2.java:31)
	at Main.main(Main.java:23)

$$$$$$$$$$$$$$$$$$$$$$$$$$$$$$$$
Calling Z3str3

Returned solutions: 
(define-fun string0 () String  "&&<>><")
*************************************
Satisfiable: true
string0 => "&&<>><"
*************************************

$$$$$$$$$$$$$$$$$$$$$$$$$$$$$$$$
Calling Z3str3

Returned solutions: 
(define-fun string0 () String  "&&<>><")
*************************************
Satisfiable: true
string0 => "&&<>><"
*************************************

$$$$$$$$$$$$$$$$$$$$$$$$$$$$$$$$
Calling Z3str3

Returned solutions: 
(define-fun string0 () String  "&&<>><A")
*************************************
Satisfiable: true
string0 => "&&<>><A"
*************************************


====================================================== search constraint
depth limit reached: 13

====================================================== snapshot 
thread java.lang.Thread:{id:0,name:main,status:RUNNING,priority:5,isDaemon:false,lockCount:0,suspendCount:0}
  call stack:
	at securibench.micro.sanitizers.Sanitizers2.clean(Sanitizers2.java:42)
	at securibench.micro.sanitizers.Sanitizers2.doGet(Sanitizers2.java:31)
	at Main.main(Main.java:23)

$$$$$$$$$$$$$$$$$$$$$$$$$$$$$$$$
Calling Z3str3

Returned solutions: 
(define-fun string0 () String  "&&<>>>")
*************************************
Satisfiable: true
string0 => "&&<>>>"
*************************************

$$$$$$$$$$$$$$$$$$$$$$$$$$$$$$$$
Calling Z3str3

Returned solutions: 
(define-fun string0 () String  "&&<>>>")
*************************************
Satisfiable: true
string0 => "&&<>>>"
*************************************

$$$$$$$$$$$$$$$$$$$$$$$$$$$$$$$$
Calling Z3str3

Returned solutions: 
(define-fun string0 () String  "&&<>>>A")
*************************************
Satisfiable: true
string0 => "&&<>>>A"
*************************************


====================================================== search constraint
depth limit reached: 13

====================================================== snapshot 
thread java.lang.Thread:{id:0,name:main,status:RUNNING,priority:5,isDaemon:false,lockCount:0,suspendCount:0}
  call stack:
	at securibench.micro.sanitizers.Sanitizers2.clean(Sanitizers2.java:42)
	at securibench.micro.sanitizers.Sanitizers2.doGet(Sanitizers2.java:31)
	at Main.main(Main.java:23)

$$$$$$$$$$$$$$$$$$$$$$$$$$$$$$$$
Calling Z3str3

Returned solutions: 
(define-fun string0 () String  "&&<>>A")
*************************************
Satisfiable: true
string0 => "&&<>>A"
*************************************

$$$$$$$$$$$$$$$$$$$$$$$$$$$$$$$$
Calling Z3str3

Returned solutions: 
(define-fun string0 () String  "&&<>>A")
*************************************
Satisfiable: true
string0 => "&&<>>A"
*************************************

$$$$$$$$$$$$$$$$$$$$$$$$$$$$$$$$
Calling Z3str3

Returned solutions: 
(define-fun string0 () String  "&&<>>_")
*************************************
Satisfiable: true
string0 => "&&<>>_"
*************************************


====================================================== search constraint
depth limit reached: 13

====================================================== snapshot 
thread java.lang.Thread:{id:0,name:main,status:RUNNING,priority:5,isDaemon:false,lockCount:0,suspendCount:0}
  call stack:
	at securibench.micro.sanitizers.Sanitizers2.clean(Sanitizers2.java:55)
	at securibench.micro.sanitizers.Sanitizers2.doGet(Sanitizers2.java:31)
	at Main.main(Main.java:23)

$$$$$$$$$$$$$$$$$$$$$$$$$$$$$$$$
Calling Z3str3

*************************************
Satisfiable: false
*************************************


====================================================== search constraint
depth limit reached: 13

====================================================== snapshot 
thread java.lang.Thread:{id:0,name:main,status:RUNNING,priority:5,isDaemon:false,lockCount:0,suspendCount:0}
  call stack:
	at mockx.servlet.http.HttpServletResponse.checkNoSymbolic(HttpServletResponse.java:40)
	at mockx.servlet.http.HttpServletResponse.access$000(HttpServletResponse.java:12)
	at mockx.servlet.http.HttpServletResponse$1.println(HttpServletResponse.java:22)
	at securibench.micro.sanitizers.Sanitizers2.doGet(Sanitizers2.java:36)
	at Main.main(Main.java:23)

$$$$$$$$$$$$$$$$$$$$$$$$$$$$$$$$
Calling Z3str3

Returned solutions: 
(define-fun string0 () String  "&&<>>")
*************************************
Satisfiable: true
string0 => "&&<>>"
*************************************


====================================================== search constraint
depth limit reached: 13

====================================================== snapshot 
thread java.lang.Thread:{id:0,name:main,status:RUNNING,priority:5,isDaemon:false,lockCount:0,suspendCount:0}
  call stack:
	at mockx.servlet.http.HttpServletResponse.checkNoSymbolic(HttpServletResponse.java:37)
	at mockx.servlet.http.HttpServletResponse.access$000(HttpServletResponse.java:12)
	at mockx.servlet.http.HttpServletResponse$1.println(HttpServletResponse.java:22)
	at securibench.micro.sanitizers.Sanitizers2.doGet(Sanitizers2.java:36)
	at Main.main(Main.java:23)

$$$$$$$$$$$$$$$$$$$$$$$$$$$$$$$$
Calling Z3str3

Returned solutions: 
(define-fun string0 () String  "&&<>A")
*************************************
Satisfiable: true
string0 => "&&<>A"
*************************************

$$$$$$$$$$$$$$$$$$$$$$$$$$$$$$$$
Calling Z3str3

Returned solutions: 
(define-fun string0 () String  "&&<>A")
*************************************
Satisfiable: true
string0 => "&&<>A"
*************************************

$$$$$$$$$$$$$$$$$$$$$$$$$$$$$$$$
Calling Z3str3

Returned solutions: 
(define-fun string0 () String  "&&<>_")
*************************************
Satisfiable: true
string0 => "&&<>_"
*************************************

$$$$$$$$$$$$$$$$$$$$$$$$$$$$$$$$
Calling Z3str3

Returned solutions: 
(define-fun string0 () String  "&&<>_")
*************************************
Satisfiable: true
string0 => "&&<>_"
*************************************

$$$$$$$$$$$$$$$$$$$$$$$$$$$$$$$$
Calling Z3str3

Returned solutions: 
(define-fun string0 () String  "&&<>_A")
*************************************
Satisfiable: true
string0 => "&&<>_A"
*************************************


====================================================== search constraint
depth limit reached: 13

====================================================== snapshot 
thread java.lang.Thread:{id:0,name:main,status:RUNNING,priority:5,isDaemon:false,lockCount:0,suspendCount:0}
  call stack:
	at securibench.micro.sanitizers.Sanitizers2.clean(Sanitizers2.java:44)
	at securibench.micro.sanitizers.Sanitizers2.doGet(Sanitizers2.java:31)
	at Main.main(Main.java:23)


====================================================== search constraint
depth limit reached: 13

====================================================== snapshot 
thread java.lang.Thread:{id:0,name:main,status:RUNNING,priority:5,isDaemon:false,lockCount:0,suspendCount:0}
  call stack:
	at mockx.servlet.http.HttpServletResponse.checkNoSymbolic(HttpServletResponse.java:37)
	at mockx.servlet.http.HttpServletResponse.access$000(HttpServletResponse.java:12)
	at mockx.servlet.http.HttpServletResponse$1.println(HttpServletResponse.java:22)
	at securibench.micro.sanitizers.Sanitizers2.doGet(Sanitizers2.java:36)
	at Main.main(Main.java:23)

$$$$$$$$$$$$$$$$$$$$$$$$$$$$$$$$
Calling Z3str3

Returned solutions: 
(define-fun string0 () String  "&&<>A")
*************************************
Satisfiable: true
string0 => "&&<>A"
*************************************

$$$$$$$$$$$$$$$$$$$$$$$$$$$$$$$$
Calling Z3str3

Returned solutions: 
(define-fun string0 () String  "&&<>AB")
*************************************
Satisfiable: true
string0 => "&&<>AB"
*************************************


====================================================== search constraint
depth limit reached: 13

====================================================== snapshot 
thread java.lang.Thread:{id:0,name:main,status:RUNNING,priority:5,isDaemon:false,lockCount:0,suspendCount:0}
  call stack:
	at securibench.micro.sanitizers.Sanitizers2.clean(Sanitizers2.java:44)
	at securibench.micro.sanitizers.Sanitizers2.doGet(Sanitizers2.java:31)
	at Main.main(Main.java:23)


====================================================== search constraint
depth limit reached: 13

====================================================== snapshot 
thread java.lang.Thread:{id:0,name:main,status:RUNNING,priority:5,isDaemon:false,lockCount:0,suspendCount:0}
  call stack:
	at mockx.servlet.http.HttpServletResponse.checkNoSymbolic(HttpServletResponse.java:37)
	at mockx.servlet.http.HttpServletResponse.access$000(HttpServletResponse.java:12)
	at mockx.servlet.http.HttpServletResponse$1.println(HttpServletResponse.java:22)
	at securibench.micro.sanitizers.Sanitizers2.doGet(Sanitizers2.java:36)
	at Main.main(Main.java:23)

$$$$$$$$$$$$$$$$$$$$$$$$$$$$$$$$
Calling Z3str3

*************************************
Satisfiable: false
*************************************

$$$$$$$$$$$$$$$$$$$$$$$$$$$$$$$$
Calling Z3str3

Returned solutions: 
(define-fun string0 () String  "&&<>")
*************************************
Satisfiable: true
string0 => "&&<>"
*************************************

$$$$$$$$$$$$$$$$$$$$$$$$$$$$$$$$
Calling Z3str3

*************************************
Satisfiable: false
*************************************

$$$$$$$$$$$$$$$$$$$$$$$$$$$$$$$$
Calling Z3str3

Returned solutions: 
(define-fun string0 () String  "&&<>")
*************************************
Satisfiable: true
string0 => "&&<>"
*************************************

$$$$$$$$$$$$$$$$$$$$$$$$$$$$$$$$
Calling Z3str3

*************************************
Satisfiable: false
*************************************

$$$$$$$$$$$$$$$$$$$$$$$$$$$$$$$$
Calling Z3str3

Returned solutions: 
(define-fun string0 () String  "&&<A")
*************************************
Satisfiable: true
string0 => "&&<A"
*************************************

$$$$$$$$$$$$$$$$$$$$$$$$$$$$$$$$
Calling Z3str3

Returned solutions: 
(define-fun string0 () String  "&&<A")
*************************************
Satisfiable: true
string0 => "&&<A"
*************************************

$$$$$$$$$$$$$$$$$$$$$$$$$$$$$$$$
Calling Z3str3

Returned solutions: 
(define-fun string0 () String  "&&<_")
*************************************
Satisfiable: true
string0 => "&&<_"
*************************************

$$$$$$$$$$$$$$$$$$$$$$$$$$$$$$$$
Calling Z3str3

Returned solutions: 
(define-fun string0 () String  "&&<_")
*************************************
Satisfiable: true
string0 => "&&<_"
*************************************

$$$$$$$$$$$$$$$$$$$$$$$$$$$$$$$$
Calling Z3str3

Returned solutions: 
(define-fun string0 () String  "&&<_AB")
*************************************
Satisfiable: true
string0 => "&&<_AB"
*************************************

$$$$$$$$$$$$$$$$$$$$$$$$$$$$$$$$
Calling Z3str3

Returned solutions: 
(define-fun string0 () String  "&&<_&")
*************************************
Satisfiable: true
string0 => "&&<_&"
*************************************

$$$$$$$$$$$$$$$$$$$$$$$$$$$$$$$$
Calling Z3str3

Returned solutions: 
(define-fun string0 () String  "&&<_&")
*************************************
Satisfiable: true
string0 => "&&<_&"
*************************************

$$$$$$$$$$$$$$$$$$$$$$$$$$$$$$$$
Calling Z3str3

Returned solutions: 
(define-fun string0 () String  "&&<_&A")
*************************************
Satisfiable: true
string0 => "&&<_&A"
*************************************


====================================================== search constraint
depth limit reached: 13

====================================================== snapshot 
thread java.lang.Thread:{id:0,name:main,status:RUNNING,priority:5,isDaemon:false,lockCount:0,suspendCount:0}
  call stack:
	at securibench.micro.sanitizers.Sanitizers2.clean(Sanitizers2.java:44)
	at securibench.micro.sanitizers.Sanitizers2.doGet(Sanitizers2.java:31)
	at Main.main(Main.java:23)


====================================================== search constraint
depth limit reached: 13

====================================================== snapshot 
thread java.lang.Thread:{id:0,name:main,status:RUNNING,priority:5,isDaemon:false,lockCount:0,suspendCount:0}
  call stack:
	at mockx.servlet.http.HttpServletResponse.checkNoSymbolic(HttpServletResponse.java:37)
	at mockx.servlet.http.HttpServletResponse.access$000(HttpServletResponse.java:12)
	at mockx.servlet.http.HttpServletResponse$1.println(HttpServletResponse.java:22)
	at securibench.micro.sanitizers.Sanitizers2.doGet(Sanitizers2.java:36)
	at Main.main(Main.java:23)

$$$$$$$$$$$$$$$$$$$$$$$$$$$$$$$$
Calling Z3str3

Returned solutions: 
(define-fun string0 () String  "&&<_<")
*************************************
Satisfiable: true
string0 => "&&<_<"
*************************************

$$$$$$$$$$$$$$$$$$$$$$$$$$$$$$$$
Calling Z3str3

Returned solutions: 
(define-fun string0 () String  "&&<_<")
*************************************
Satisfiable: true
string0 => "&&<_<"
*************************************

$$$$$$$$$$$$$$$$$$$$$$$$$$$$$$$$
Calling Z3str3

Returned solutions: 
(define-fun string0 () String  "&&<_<A")
*************************************
Satisfiable: true
string0 => "&&<_<A"
*************************************


====================================================== search constraint
depth limit reached: 13

====================================================== snapshot 
thread java.lang.Thread:{id:0,name:main,status:RUNNING,priority:5,isDaemon:false,lockCount:0,suspendCount:0}
  call stack:
	at securibench.micro.sanitizers.Sanitizers2.clean(Sanitizers2.java:44)
	at securibench.micro.sanitizers.Sanitizers2.doGet(Sanitizers2.java:31)
	at Main.main(Main.java:23)


====================================================== search constraint
depth limit reached: 13

====================================================== snapshot 
thread java.lang.Thread:{id:0,name:main,status:RUNNING,priority:5,isDaemon:false,lockCount:0,suspendCount:0}
  call stack:
	at mockx.servlet.http.HttpServletResponse.checkNoSymbolic(HttpServletResponse.java:37)
	at mockx.servlet.http.HttpServletResponse.access$000(HttpServletResponse.java:12)
	at mockx.servlet.http.HttpServletResponse$1.println(HttpServletResponse.java:22)
	at securibench.micro.sanitizers.Sanitizers2.doGet(Sanitizers2.java:36)
	at Main.main(Main.java:23)

$$$$$$$$$$$$$$$$$$$$$$$$$$$$$$$$
Calling Z3str3

Returned solutions: 
(define-fun string0 () String  "&&<_>")
*************************************
Satisfiable: true
string0 => "&&<_>"
*************************************

$$$$$$$$$$$$$$$$$$$$$$$$$$$$$$$$
Calling Z3str3

Returned solutions: 
(define-fun string0 () String  "&&<_>")
*************************************
Satisfiable: true
string0 => "&&<_>"
*************************************

$$$$$$$$$$$$$$$$$$$$$$$$$$$$$$$$
Calling Z3str3

Returned solutions: 
(define-fun string0 () String  "&&<_>A")
*************************************
Satisfiable: true
string0 => "&&<_>A"
*************************************


====================================================== search constraint
depth limit reached: 13

====================================================== snapshot 
thread java.lang.Thread:{id:0,name:main,status:RUNNING,priority:5,isDaemon:false,lockCount:0,suspendCount:0}
  call stack:
	at securibench.micro.sanitizers.Sanitizers2.clean(Sanitizers2.java:44)
	at securibench.micro.sanitizers.Sanitizers2.doGet(Sanitizers2.java:31)
	at Main.main(Main.java:23)


====================================================== search constraint
depth limit reached: 13

====================================================== snapshot 
thread java.lang.Thread:{id:0,name:main,status:RUNNING,priority:5,isDaemon:false,lockCount:0,suspendCount:0}
  call stack:
	at mockx.servlet.http.HttpServletResponse.checkNoSymbolic(HttpServletResponse.java:37)
	at mockx.servlet.http.HttpServletResponse.access$000(HttpServletResponse.java:12)
	at mockx.servlet.http.HttpServletResponse$1.println(HttpServletResponse.java:22)
	at securibench.micro.sanitizers.Sanitizers2.doGet(Sanitizers2.java:36)
	at Main.main(Main.java:23)

$$$$$$$$$$$$$$$$$$$$$$$$$$$$$$$$
Calling Z3str3

Returned solutions: 
(define-fun string0 () String  "&&<_A")
*************************************
Satisfiable: true
string0 => "&&<_A"
*************************************

$$$$$$$$$$$$$$$$$$$$$$$$$$$$$$$$
Calling Z3str3

Returned solutions: 
(define-fun string0 () String  "&&<_A")
*************************************
Satisfiable: true
string0 => "&&<_A"
*************************************

$$$$$$$$$$$$$$$$$$$$$$$$$$$$$$$$
Calling Z3str3

Returned solutions: 
(define-fun string0 () String  "&&<__")
*************************************
Satisfiable: true
string0 => "&&<__"
*************************************

$$$$$$$$$$$$$$$$$$$$$$$$$$$$$$$$
Calling Z3str3

Returned solutions: 
(define-fun string0 () String  "&&<__")
*************************************
Satisfiable: true
string0 => "&&<__"
*************************************

$$$$$$$$$$$$$$$$$$$$$$$$$$$$$$$$
Calling Z3str3

Returned solutions: 
(define-fun string0 () String  "&&<__A")
*************************************
Satisfiable: true
string0 => "&&<__A"
*************************************


====================================================== search constraint
depth limit reached: 13

====================================================== snapshot 
thread java.lang.Thread:{id:0,name:main,status:RUNNING,priority:5,isDaemon:false,lockCount:0,suspendCount:0}
  call stack:
	at securibench.micro.sanitizers.Sanitizers2.clean(Sanitizers2.java:42)
	at securibench.micro.sanitizers.Sanitizers2.doGet(Sanitizers2.java:31)
	at Main.main(Main.java:23)

$$$$$$$$$$$$$$$$$$$$$$$$$$$$$$$$
Calling Z3str3

Returned solutions: 
(define-fun string0 () String  "&&<_A")
*************************************
Satisfiable: true
string0 => "&&<_A"
*************************************

$$$$$$$$$$$$$$$$$$$$$$$$$$$$$$$$
Calling Z3str3

Returned solutions: 
(define-fun string0 () String  "&&<_AB")
*************************************
Satisfiable: true
string0 => "&&<_AB"
*************************************


====================================================== search constraint
depth limit reached: 13

====================================================== snapshot 
thread java.lang.Thread:{id:0,name:main,status:RUNNING,priority:5,isDaemon:false,lockCount:0,suspendCount:0}
  call stack:
	at securibench.micro.sanitizers.Sanitizers2.clean(Sanitizers2.java:42)
	at securibench.micro.sanitizers.Sanitizers2.doGet(Sanitizers2.java:31)
	at Main.main(Main.java:23)

$$$$$$$$$$$$$$$$$$$$$$$$$$$$$$$$
Calling Z3str3

*************************************
Satisfiable: false
*************************************

$$$$$$$$$$$$$$$$$$$$$$$$$$$$$$$$
Calling Z3str3

Returned solutions: 
(define-fun string0 () String  "&&<_")
*************************************
Satisfiable: true
string0 => "&&<_"
*************************************

$$$$$$$$$$$$$$$$$$$$$$$$$$$$$$$$
Calling Z3str3

*************************************
Satisfiable: false
*************************************


====================================================== search constraint
depth limit reached: 13

====================================================== snapshot 
thread java.lang.Thread:{id:0,name:main,status:RUNNING,priority:5,isDaemon:false,lockCount:0,suspendCount:0}
  call stack:
	at mockx.servlet.http.HttpServletResponse.checkNoSymbolic(HttpServletResponse.java:37)
	at mockx.servlet.http.HttpServletResponse.access$000(HttpServletResponse.java:12)
	at mockx.servlet.http.HttpServletResponse$1.println(HttpServletResponse.java:22)
	at securibench.micro.sanitizers.Sanitizers2.doGet(Sanitizers2.java:36)
	at Main.main(Main.java:23)

$$$$$$$$$$$$$$$$$$$$$$$$$$$$$$$$
Calling Z3str3

Returned solutions: 
(define-fun string0 () String  "&&<_")
*************************************
Satisfiable: true
string0 => "&&<_"
*************************************


====================================================== search constraint
depth limit reached: 13

====================================================== snapshot 
no live threads
$$$$$$$$$$$$$$$$$$$$$$$$$$$$$$$$
Calling Z3str3

*************************************
Satisfiable: false
*************************************


====================================================== search constraint
depth limit reached: 13

====================================================== snapshot 
thread java.lang.Thread:{id:0,name:main,status:RUNNING,priority:5,isDaemon:false,lockCount:0,suspendCount:0}
  call stack:
	at mockx.servlet.http.HttpServletResponse.checkNoSymbolic(HttpServletResponse.java:37)
	at mockx.servlet.http.HttpServletResponse.access$000(HttpServletResponse.java:12)
	at mockx.servlet.http.HttpServletResponse$1.println(HttpServletResponse.java:22)
	at securibench.micro.sanitizers.Sanitizers2.doGet(Sanitizers2.java:36)
	at Main.main(Main.java:23)

$$$$$$$$$$$$$$$$$$$$$$$$$$$$$$$$
Calling Z3str3

Returned solutions: 
(define-fun string0 () String  "&&<A")
*************************************
Satisfiable: true
string0 => "&&<A"
*************************************

$$$$$$$$$$$$$$$$$$$$$$$$$$$$$$$$
Calling Z3str3

Returned solutions: 
(define-fun string0 () String  "&&<AB")
*************************************
Satisfiable: true
string0 => "&&<AB"
*************************************

$$$$$$$$$$$$$$$$$$$$$$$$$$$$$$$$
Calling Z3str3

Returned solutions: 
(define-fun string0 () String  "&&<A&")
*************************************
Satisfiable: true
string0 => "&&<A&"
*************************************

$$$$$$$$$$$$$$$$$$$$$$$$$$$$$$$$
Calling Z3str3

Returned solutions: 
(define-fun string0 () String  "&&<A&")
*************************************
Satisfiable: true
string0 => "&&<A&"
*************************************

$$$$$$$$$$$$$$$$$$$$$$$$$$$$$$$$
Calling Z3str3

Returned solutions: 
(define-fun string0 () String  "&&<A&B")
*************************************
Satisfiable: true
string0 => "&&<A&B"
*************************************


====================================================== search constraint
depth limit reached: 13

====================================================== snapshot 
thread java.lang.Thread:{id:0,name:main,status:RUNNING,priority:5,isDaemon:false,lockCount:0,suspendCount:0}
  call stack:
	at securibench.micro.sanitizers.Sanitizers2.clean(Sanitizers2.java:44)
	at securibench.micro.sanitizers.Sanitizers2.doGet(Sanitizers2.java:31)
	at Main.main(Main.java:23)


====================================================== search constraint
depth limit reached: 13

====================================================== snapshot 
thread java.lang.Thread:{id:0,name:main,status:RUNNING,priority:5,isDaemon:false,lockCount:0,suspendCount:0}
  call stack:
	at mockx.servlet.http.HttpServletResponse.checkNoSymbolic(HttpServletResponse.java:37)
	at mockx.servlet.http.HttpServletResponse.access$000(HttpServletResponse.java:12)
	at mockx.servlet.http.HttpServletResponse$1.println(HttpServletResponse.java:22)
	at securibench.micro.sanitizers.Sanitizers2.doGet(Sanitizers2.java:36)
	at Main.main(Main.java:23)

$$$$$$$$$$$$$$$$$$$$$$$$$$$$$$$$
Calling Z3str3

Returned solutions: 
(define-fun string0 () String  "&&<A<")
*************************************
Satisfiable: true
string0 => "&&<A<"
*************************************

$$$$$$$$$$$$$$$$$$$$$$$$$$$$$$$$
Calling Z3str3

Returned solutions: 
(define-fun string0 () String  "&&<A<")
*************************************
Satisfiable: true
string0 => "&&<A<"
*************************************

$$$$$$$$$$$$$$$$$$$$$$$$$$$$$$$$
Calling Z3str3

Returned solutions: 
(define-fun string0 () String  "&&<A<B")
*************************************
Satisfiable: true
string0 => "&&<A<B"
*************************************


====================================================== search constraint
depth limit reached: 13

====================================================== snapshot 
thread java.lang.Thread:{id:0,name:main,status:RUNNING,priority:5,isDaemon:false,lockCount:0,suspendCount:0}
  call stack:
	at securibench.micro.sanitizers.Sanitizers2.clean(Sanitizers2.java:44)
	at securibench.micro.sanitizers.Sanitizers2.doGet(Sanitizers2.java:31)
	at Main.main(Main.java:23)


====================================================== search constraint
depth limit reached: 13

====================================================== snapshot 
thread java.lang.Thread:{id:0,name:main,status:RUNNING,priority:5,isDaemon:false,lockCount:0,suspendCount:0}
  call stack:
	at mockx.servlet.http.HttpServletResponse.checkNoSymbolic(HttpServletResponse.java:37)
	at mockx.servlet.http.HttpServletResponse.access$000(HttpServletResponse.java:12)
	at mockx.servlet.http.HttpServletResponse$1.println(HttpServletResponse.java:22)
	at securibench.micro.sanitizers.Sanitizers2.doGet(Sanitizers2.java:36)
	at Main.main(Main.java:23)

$$$$$$$$$$$$$$$$$$$$$$$$$$$$$$$$
Calling Z3str3

Returned solutions: 
(define-fun string0 () String  "&&<A>")
*************************************
Satisfiable: true
string0 => "&&<A>"
*************************************

$$$$$$$$$$$$$$$$$$$$$$$$$$$$$$$$
Calling Z3str3

Returned solutions: 
(define-fun string0 () String  "&&<A>")
*************************************
Satisfiable: true
string0 => "&&<A>"
*************************************

$$$$$$$$$$$$$$$$$$$$$$$$$$$$$$$$
Calling Z3str3

Returned solutions: 
(define-fun string0 () String  "&&<A>B")
*************************************
Satisfiable: true
string0 => "&&<A>B"
*************************************


====================================================== search constraint
depth limit reached: 13

====================================================== snapshot 
thread java.lang.Thread:{id:0,name:main,status:RUNNING,priority:5,isDaemon:false,lockCount:0,suspendCount:0}
  call stack:
	at securibench.micro.sanitizers.Sanitizers2.clean(Sanitizers2.java:44)
	at securibench.micro.sanitizers.Sanitizers2.doGet(Sanitizers2.java:31)
	at Main.main(Main.java:23)


====================================================== search constraint
depth limit reached: 13

====================================================== snapshot 
thread java.lang.Thread:{id:0,name:main,status:RUNNING,priority:5,isDaemon:false,lockCount:0,suspendCount:0}
  call stack:
	at mockx.servlet.http.HttpServletResponse.checkNoSymbolic(HttpServletResponse.java:37)
	at mockx.servlet.http.HttpServletResponse.access$000(HttpServletResponse.java:12)
	at mockx.servlet.http.HttpServletResponse$1.println(HttpServletResponse.java:22)
	at securibench.micro.sanitizers.Sanitizers2.doGet(Sanitizers2.java:36)
	at Main.main(Main.java:23)

$$$$$$$$$$$$$$$$$$$$$$$$$$$$$$$$
Calling Z3str3

Returned solutions: 
(define-fun string0 () String  "&&<AB")
*************************************
Satisfiable: true
string0 => "&&<AB"
*************************************

$$$$$$$$$$$$$$$$$$$$$$$$$$$$$$$$
Calling Z3str3

Returned solutions: 
(define-fun string0 () String  "&&<AB")
*************************************
Satisfiable: true
string0 => "&&<AB"
*************************************

$$$$$$$$$$$$$$$$$$$$$$$$$$$$$$$$
Calling Z3str3

Returned solutions: 
(define-fun string0 () String  "&&<A_")
*************************************
Satisfiable: true
string0 => "&&<A_"
*************************************

$$$$$$$$$$$$$$$$$$$$$$$$$$$$$$$$
Calling Z3str3

Returned solutions: 
(define-fun string0 () String  "&&<A_")
*************************************
Satisfiable: true
string0 => "&&<A_"
*************************************

$$$$$$$$$$$$$$$$$$$$$$$$$$$$$$$$
Calling Z3str3

Returned solutions: 
(define-fun string0 () String  "&&<A_B")
*************************************
Satisfiable: true
string0 => "&&<A_B"
*************************************


====================================================== search constraint
depth limit reached: 13

====================================================== snapshot 
thread java.lang.Thread:{id:0,name:main,status:RUNNING,priority:5,isDaemon:false,lockCount:0,suspendCount:0}
  call stack:
	at securibench.micro.sanitizers.Sanitizers2.clean(Sanitizers2.java:42)
	at securibench.micro.sanitizers.Sanitizers2.doGet(Sanitizers2.java:31)
	at Main.main(Main.java:23)

$$$$$$$$$$$$$$$$$$$$$$$$$$$$$$$$
Calling Z3str3

Returned solutions: 
(define-fun string0 () String  "&&<AB")
*************************************
Satisfiable: true
string0 => "&&<AB"
*************************************

$$$$$$$$$$$$$$$$$$$$$$$$$$$$$$$$
Calling Z3str3

Returned solutions: 
(define-fun string0 () String  "&&<ABC")
*************************************
Satisfiable: true
string0 => "&&<ABC"
*************************************


====================================================== search constraint
depth limit reached: 13

====================================================== snapshot 
thread java.lang.Thread:{id:0,name:main,status:RUNNING,priority:5,isDaemon:false,lockCount:0,suspendCount:0}
  call stack:
	at securibench.micro.sanitizers.Sanitizers2.clean(Sanitizers2.java:42)
	at securibench.micro.sanitizers.Sanitizers2.doGet(Sanitizers2.java:31)
	at Main.main(Main.java:23)

$$$$$$$$$$$$$$$$$$$$$$$$$$$$$$$$
Calling Z3str3

*************************************
Satisfiable: false
*************************************

$$$$$$$$$$$$$$$$$$$$$$$$$$$$$$$$
Calling Z3str3

Returned solutions: 
(define-fun string0 () String  "&&<A")
*************************************
Satisfiable: true
string0 => "&&<A"
*************************************

$$$$$$$$$$$$$$$$$$$$$$$$$$$$$$$$
Calling Z3str3

*************************************
Satisfiable: false
*************************************


====================================================== search constraint
depth limit reached: 13

====================================================== snapshot 
thread java.lang.Thread:{id:0,name:main,status:RUNNING,priority:5,isDaemon:false,lockCount:0,suspendCount:0}
  call stack:
	at mockx.servlet.http.HttpServletResponse.checkNoSymbolic(HttpServletResponse.java:37)
	at mockx.servlet.http.HttpServletResponse.access$000(HttpServletResponse.java:12)
	at mockx.servlet.http.HttpServletResponse$1.println(HttpServletResponse.java:22)
	at securibench.micro.sanitizers.Sanitizers2.doGet(Sanitizers2.java:36)
	at Main.main(Main.java:23)

$$$$$$$$$$$$$$$$$$$$$$$$$$$$$$$$
Calling Z3str3

Returned solutions: 
(define-fun string0 () String  "&&<A")
*************************************
Satisfiable: true
string0 => "&&<A"
*************************************


====================================================== search constraint
depth limit reached: 13

====================================================== snapshot 
no live threads
$$$$$$$$$$$$$$$$$$$$$$$$$$$$$$$$
Calling Z3str3

*************************************
Satisfiable: false
*************************************


====================================================== search constraint
depth limit reached: 13

====================================================== snapshot 
thread java.lang.Thread:{id:0,name:main,status:RUNNING,priority:5,isDaemon:false,lockCount:0,suspendCount:0}
  call stack:
	at mockx.servlet.http.HttpServletResponse.checkNoSymbolic(HttpServletResponse.java:37)
	at mockx.servlet.http.HttpServletResponse.access$000(HttpServletResponse.java:12)
	at mockx.servlet.http.HttpServletResponse$1.println(HttpServletResponse.java:22)
	at securibench.micro.sanitizers.Sanitizers2.doGet(Sanitizers2.java:36)
	at Main.main(Main.java:23)

$$$$$$$$$$$$$$$$$$$$$$$$$$$$$$$$
Calling Z3str3

*************************************
Satisfiable: false
*************************************

$$$$$$$$$$$$$$$$$$$$$$$$$$$$$$$$
Calling Z3str3

Returned solutions: 
(define-fun string0 () String  "&&<")
*************************************
Satisfiable: true
string0 => "&&<"
*************************************

$$$$$$$$$$$$$$$$$$$$$$$$$$$$$$$$
Calling Z3str3

*************************************
Satisfiable: false
*************************************

$$$$$$$$$$$$$$$$$$$$$$$$$$$$$$$$
Calling Z3str3

Returned solutions: 
(define-fun string0 () String  "&&<")
*************************************
Satisfiable: true
string0 => "&&<"
*************************************

$$$$$$$$$$$$$$$$$$$$$$$$$$$$$$$$
Calling Z3str3

*************************************
Satisfiable: false
*************************************

$$$$$$$$$$$$$$$$$$$$$$$$$$$$$$$$
Calling Z3str3

Returned solutions: 
(define-fun string0 () String  "&&>")
*************************************
Satisfiable: true
string0 => "&&>"
*************************************

$$$$$$$$$$$$$$$$$$$$$$$$$$$$$$$$
Calling Z3str3

Returned solutions: 
(define-fun string0 () String  "&&>")
*************************************
Satisfiable: true
string0 => "&&>"
*************************************

$$$$$$$$$$$$$$$$$$$$$$$$$$$$$$$$
Calling Z3str3

Returned solutions: 
(define-fun string0 () String  "&&>A")
*************************************
Satisfiable: true
string0 => "&&>A"
*************************************

$$$$$$$$$$$$$$$$$$$$$$$$$$$$$$$$
Calling Z3str3

Returned solutions: 
(define-fun string0 () String  "&&>&")
*************************************
Satisfiable: true
string0 => "&&>&"
*************************************

$$$$$$$$$$$$$$$$$$$$$$$$$$$$$$$$
Calling Z3str3

Returned solutions: 
(define-fun string0 () String  "&&>&")
*************************************
Satisfiable: true
string0 => "&&>&"
*************************************

$$$$$$$$$$$$$$$$$$$$$$$$$$$$$$$$
Calling Z3str3

Returned solutions: 
(define-fun string0 () String  "&&>&A")
*************************************
Satisfiable: true
string0 => "&&>&A"
*************************************

$$$$$$$$$$$$$$$$$$$$$$$$$$$$$$$$
Calling Z3str3

Returned solutions: 
(define-fun string0 () String  "&&>&&")
*************************************
Satisfiable: true
string0 => "&&>&&"
*************************************

$$$$$$$$$$$$$$$$$$$$$$$$$$$$$$$$
Calling Z3str3

Returned solutions: 
(define-fun string0 () String  "&&>&&")
*************************************
Satisfiable: true
string0 => "&&>&&"
*************************************

$$$$$$$$$$$$$$$$$$$$$$$$$$$$$$$$
Calling Z3str3

Returned solutions: 
(define-fun string0 () String  "&&>&&A")
*************************************
Satisfiable: true
string0 => "&&>&&A"
*************************************

$$$$$$$$$$$$$$$$$$$$$$$$$$$$$$$$
Calling Z3str3

Returned solutions: 
(define-fun string0 () String  "&&>&&&")
*************************************
Satisfiable: true
string0 => "&&>&&&"
*************************************

$$$$$$$$$$$$$$$$$$$$$$$$$$$$$$$$
Calling Z3str3

Returned solutions: 
(define-fun string0 () String  "&&>&&&")
*************************************
Satisfiable: true
string0 => "&&>&&&"
*************************************

$$$$$$$$$$$$$$$$$$$$$$$$$$$$$$$$
Calling Z3str3

Returned solutions: 
(define-fun string0 () String  "&&>&&&A")
*************************************
Satisfiable: true
string0 => "&&>&&&A"
*************************************


====================================================== search constraint
depth limit reached: 13

====================================================== snapshot 
thread java.lang.Thread:{id:0,name:main,status:RUNNING,priority:5,isDaemon:false,lockCount:0,suspendCount:0}
  call stack:
	at securibench.micro.sanitizers.Sanitizers2.clean(Sanitizers2.java:42)
	at securibench.micro.sanitizers.Sanitizers2.doGet(Sanitizers2.java:31)
	at Main.main(Main.java:23)

$$$$$$$$$$$$$$$$$$$$$$$$$$$$$$$$
Calling Z3str3

Returned solutions: 
(define-fun string0 () String  "&&>&&<")
*************************************
Satisfiable: true
string0 => "&&>&&<"
*************************************

$$$$$$$$$$$$$$$$$$$$$$$$$$$$$$$$
Calling Z3str3

Returned solutions: 
(define-fun string0 () String  "&&>&&<")
*************************************
Satisfiable: true
string0 => "&&>&&<"
*************************************

$$$$$$$$$$$$$$$$$$$$$$$$$$$$$$$$
Calling Z3str3

Returned solutions: 
(define-fun string0 () String  "&&>&&<A")
*************************************
Satisfiable: true
string0 => "&&>&&<A"
*************************************


====================================================== search constraint
depth limit reached: 13

====================================================== snapshot 
thread java.lang.Thread:{id:0,name:main,status:RUNNING,priority:5,isDaemon:false,lockCount:0,suspendCount:0}
  call stack:
	at securibench.micro.sanitizers.Sanitizers2.clean(Sanitizers2.java:42)
	at securibench.micro.sanitizers.Sanitizers2.doGet(Sanitizers2.java:31)
	at Main.main(Main.java:23)

$$$$$$$$$$$$$$$$$$$$$$$$$$$$$$$$
Calling Z3str3

Returned solutions: 
(define-fun string0 () String  "&&>&&>")
*************************************
Satisfiable: true
string0 => "&&>&&>"
*************************************

$$$$$$$$$$$$$$$$$$$$$$$$$$$$$$$$
Calling Z3str3

Returned solutions: 
(define-fun string0 () String  "&&>&&>")
*************************************
Satisfiable: true
string0 => "&&>&&>"
*************************************

$$$$$$$$$$$$$$$$$$$$$$$$$$$$$$$$
Calling Z3str3

Returned solutions: 
(define-fun string0 () String  "&&>&&>A")
*************************************
Satisfiable: true
string0 => "&&>&&>A"
*************************************


====================================================== search constraint
depth limit reached: 13

====================================================== snapshot 
thread java.lang.Thread:{id:0,name:main,status:RUNNING,priority:5,isDaemon:false,lockCount:0,suspendCount:0}
  call stack:
	at securibench.micro.sanitizers.Sanitizers2.clean(Sanitizers2.java:42)
	at securibench.micro.sanitizers.Sanitizers2.doGet(Sanitizers2.java:31)
	at Main.main(Main.java:23)

$$$$$$$$$$$$$$$$$$$$$$$$$$$$$$$$
Calling Z3str3

Returned solutions: 
(define-fun string0 () String  "&&>&&A")
*************************************
Satisfiable: true
string0 => "&&>&&A"
*************************************

$$$$$$$$$$$$$$$$$$$$$$$$$$$$$$$$
Calling Z3str3

Returned solutions: 
(define-fun string0 () String  "&&>&&A")
*************************************
Satisfiable: true
string0 => "&&>&&A"
*************************************

$$$$$$$$$$$$$$$$$$$$$$$$$$$$$$$$
Calling Z3str3

Returned solutions: 
(define-fun string0 () String  "&&>&&_")
*************************************
Satisfiable: true
string0 => "&&>&&_"
*************************************


====================================================== search constraint
depth limit reached: 13

====================================================== snapshot 
thread java.lang.Thread:{id:0,name:main,status:RUNNING,priority:5,isDaemon:false,lockCount:0,suspendCount:0}
  call stack:
	at securibench.micro.sanitizers.Sanitizers2.clean(Sanitizers2.java:55)
	at securibench.micro.sanitizers.Sanitizers2.doGet(Sanitizers2.java:31)
	at Main.main(Main.java:23)

$$$$$$$$$$$$$$$$$$$$$$$$$$$$$$$$
Calling Z3str3

*************************************
Satisfiable: false
*************************************


====================================================== search constraint
depth limit reached: 13

====================================================== snapshot 
thread java.lang.Thread:{id:0,name:main,status:RUNNING,priority:5,isDaemon:false,lockCount:0,suspendCount:0}
  call stack:
	at mockx.servlet.http.HttpServletResponse.checkNoSymbolic(HttpServletResponse.java:40)
	at mockx.servlet.http.HttpServletResponse.access$000(HttpServletResponse.java:12)
	at mockx.servlet.http.HttpServletResponse$1.println(HttpServletResponse.java:22)
	at securibench.micro.sanitizers.Sanitizers2.doGet(Sanitizers2.java:36)
	at Main.main(Main.java:23)

$$$$$$$$$$$$$$$$$$$$$$$$$$$$$$$$
Calling Z3str3

Returned solutions: 
(define-fun string0 () String  "&&>&&")
*************************************
Satisfiable: true
string0 => "&&>&&"
*************************************


====================================================== search constraint
depth limit reached: 13

====================================================== snapshot 
thread java.lang.Thread:{id:0,name:main,status:RUNNING,priority:5,isDaemon:false,lockCount:0,suspendCount:0}
  call stack:
	at mockx.servlet.http.HttpServletResponse.checkNoSymbolic(HttpServletResponse.java:37)
	at mockx.servlet.http.HttpServletResponse.access$000(HttpServletResponse.java:12)
	at mockx.servlet.http.HttpServletResponse$1.println(HttpServletResponse.java:22)
	at securibench.micro.sanitizers.Sanitizers2.doGet(Sanitizers2.java:36)
	at Main.main(Main.java:23)

$$$$$$$$$$$$$$$$$$$$$$$$$$$$$$$$
Calling Z3str3

Returned solutions: 
(define-fun string0 () String  "&&>&<")
*************************************
Satisfiable: true
string0 => "&&>&<"
*************************************

$$$$$$$$$$$$$$$$$$$$$$$$$$$$$$$$
Calling Z3str3

Returned solutions: 
(define-fun string0 () String  "&&>&<")
*************************************
Satisfiable: true
string0 => "&&>&<"
*************************************

$$$$$$$$$$$$$$$$$$$$$$$$$$$$$$$$
Calling Z3str3

Returned solutions: 
(define-fun string0 () String  "&&>&<A")
*************************************
Satisfiable: true
string0 => "&&>&<A"
*************************************

$$$$$$$$$$$$$$$$$$$$$$$$$$$$$$$$
Calling Z3str3

Returned solutions: 
(define-fun string0 () String  "&&>&<&")
*************************************
Satisfiable: true
string0 => "&&>&<&"
*************************************

$$$$$$$$$$$$$$$$$$$$$$$$$$$$$$$$
Calling Z3str3

Returned solutions: 
(define-fun string0 () String  "&&>&<&")
*************************************
Satisfiable: true
string0 => "&&>&<&"
*************************************

$$$$$$$$$$$$$$$$$$$$$$$$$$$$$$$$
Calling Z3str3

Returned solutions: 
(define-fun string0 () String  "&&>&<&A")
*************************************
Satisfiable: true
string0 => "&&>&<&A"
*************************************


====================================================== search constraint
depth limit reached: 13

====================================================== snapshot 
thread java.lang.Thread:{id:0,name:main,status:RUNNING,priority:5,isDaemon:false,lockCount:0,suspendCount:0}
  call stack:
	at securibench.micro.sanitizers.Sanitizers2.clean(Sanitizers2.java:42)
	at securibench.micro.sanitizers.Sanitizers2.doGet(Sanitizers2.java:31)
	at Main.main(Main.java:23)

$$$$$$$$$$$$$$$$$$$$$$$$$$$$$$$$
Calling Z3str3

Returned solutions: 
(define-fun string0 () String  "&&>&<<")
*************************************
Satisfiable: true
string0 => "&&>&<<"
*************************************

$$$$$$$$$$$$$$$$$$$$$$$$$$$$$$$$
Calling Z3str3

Returned solutions: 
(define-fun string0 () String  "&&>&<<")
*************************************
Satisfiable: true
string0 => "&&>&<<"
*************************************

$$$$$$$$$$$$$$$$$$$$$$$$$$$$$$$$
Calling Z3str3

Returned solutions: 
(define-fun string0 () String  "&&>&<<A")
*************************************
Satisfiable: true
string0 => "&&>&<<A"
*************************************


====================================================== search constraint
depth limit reached: 13

====================================================== snapshot 
thread java.lang.Thread:{id:0,name:main,status:RUNNING,priority:5,isDaemon:false,lockCount:0,suspendCount:0}
  call stack:
	at securibench.micro.sanitizers.Sanitizers2.clean(Sanitizers2.java:42)
	at securibench.micro.sanitizers.Sanitizers2.doGet(Sanitizers2.java:31)
	at Main.main(Main.java:23)

$$$$$$$$$$$$$$$$$$$$$$$$$$$$$$$$
Calling Z3str3

Returned solutions: 
(define-fun string0 () String  "&&>&<>")
*************************************
Satisfiable: true
string0 => "&&>&<>"
*************************************

$$$$$$$$$$$$$$$$$$$$$$$$$$$$$$$$
Calling Z3str3

Returned solutions: 
(define-fun string0 () String  "&&>&<>")
*************************************
Satisfiable: true
string0 => "&&>&<>"
*************************************

$$$$$$$$$$$$$$$$$$$$$$$$$$$$$$$$
Calling Z3str3

Returned solutions: 
(define-fun string0 () String  "&&>&<>A")
*************************************
Satisfiable: true
string0 => "&&>&<>A"
*************************************


====================================================== search constraint
depth limit reached: 13

====================================================== snapshot 
thread java.lang.Thread:{id:0,name:main,status:RUNNING,priority:5,isDaemon:false,lockCount:0,suspendCount:0}
  call stack:
	at securibench.micro.sanitizers.Sanitizers2.clean(Sanitizers2.java:42)
	at securibench.micro.sanitizers.Sanitizers2.doGet(Sanitizers2.java:31)
	at Main.main(Main.java:23)

$$$$$$$$$$$$$$$$$$$$$$$$$$$$$$$$
Calling Z3str3

Returned solutions: 
(define-fun string0 () String  "&&>&<A")
*************************************
Satisfiable: true
string0 => "&&>&<A"
*************************************

$$$$$$$$$$$$$$$$$$$$$$$$$$$$$$$$
Calling Z3str3

Returned solutions: 
(define-fun string0 () String  "&&>&<A")
*************************************
Satisfiable: true
string0 => "&&>&<A"
*************************************

$$$$$$$$$$$$$$$$$$$$$$$$$$$$$$$$
Calling Z3str3

Returned solutions: 
(define-fun string0 () String  "&&>&<_")
*************************************
Satisfiable: true
string0 => "&&>&<_"
*************************************


====================================================== search constraint
depth limit reached: 13

====================================================== snapshot 
thread java.lang.Thread:{id:0,name:main,status:RUNNING,priority:5,isDaemon:false,lockCount:0,suspendCount:0}
  call stack:
	at securibench.micro.sanitizers.Sanitizers2.clean(Sanitizers2.java:55)
	at securibench.micro.sanitizers.Sanitizers2.doGet(Sanitizers2.java:31)
	at Main.main(Main.java:23)

$$$$$$$$$$$$$$$$$$$$$$$$$$$$$$$$
Calling Z3str3

*************************************
Satisfiable: false
*************************************


====================================================== search constraint
depth limit reached: 13

====================================================== snapshot 
thread java.lang.Thread:{id:0,name:main,status:RUNNING,priority:5,isDaemon:false,lockCount:0,suspendCount:0}
  call stack:
	at mockx.servlet.http.HttpServletResponse.checkNoSymbolic(HttpServletResponse.java:40)
	at mockx.servlet.http.HttpServletResponse.access$000(HttpServletResponse.java:12)
	at mockx.servlet.http.HttpServletResponse$1.println(HttpServletResponse.java:22)
	at securibench.micro.sanitizers.Sanitizers2.doGet(Sanitizers2.java:36)
	at Main.main(Main.java:23)

$$$$$$$$$$$$$$$$$$$$$$$$$$$$$$$$
Calling Z3str3

Returned solutions: 
(define-fun string0 () String  "&&>&<")
*************************************
Satisfiable: true
string0 => "&&>&<"
*************************************


====================================================== search constraint
depth limit reached: 13

====================================================== snapshot 
thread java.lang.Thread:{id:0,name:main,status:RUNNING,priority:5,isDaemon:false,lockCount:0,suspendCount:0}
  call stack:
	at mockx.servlet.http.HttpServletResponse.checkNoSymbolic(HttpServletResponse.java:37)
	at mockx.servlet.http.HttpServletResponse.access$000(HttpServletResponse.java:12)
	at mockx.servlet.http.HttpServletResponse$1.println(HttpServletResponse.java:22)
	at securibench.micro.sanitizers.Sanitizers2.doGet(Sanitizers2.java:36)
	at Main.main(Main.java:23)

$$$$$$$$$$$$$$$$$$$$$$$$$$$$$$$$
Calling Z3str3

Returned solutions: 
(define-fun string0 () String  "&&>&>")
*************************************
Satisfiable: true
string0 => "&&>&>"
*************************************

$$$$$$$$$$$$$$$$$$$$$$$$$$$$$$$$
Calling Z3str3

Returned solutions: 
(define-fun string0 () String  "&&>&>")
*************************************
Satisfiable: true
string0 => "&&>&>"
*************************************

$$$$$$$$$$$$$$$$$$$$$$$$$$$$$$$$
Calling Z3str3

Returned solutions: 
(define-fun string0 () String  "&&>&>A")
*************************************
Satisfiable: true
string0 => "&&>&>A"
*************************************

$$$$$$$$$$$$$$$$$$$$$$$$$$$$$$$$
Calling Z3str3

Returned solutions: 
(define-fun string0 () String  "&&>&>&")
*************************************
Satisfiable: true
string0 => "&&>&>&"
*************************************

$$$$$$$$$$$$$$$$$$$$$$$$$$$$$$$$
Calling Z3str3

Returned solutions: 
(define-fun string0 () String  "&&>&>&")
*************************************
Satisfiable: true
string0 => "&&>&>&"
*************************************

$$$$$$$$$$$$$$$$$$$$$$$$$$$$$$$$
Calling Z3str3

Returned solutions: 
(define-fun string0 () String  "&&>&>&A")
*************************************
Satisfiable: true
string0 => "&&>&>&A"
*************************************


====================================================== search constraint
depth limit reached: 13

====================================================== snapshot 
thread java.lang.Thread:{id:0,name:main,status:RUNNING,priority:5,isDaemon:false,lockCount:0,suspendCount:0}
  call stack:
	at securibench.micro.sanitizers.Sanitizers2.clean(Sanitizers2.java:42)
	at securibench.micro.sanitizers.Sanitizers2.doGet(Sanitizers2.java:31)
	at Main.main(Main.java:23)

$$$$$$$$$$$$$$$$$$$$$$$$$$$$$$$$
Calling Z3str3

Returned solutions: 
(define-fun string0 () String  "&&>&><")
*************************************
Satisfiable: true
string0 => "&&>&><"
*************************************

$$$$$$$$$$$$$$$$$$$$$$$$$$$$$$$$
Calling Z3str3

Returned solutions: 
(define-fun string0 () String  "&&>&><")
*************************************
Satisfiable: true
string0 => "&&>&><"
*************************************

$$$$$$$$$$$$$$$$$$$$$$$$$$$$$$$$
Calling Z3str3

Returned solutions: 
(define-fun string0 () String  "&&>&><A")
*************************************
Satisfiable: true
string0 => "&&>&><A"
*************************************


====================================================== search constraint
depth limit reached: 13

====================================================== snapshot 
thread java.lang.Thread:{id:0,name:main,status:RUNNING,priority:5,isDaemon:false,lockCount:0,suspendCount:0}
  call stack:
	at securibench.micro.sanitizers.Sanitizers2.clean(Sanitizers2.java:42)
	at securibench.micro.sanitizers.Sanitizers2.doGet(Sanitizers2.java:31)
	at Main.main(Main.java:23)

$$$$$$$$$$$$$$$$$$$$$$$$$$$$$$$$
Calling Z3str3

Returned solutions: 
(define-fun string0 () String  "&&>&>>")
*************************************
Satisfiable: true
string0 => "&&>&>>"
*************************************

$$$$$$$$$$$$$$$$$$$$$$$$$$$$$$$$
Calling Z3str3

Returned solutions: 
(define-fun string0 () String  "&&>&>>")
*************************************
Satisfiable: true
string0 => "&&>&>>"
*************************************

$$$$$$$$$$$$$$$$$$$$$$$$$$$$$$$$
Calling Z3str3

Returned solutions: 
(define-fun string0 () String  "&&>&>>A")
*************************************
Satisfiable: true
string0 => "&&>&>>A"
*************************************


====================================================== search constraint
depth limit reached: 13

====================================================== snapshot 
thread java.lang.Thread:{id:0,name:main,status:RUNNING,priority:5,isDaemon:false,lockCount:0,suspendCount:0}
  call stack:
	at securibench.micro.sanitizers.Sanitizers2.clean(Sanitizers2.java:42)
	at securibench.micro.sanitizers.Sanitizers2.doGet(Sanitizers2.java:31)
	at Main.main(Main.java:23)

$$$$$$$$$$$$$$$$$$$$$$$$$$$$$$$$
Calling Z3str3

Returned solutions: 
(define-fun string0 () String  "&&>&>A")
*************************************
Satisfiable: true
string0 => "&&>&>A"
*************************************

$$$$$$$$$$$$$$$$$$$$$$$$$$$$$$$$
Calling Z3str3

Returned solutions: 
(define-fun string0 () String  "&&>&>A")
*************************************
Satisfiable: true
string0 => "&&>&>A"
*************************************

$$$$$$$$$$$$$$$$$$$$$$$$$$$$$$$$
Calling Z3str3

Returned solutions: 
(define-fun string0 () String  "&&>&>_")
*************************************
Satisfiable: true
string0 => "&&>&>_"
*************************************


====================================================== search constraint
depth limit reached: 13

====================================================== snapshot 
thread java.lang.Thread:{id:0,name:main,status:RUNNING,priority:5,isDaemon:false,lockCount:0,suspendCount:0}
  call stack:
	at securibench.micro.sanitizers.Sanitizers2.clean(Sanitizers2.java:55)
	at securibench.micro.sanitizers.Sanitizers2.doGet(Sanitizers2.java:31)
	at Main.main(Main.java:23)

$$$$$$$$$$$$$$$$$$$$$$$$$$$$$$$$
Calling Z3str3

*************************************
Satisfiable: false
*************************************


====================================================== search constraint
depth limit reached: 13

====================================================== snapshot 
thread java.lang.Thread:{id:0,name:main,status:RUNNING,priority:5,isDaemon:false,lockCount:0,suspendCount:0}
  call stack:
	at mockx.servlet.http.HttpServletResponse.checkNoSymbolic(HttpServletResponse.java:40)
	at mockx.servlet.http.HttpServletResponse.access$000(HttpServletResponse.java:12)
	at mockx.servlet.http.HttpServletResponse$1.println(HttpServletResponse.java:22)
	at securibench.micro.sanitizers.Sanitizers2.doGet(Sanitizers2.java:36)
	at Main.main(Main.java:23)

$$$$$$$$$$$$$$$$$$$$$$$$$$$$$$$$
Calling Z3str3

Returned solutions: 
(define-fun string0 () String  "&&>&>")
*************************************
Satisfiable: true
string0 => "&&>&>"
*************************************


====================================================== search constraint
depth limit reached: 13

====================================================== snapshot 
thread java.lang.Thread:{id:0,name:main,status:RUNNING,priority:5,isDaemon:false,lockCount:0,suspendCount:0}
  call stack:
	at mockx.servlet.http.HttpServletResponse.checkNoSymbolic(HttpServletResponse.java:37)
	at mockx.servlet.http.HttpServletResponse.access$000(HttpServletResponse.java:12)
	at mockx.servlet.http.HttpServletResponse$1.println(HttpServletResponse.java:22)
	at securibench.micro.sanitizers.Sanitizers2.doGet(Sanitizers2.java:36)
	at Main.main(Main.java:23)

$$$$$$$$$$$$$$$$$$$$$$$$$$$$$$$$
Calling Z3str3

Returned solutions: 
(define-fun string0 () String  "&&>&A")
*************************************
Satisfiable: true
string0 => "&&>&A"
*************************************

$$$$$$$$$$$$$$$$$$$$$$$$$$$$$$$$
Calling Z3str3

Returned solutions: 
(define-fun string0 () String  "&&>&A")
*************************************
Satisfiable: true
string0 => "&&>&A"
*************************************

$$$$$$$$$$$$$$$$$$$$$$$$$$$$$$$$
Calling Z3str3

Returned solutions: 
(define-fun string0 () String  "&&>&_")
*************************************
Satisfiable: true
string0 => "&&>&_"
*************************************

$$$$$$$$$$$$$$$$$$$$$$$$$$$$$$$$
Calling Z3str3

Returned solutions: 
(define-fun string0 () String  "&&>&_")
*************************************
Satisfiable: true
string0 => "&&>&_"
*************************************

$$$$$$$$$$$$$$$$$$$$$$$$$$$$$$$$
Calling Z3str3

Returned solutions: 
(define-fun string0 () String  "&&>&_A")
*************************************
Satisfiable: true
string0 => "&&>&_A"
*************************************


====================================================== search constraint
depth limit reached: 13

====================================================== snapshot 
thread java.lang.Thread:{id:0,name:main,status:RUNNING,priority:5,isDaemon:false,lockCount:0,suspendCount:0}
  call stack:
	at securibench.micro.sanitizers.Sanitizers2.clean(Sanitizers2.java:44)
	at securibench.micro.sanitizers.Sanitizers2.doGet(Sanitizers2.java:31)
	at Main.main(Main.java:23)


====================================================== search constraint
depth limit reached: 13

====================================================== snapshot 
thread java.lang.Thread:{id:0,name:main,status:RUNNING,priority:5,isDaemon:false,lockCount:0,suspendCount:0}
  call stack:
	at mockx.servlet.http.HttpServletResponse.checkNoSymbolic(HttpServletResponse.java:37)
	at mockx.servlet.http.HttpServletResponse.access$000(HttpServletResponse.java:12)
	at mockx.servlet.http.HttpServletResponse$1.println(HttpServletResponse.java:22)
	at securibench.micro.sanitizers.Sanitizers2.doGet(Sanitizers2.java:36)
	at Main.main(Main.java:23)

$$$$$$$$$$$$$$$$$$$$$$$$$$$$$$$$
Calling Z3str3

Returned solutions: 
(define-fun string0 () String  "&&>&A")
*************************************
Satisfiable: true
string0 => "&&>&A"
*************************************

$$$$$$$$$$$$$$$$$$$$$$$$$$$$$$$$
Calling Z3str3

Returned solutions: 
(define-fun string0 () String  "&&>&AB")
*************************************
Satisfiable: true
string0 => "&&>&AB"
*************************************


====================================================== search constraint
depth limit reached: 13

====================================================== snapshot 
thread java.lang.Thread:{id:0,name:main,status:RUNNING,priority:5,isDaemon:false,lockCount:0,suspendCount:0}
  call stack:
	at securibench.micro.sanitizers.Sanitizers2.clean(Sanitizers2.java:44)
	at securibench.micro.sanitizers.Sanitizers2.doGet(Sanitizers2.java:31)
	at Main.main(Main.java:23)


====================================================== search constraint
depth limit reached: 13

====================================================== snapshot 
thread java.lang.Thread:{id:0,name:main,status:RUNNING,priority:5,isDaemon:false,lockCount:0,suspendCount:0}
  call stack:
	at mockx.servlet.http.HttpServletResponse.checkNoSymbolic(HttpServletResponse.java:37)
	at mockx.servlet.http.HttpServletResponse.access$000(HttpServletResponse.java:12)
	at mockx.servlet.http.HttpServletResponse$1.println(HttpServletResponse.java:22)
	at securibench.micro.sanitizers.Sanitizers2.doGet(Sanitizers2.java:36)
	at Main.main(Main.java:23)

$$$$$$$$$$$$$$$$$$$$$$$$$$$$$$$$
Calling Z3str3

*************************************
Satisfiable: false
*************************************

$$$$$$$$$$$$$$$$$$$$$$$$$$$$$$$$
Calling Z3str3

Returned solutions: 
(define-fun string0 () String  "&&>&")
*************************************
Satisfiable: true
string0 => "&&>&"
*************************************

$$$$$$$$$$$$$$$$$$$$$$$$$$$$$$$$
Calling Z3str3

*************************************
Satisfiable: false
*************************************

$$$$$$$$$$$$$$$$$$$$$$$$$$$$$$$$
Calling Z3str3

Returned solutions: 
(define-fun string0 () String  "&&>&")
*************************************
Satisfiable: true
string0 => "&&>&"
*************************************

$$$$$$$$$$$$$$$$$$$$$$$$$$$$$$$$
Calling Z3str3

*************************************
Satisfiable: false
*************************************

$$$$$$$$$$$$$$$$$$$$$$$$$$$$$$$$
Calling Z3str3

Returned solutions: 
(define-fun string0 () String  "&&><")
*************************************
Satisfiable: true
string0 => "&&><"
*************************************

$$$$$$$$$$$$$$$$$$$$$$$$$$$$$$$$
Calling Z3str3

Returned solutions: 
(define-fun string0 () String  "&&><")
*************************************
Satisfiable: true
string0 => "&&><"
*************************************

$$$$$$$$$$$$$$$$$$$$$$$$$$$$$$$$
Calling Z3str3

Returned solutions: 
(define-fun string0 () String  "&&><AB")
*************************************
Satisfiable: true
string0 => "&&><AB"
*************************************

$$$$$$$$$$$$$$$$$$$$$$$$$$$$$$$$
Calling Z3str3

Returned solutions: 
(define-fun string0 () String  "&&><&")
*************************************
Satisfiable: true
string0 => "&&><&"
*************************************

$$$$$$$$$$$$$$$$$$$$$$$$$$$$$$$$
Calling Z3str3

Returned solutions: 
(define-fun string0 () String  "&&><&")
*************************************
Satisfiable: true
string0 => "&&><&"
*************************************

$$$$$$$$$$$$$$$$$$$$$$$$$$$$$$$$
Calling Z3str3

Returned solutions: 
(define-fun string0 () String  "&&><&A")
*************************************
Satisfiable: true
string0 => "&&><&A"
*************************************

$$$$$$$$$$$$$$$$$$$$$$$$$$$$$$$$
Calling Z3str3

Returned solutions: 
(define-fun string0 () String  "&&><&&")
*************************************
Satisfiable: true
string0 => "&&><&&"
*************************************

$$$$$$$$$$$$$$$$$$$$$$$$$$$$$$$$
Calling Z3str3

Returned solutions: 
(define-fun string0 () String  "&&><&&")
*************************************
Satisfiable: true
string0 => "&&><&&"
*************************************

$$$$$$$$$$$$$$$$$$$$$$$$$$$$$$$$
Calling Z3str3

Returned solutions: 
(define-fun string0 () String  "&&><&&A")
*************************************
Satisfiable: true
string0 => "&&><&&A"
*************************************


====================================================== search constraint
depth limit reached: 13

====================================================== snapshot 
thread java.lang.Thread:{id:0,name:main,status:RUNNING,priority:5,isDaemon:false,lockCount:0,suspendCount:0}
  call stack:
	at securibench.micro.sanitizers.Sanitizers2.clean(Sanitizers2.java:42)
	at securibench.micro.sanitizers.Sanitizers2.doGet(Sanitizers2.java:31)
	at Main.main(Main.java:23)

$$$$$$$$$$$$$$$$$$$$$$$$$$$$$$$$
Calling Z3str3

Returned solutions: 
(define-fun string0 () String  "&&><&<")
*************************************
Satisfiable: true
string0 => "&&><&<"
*************************************

$$$$$$$$$$$$$$$$$$$$$$$$$$$$$$$$
Calling Z3str3

Returned solutions: 
(define-fun string0 () String  "&&><&<")
*************************************
Satisfiable: true
string0 => "&&><&<"
*************************************

$$$$$$$$$$$$$$$$$$$$$$$$$$$$$$$$
Calling Z3str3

Returned solutions: 
(define-fun string0 () String  "&&><&<A")
*************************************
Satisfiable: true
string0 => "&&><&<A"
*************************************


====================================================== search constraint
depth limit reached: 13

====================================================== snapshot 
thread java.lang.Thread:{id:0,name:main,status:RUNNING,priority:5,isDaemon:false,lockCount:0,suspendCount:0}
  call stack:
	at securibench.micro.sanitizers.Sanitizers2.clean(Sanitizers2.java:42)
	at securibench.micro.sanitizers.Sanitizers2.doGet(Sanitizers2.java:31)
	at Main.main(Main.java:23)

$$$$$$$$$$$$$$$$$$$$$$$$$$$$$$$$
Calling Z3str3

Returned solutions: 
(define-fun string0 () String  "&&><&>")
*************************************
Satisfiable: true
string0 => "&&><&>"
*************************************

$$$$$$$$$$$$$$$$$$$$$$$$$$$$$$$$
Calling Z3str3

Returned solutions: 
(define-fun string0 () String  "&&><&>")
*************************************
Satisfiable: true
string0 => "&&><&>"
*************************************

$$$$$$$$$$$$$$$$$$$$$$$$$$$$$$$$
Calling Z3str3

Returned solutions: 
(define-fun string0 () String  "&&><&>A")
*************************************
Satisfiable: true
string0 => "&&><&>A"
*************************************


====================================================== search constraint
depth limit reached: 13

====================================================== snapshot 
thread java.lang.Thread:{id:0,name:main,status:RUNNING,priority:5,isDaemon:false,lockCount:0,suspendCount:0}
  call stack:
	at securibench.micro.sanitizers.Sanitizers2.clean(Sanitizers2.java:42)
	at securibench.micro.sanitizers.Sanitizers2.doGet(Sanitizers2.java:31)
	at Main.main(Main.java:23)

$$$$$$$$$$$$$$$$$$$$$$$$$$$$$$$$
Calling Z3str3

Returned solutions: 
(define-fun string0 () String  "&&><&A")
*************************************
Satisfiable: true
string0 => "&&><&A"
*************************************

$$$$$$$$$$$$$$$$$$$$$$$$$$$$$$$$
Calling Z3str3

Returned solutions: 
(define-fun string0 () String  "&&><&A")
*************************************
Satisfiable: true
string0 => "&&><&A"
*************************************

$$$$$$$$$$$$$$$$$$$$$$$$$$$$$$$$
Calling Z3str3

Returned solutions: 
(define-fun string0 () String  "&&><&_")
*************************************
Satisfiable: true
string0 => "&&><&_"
*************************************


====================================================== search constraint
depth limit reached: 13

====================================================== snapshot 
thread java.lang.Thread:{id:0,name:main,status:RUNNING,priority:5,isDaemon:false,lockCount:0,suspendCount:0}
  call stack:
	at securibench.micro.sanitizers.Sanitizers2.clean(Sanitizers2.java:55)
	at securibench.micro.sanitizers.Sanitizers2.doGet(Sanitizers2.java:31)
	at Main.main(Main.java:23)

$$$$$$$$$$$$$$$$$$$$$$$$$$$$$$$$
Calling Z3str3

*************************************
Satisfiable: false
*************************************


====================================================== search constraint
depth limit reached: 13

====================================================== snapshot 
thread java.lang.Thread:{id:0,name:main,status:RUNNING,priority:5,isDaemon:false,lockCount:0,suspendCount:0}
  call stack:
	at mockx.servlet.http.HttpServletResponse.checkNoSymbolic(HttpServletResponse.java:40)
	at mockx.servlet.http.HttpServletResponse.access$000(HttpServletResponse.java:12)
	at mockx.servlet.http.HttpServletResponse$1.println(HttpServletResponse.java:22)
	at securibench.micro.sanitizers.Sanitizers2.doGet(Sanitizers2.java:36)
	at Main.main(Main.java:23)

$$$$$$$$$$$$$$$$$$$$$$$$$$$$$$$$
Calling Z3str3

Returned solutions: 
(define-fun string0 () String  "&&><&")
*************************************
Satisfiable: true
string0 => "&&><&"
*************************************


====================================================== search constraint
depth limit reached: 13

====================================================== snapshot 
thread java.lang.Thread:{id:0,name:main,status:RUNNING,priority:5,isDaemon:false,lockCount:0,suspendCount:0}
  call stack:
	at mockx.servlet.http.HttpServletResponse.checkNoSymbolic(HttpServletResponse.java:37)
	at mockx.servlet.http.HttpServletResponse.access$000(HttpServletResponse.java:12)
	at mockx.servlet.http.HttpServletResponse$1.println(HttpServletResponse.java:22)
	at securibench.micro.sanitizers.Sanitizers2.doGet(Sanitizers2.java:36)
	at Main.main(Main.java:23)

$$$$$$$$$$$$$$$$$$$$$$$$$$$$$$$$
Calling Z3str3

Returned solutions: 
(define-fun string0 () String  "&&><<")
*************************************
Satisfiable: true
string0 => "&&><<"
*************************************

$$$$$$$$$$$$$$$$$$$$$$$$$$$$$$$$
Calling Z3str3

Returned solutions: 
(define-fun string0 () String  "&&><<")
*************************************
Satisfiable: true
string0 => "&&><<"
*************************************

$$$$$$$$$$$$$$$$$$$$$$$$$$$$$$$$
Calling Z3str3

Returned solutions: 
(define-fun string0 () String  "&&><<A")
*************************************
Satisfiable: true
string0 => "&&><<A"
*************************************

$$$$$$$$$$$$$$$$$$$$$$$$$$$$$$$$
Calling Z3str3

Returned solutions: 
(define-fun string0 () String  "&&><<&")
*************************************
Satisfiable: true
string0 => "&&><<&"
*************************************

$$$$$$$$$$$$$$$$$$$$$$$$$$$$$$$$
Calling Z3str3

Returned solutions: 
(define-fun string0 () String  "&&><<&")
*************************************
Satisfiable: true
string0 => "&&><<&"
*************************************

$$$$$$$$$$$$$$$$$$$$$$$$$$$$$$$$
Calling Z3str3

Returned solutions: 
(define-fun string0 () String  "&&><<&A")
*************************************
Satisfiable: true
string0 => "&&><<&A"
*************************************


====================================================== search constraint
depth limit reached: 13

====================================================== snapshot 
thread java.lang.Thread:{id:0,name:main,status:RUNNING,priority:5,isDaemon:false,lockCount:0,suspendCount:0}
  call stack:
	at securibench.micro.sanitizers.Sanitizers2.clean(Sanitizers2.java:42)
	at securibench.micro.sanitizers.Sanitizers2.doGet(Sanitizers2.java:31)
	at Main.main(Main.java:23)

$$$$$$$$$$$$$$$$$$$$$$$$$$$$$$$$
Calling Z3str3

Returned solutions: 
(define-fun string0 () String  "&&><<<")
*************************************
Satisfiable: true
string0 => "&&><<<"
*************************************

$$$$$$$$$$$$$$$$$$$$$$$$$$$$$$$$
Calling Z3str3

Returned solutions: 
(define-fun string0 () String  "&&><<<")
*************************************
Satisfiable: true
string0 => "&&><<<"
*************************************

$$$$$$$$$$$$$$$$$$$$$$$$$$$$$$$$
Calling Z3str3

Returned solutions: 
(define-fun string0 () String  "&&><<<A")
*************************************
Satisfiable: true
string0 => "&&><<<A"
*************************************


====================================================== search constraint
depth limit reached: 13

====================================================== snapshot 
thread java.lang.Thread:{id:0,name:main,status:RUNNING,priority:5,isDaemon:false,lockCount:0,suspendCount:0}
  call stack:
	at securibench.micro.sanitizers.Sanitizers2.clean(Sanitizers2.java:42)
	at securibench.micro.sanitizers.Sanitizers2.doGet(Sanitizers2.java:31)
	at Main.main(Main.java:23)

$$$$$$$$$$$$$$$$$$$$$$$$$$$$$$$$
Calling Z3str3

Returned solutions: 
(define-fun string0 () String  "&&><<>")
*************************************
Satisfiable: true
string0 => "&&><<>"
*************************************

$$$$$$$$$$$$$$$$$$$$$$$$$$$$$$$$
Calling Z3str3

Returned solutions: 
(define-fun string0 () String  "&&><<>")
*************************************
Satisfiable: true
string0 => "&&><<>"
*************************************

$$$$$$$$$$$$$$$$$$$$$$$$$$$$$$$$
Calling Z3str3

Returned solutions: 
(define-fun string0 () String  "&&><<>A")
*************************************
Satisfiable: true
string0 => "&&><<>A"
*************************************


====================================================== search constraint
depth limit reached: 13

====================================================== snapshot 
thread java.lang.Thread:{id:0,name:main,status:RUNNING,priority:5,isDaemon:false,lockCount:0,suspendCount:0}
  call stack:
	at securibench.micro.sanitizers.Sanitizers2.clean(Sanitizers2.java:42)
	at securibench.micro.sanitizers.Sanitizers2.doGet(Sanitizers2.java:31)
	at Main.main(Main.java:23)

$$$$$$$$$$$$$$$$$$$$$$$$$$$$$$$$
Calling Z3str3

Returned solutions: 
(define-fun string0 () String  "&&><<A")
*************************************
Satisfiable: true
string0 => "&&><<A"
*************************************

$$$$$$$$$$$$$$$$$$$$$$$$$$$$$$$$
Calling Z3str3

Returned solutions: 
(define-fun string0 () String  "&&><<A")
*************************************
Satisfiable: true
string0 => "&&><<A"
*************************************

$$$$$$$$$$$$$$$$$$$$$$$$$$$$$$$$
Calling Z3str3

Returned solutions: 
(define-fun string0 () String  "&&><<_")
*************************************
Satisfiable: true
string0 => "&&><<_"
*************************************


====================================================== search constraint
depth limit reached: 13

====================================================== snapshot 
thread java.lang.Thread:{id:0,name:main,status:RUNNING,priority:5,isDaemon:false,lockCount:0,suspendCount:0}
  call stack:
	at securibench.micro.sanitizers.Sanitizers2.clean(Sanitizers2.java:55)
	at securibench.micro.sanitizers.Sanitizers2.doGet(Sanitizers2.java:31)
	at Main.main(Main.java:23)

$$$$$$$$$$$$$$$$$$$$$$$$$$$$$$$$
Calling Z3str3

*************************************
Satisfiable: false
*************************************


====================================================== search constraint
depth limit reached: 13

====================================================== snapshot 
thread java.lang.Thread:{id:0,name:main,status:RUNNING,priority:5,isDaemon:false,lockCount:0,suspendCount:0}
  call stack:
	at mockx.servlet.http.HttpServletResponse.checkNoSymbolic(HttpServletResponse.java:40)
	at mockx.servlet.http.HttpServletResponse.access$000(HttpServletResponse.java:12)
	at mockx.servlet.http.HttpServletResponse$1.println(HttpServletResponse.java:22)
	at securibench.micro.sanitizers.Sanitizers2.doGet(Sanitizers2.java:36)
	at Main.main(Main.java:23)

$$$$$$$$$$$$$$$$$$$$$$$$$$$$$$$$
Calling Z3str3

Returned solutions: 
(define-fun string0 () String  "&&><<")
*************************************
Satisfiable: true
string0 => "&&><<"
*************************************


====================================================== search constraint
depth limit reached: 13

====================================================== snapshot 
thread java.lang.Thread:{id:0,name:main,status:RUNNING,priority:5,isDaemon:false,lockCount:0,suspendCount:0}
  call stack:
	at mockx.servlet.http.HttpServletResponse.checkNoSymbolic(HttpServletResponse.java:37)
	at mockx.servlet.http.HttpServletResponse.access$000(HttpServletResponse.java:12)
	at mockx.servlet.http.HttpServletResponse$1.println(HttpServletResponse.java:22)
	at securibench.micro.sanitizers.Sanitizers2.doGet(Sanitizers2.java:36)
	at Main.main(Main.java:23)

$$$$$$$$$$$$$$$$$$$$$$$$$$$$$$$$
Calling Z3str3

Returned solutions: 
(define-fun string0 () String  "&&><>")
*************************************
Satisfiable: true
string0 => "&&><>"
*************************************

$$$$$$$$$$$$$$$$$$$$$$$$$$$$$$$$
Calling Z3str3

Returned solutions: 
(define-fun string0 () String  "&&><>")
*************************************
Satisfiable: true
string0 => "&&><>"
*************************************

$$$$$$$$$$$$$$$$$$$$$$$$$$$$$$$$
Calling Z3str3

Returned solutions: 
(define-fun string0 () String  "&&><>A")
*************************************
Satisfiable: true
string0 => "&&><>A"
*************************************

$$$$$$$$$$$$$$$$$$$$$$$$$$$$$$$$
Calling Z3str3

Returned solutions: 
(define-fun string0 () String  "&&><>&")
*************************************
Satisfiable: true
string0 => "&&><>&"
*************************************

$$$$$$$$$$$$$$$$$$$$$$$$$$$$$$$$
Calling Z3str3

Returned solutions: 
(define-fun string0 () String  "&&><>&")
*************************************
Satisfiable: true
string0 => "&&><>&"
*************************************

$$$$$$$$$$$$$$$$$$$$$$$$$$$$$$$$
Calling Z3str3

Returned solutions: 
(define-fun string0 () String  "&&><>&A")
*************************************
Satisfiable: true
string0 => "&&><>&A"
*************************************


====================================================== search constraint
depth limit reached: 13

====================================================== snapshot 
thread java.lang.Thread:{id:0,name:main,status:RUNNING,priority:5,isDaemon:false,lockCount:0,suspendCount:0}
  call stack:
	at securibench.micro.sanitizers.Sanitizers2.clean(Sanitizers2.java:42)
	at securibench.micro.sanitizers.Sanitizers2.doGet(Sanitizers2.java:31)
	at Main.main(Main.java:23)

$$$$$$$$$$$$$$$$$$$$$$$$$$$$$$$$
Calling Z3str3

Returned solutions: 
(define-fun string0 () String  "&&><><")
*************************************
Satisfiable: true
string0 => "&&><><"
*************************************

$$$$$$$$$$$$$$$$$$$$$$$$$$$$$$$$
Calling Z3str3

Returned solutions: 
(define-fun string0 () String  "&&><><")
*************************************
Satisfiable: true
string0 => "&&><><"
*************************************

$$$$$$$$$$$$$$$$$$$$$$$$$$$$$$$$
Calling Z3str3

Returned solutions: 
(define-fun string0 () String  "&&><><A")
*************************************
Satisfiable: true
string0 => "&&><><A"
*************************************


====================================================== search constraint
depth limit reached: 13

====================================================== snapshot 
thread java.lang.Thread:{id:0,name:main,status:RUNNING,priority:5,isDaemon:false,lockCount:0,suspendCount:0}
  call stack:
	at securibench.micro.sanitizers.Sanitizers2.clean(Sanitizers2.java:42)
	at securibench.micro.sanitizers.Sanitizers2.doGet(Sanitizers2.java:31)
	at Main.main(Main.java:23)

$$$$$$$$$$$$$$$$$$$$$$$$$$$$$$$$
Calling Z3str3

Returned solutions: 
(define-fun string0 () String  "&&><>>")
*************************************
Satisfiable: true
string0 => "&&><>>"
*************************************

$$$$$$$$$$$$$$$$$$$$$$$$$$$$$$$$
Calling Z3str3

Returned solutions: 
(define-fun string0 () String  "&&><>>")
*************************************
Satisfiable: true
string0 => "&&><>>"
*************************************

$$$$$$$$$$$$$$$$$$$$$$$$$$$$$$$$
Calling Z3str3

Returned solutions: 
(define-fun string0 () String  "&&><>>A")
*************************************
Satisfiable: true
string0 => "&&><>>A"
*************************************


====================================================== search constraint
depth limit reached: 13

====================================================== snapshot 
thread java.lang.Thread:{id:0,name:main,status:RUNNING,priority:5,isDaemon:false,lockCount:0,suspendCount:0}
  call stack:
	at securibench.micro.sanitizers.Sanitizers2.clean(Sanitizers2.java:42)
	at securibench.micro.sanitizers.Sanitizers2.doGet(Sanitizers2.java:31)
	at Main.main(Main.java:23)

$$$$$$$$$$$$$$$$$$$$$$$$$$$$$$$$
Calling Z3str3

Returned solutions: 
(define-fun string0 () String  "&&><>A")
*************************************
Satisfiable: true
string0 => "&&><>A"
*************************************

$$$$$$$$$$$$$$$$$$$$$$$$$$$$$$$$
Calling Z3str3

Returned solutions: 
(define-fun string0 () String  "&&><>A")
*************************************
Satisfiable: true
string0 => "&&><>A"
*************************************

$$$$$$$$$$$$$$$$$$$$$$$$$$$$$$$$
Calling Z3str3

Returned solutions: 
(define-fun string0 () String  "&&><>_")
*************************************
Satisfiable: true
string0 => "&&><>_"
*************************************


====================================================== search constraint
depth limit reached: 13

====================================================== snapshot 
thread java.lang.Thread:{id:0,name:main,status:RUNNING,priority:5,isDaemon:false,lockCount:0,suspendCount:0}
  call stack:
	at securibench.micro.sanitizers.Sanitizers2.clean(Sanitizers2.java:55)
	at securibench.micro.sanitizers.Sanitizers2.doGet(Sanitizers2.java:31)
	at Main.main(Main.java:23)

$$$$$$$$$$$$$$$$$$$$$$$$$$$$$$$$
Calling Z3str3

*************************************
Satisfiable: false
*************************************


====================================================== search constraint
depth limit reached: 13

====================================================== snapshot 
thread java.lang.Thread:{id:0,name:main,status:RUNNING,priority:5,isDaemon:false,lockCount:0,suspendCount:0}
  call stack:
	at mockx.servlet.http.HttpServletResponse.checkNoSymbolic(HttpServletResponse.java:40)
	at mockx.servlet.http.HttpServletResponse.access$000(HttpServletResponse.java:12)
	at mockx.servlet.http.HttpServletResponse$1.println(HttpServletResponse.java:22)
	at securibench.micro.sanitizers.Sanitizers2.doGet(Sanitizers2.java:36)
	at Main.main(Main.java:23)

$$$$$$$$$$$$$$$$$$$$$$$$$$$$$$$$
Calling Z3str3

Returned solutions: 
(define-fun string0 () String  "&&><>")
*************************************
Satisfiable: true
string0 => "&&><>"
*************************************


====================================================== search constraint
depth limit reached: 13

====================================================== snapshot 
thread java.lang.Thread:{id:0,name:main,status:RUNNING,priority:5,isDaemon:false,lockCount:0,suspendCount:0}
  call stack:
	at mockx.servlet.http.HttpServletResponse.checkNoSymbolic(HttpServletResponse.java:37)
	at mockx.servlet.http.HttpServletResponse.access$000(HttpServletResponse.java:12)
	at mockx.servlet.http.HttpServletResponse$1.println(HttpServletResponse.java:22)
	at securibench.micro.sanitizers.Sanitizers2.doGet(Sanitizers2.java:36)
	at Main.main(Main.java:23)

$$$$$$$$$$$$$$$$$$$$$$$$$$$$$$$$
Calling Z3str3

Returned solutions: 
(define-fun string0 () String  "&&><A")
*************************************
Satisfiable: true
string0 => "&&><A"
*************************************

$$$$$$$$$$$$$$$$$$$$$$$$$$$$$$$$
Calling Z3str3

Returned solutions: 
(define-fun string0 () String  "&&><A")
*************************************
Satisfiable: true
string0 => "&&><A"
*************************************

$$$$$$$$$$$$$$$$$$$$$$$$$$$$$$$$
Calling Z3str3

Returned solutions: 
(define-fun string0 () String  "&&><_")
*************************************
Satisfiable: true
string0 => "&&><_"
*************************************

$$$$$$$$$$$$$$$$$$$$$$$$$$$$$$$$
Calling Z3str3

Returned solutions: 
(define-fun string0 () String  "&&><_")
*************************************
Satisfiable: true
string0 => "&&><_"
*************************************

$$$$$$$$$$$$$$$$$$$$$$$$$$$$$$$$
Calling Z3str3

Returned solutions: 
(define-fun string0 () String  "&&><_A")
*************************************
Satisfiable: true
string0 => "&&><_A"
*************************************


====================================================== search constraint
depth limit reached: 13

====================================================== snapshot 
thread java.lang.Thread:{id:0,name:main,status:RUNNING,priority:5,isDaemon:false,lockCount:0,suspendCount:0}
  call stack:
	at securibench.micro.sanitizers.Sanitizers2.clean(Sanitizers2.java:44)
	at securibench.micro.sanitizers.Sanitizers2.doGet(Sanitizers2.java:31)
	at Main.main(Main.java:23)


====================================================== search constraint
depth limit reached: 13

====================================================== snapshot 
thread java.lang.Thread:{id:0,name:main,status:RUNNING,priority:5,isDaemon:false,lockCount:0,suspendCount:0}
  call stack:
	at mockx.servlet.http.HttpServletResponse.checkNoSymbolic(HttpServletResponse.java:37)
	at mockx.servlet.http.HttpServletResponse.access$000(HttpServletResponse.java:12)
	at mockx.servlet.http.HttpServletResponse$1.println(HttpServletResponse.java:22)
	at securibench.micro.sanitizers.Sanitizers2.doGet(Sanitizers2.java:36)
	at Main.main(Main.java:23)

$$$$$$$$$$$$$$$$$$$$$$$$$$$$$$$$
Calling Z3str3

Returned solutions: 
(define-fun string0 () String  "&&><A")
*************************************
Satisfiable: true
string0 => "&&><A"
*************************************

$$$$$$$$$$$$$$$$$$$$$$$$$$$$$$$$
Calling Z3str3

Returned solutions: 
(define-fun string0 () String  "&&><AB")
*************************************
Satisfiable: true
string0 => "&&><AB"
*************************************


====================================================== search constraint
depth limit reached: 13

====================================================== snapshot 
thread java.lang.Thread:{id:0,name:main,status:RUNNING,priority:5,isDaemon:false,lockCount:0,suspendCount:0}
  call stack:
	at securibench.micro.sanitizers.Sanitizers2.clean(Sanitizers2.java:44)
	at securibench.micro.sanitizers.Sanitizers2.doGet(Sanitizers2.java:31)
	at Main.main(Main.java:23)


====================================================== search constraint
depth limit reached: 13

====================================================== snapshot 
thread java.lang.Thread:{id:0,name:main,status:RUNNING,priority:5,isDaemon:false,lockCount:0,suspendCount:0}
  call stack:
	at mockx.servlet.http.HttpServletResponse.checkNoSymbolic(HttpServletResponse.java:37)
	at mockx.servlet.http.HttpServletResponse.access$000(HttpServletResponse.java:12)
	at mockx.servlet.http.HttpServletResponse$1.println(HttpServletResponse.java:22)
	at securibench.micro.sanitizers.Sanitizers2.doGet(Sanitizers2.java:36)
	at Main.main(Main.java:23)

$$$$$$$$$$$$$$$$$$$$$$$$$$$$$$$$
Calling Z3str3

*************************************
Satisfiable: false
*************************************

$$$$$$$$$$$$$$$$$$$$$$$$$$$$$$$$
Calling Z3str3

Returned solutions: 
(define-fun string0 () String  "&&><")
*************************************
Satisfiable: true
string0 => "&&><"
*************************************

$$$$$$$$$$$$$$$$$$$$$$$$$$$$$$$$
Calling Z3str3

*************************************
Satisfiable: false
*************************************

$$$$$$$$$$$$$$$$$$$$$$$$$$$$$$$$
Calling Z3str3

Returned solutions: 
(define-fun string0 () String  "&&><")
*************************************
Satisfiable: true
string0 => "&&><"
*************************************

$$$$$$$$$$$$$$$$$$$$$$$$$$$$$$$$
Calling Z3str3

*************************************
Satisfiable: false
*************************************

$$$$$$$$$$$$$$$$$$$$$$$$$$$$$$$$
Calling Z3str3

Returned solutions: 
(define-fun string0 () String  "&&>>")
*************************************
Satisfiable: true
string0 => "&&>>"
*************************************

$$$$$$$$$$$$$$$$$$$$$$$$$$$$$$$$
Calling Z3str3

Returned solutions: 
(define-fun string0 () String  "&&>>")
*************************************
Satisfiable: true
string0 => "&&>>"
*************************************

$$$$$$$$$$$$$$$$$$$$$$$$$$$$$$$$
Calling Z3str3

Returned solutions: 
(define-fun string0 () String  "&&>>A")
*************************************
Satisfiable: true
string0 => "&&>>A"
*************************************

$$$$$$$$$$$$$$$$$$$$$$$$$$$$$$$$
Calling Z3str3

Returned solutions: 
(define-fun string0 () String  "&&>>&")
*************************************
Satisfiable: true
string0 => "&&>>&"
*************************************

$$$$$$$$$$$$$$$$$$$$$$$$$$$$$$$$
Calling Z3str3

Returned solutions: 
(define-fun string0 () String  "&&>>&")
*************************************
Satisfiable: true
string0 => "&&>>&"
*************************************

$$$$$$$$$$$$$$$$$$$$$$$$$$$$$$$$
Calling Z3str3

Returned solutions: 
(define-fun string0 () String  "&&>>&A")
*************************************
Satisfiable: true
string0 => "&&>>&A"
*************************************

$$$$$$$$$$$$$$$$$$$$$$$$$$$$$$$$
Calling Z3str3

Returned solutions: 
(define-fun string0 () String  "&&>>&&")
*************************************
Satisfiable: true
string0 => "&&>>&&"
*************************************

$$$$$$$$$$$$$$$$$$$$$$$$$$$$$$$$
Calling Z3str3

Returned solutions: 
(define-fun string0 () String  "&&>>&&")
*************************************
Satisfiable: true
string0 => "&&>>&&"
*************************************

$$$$$$$$$$$$$$$$$$$$$$$$$$$$$$$$
Calling Z3str3

Returned solutions: 
(define-fun string0 () String  "&&>>&&A")
*************************************
Satisfiable: true
string0 => "&&>>&&A"
*************************************


====================================================== search constraint
depth limit reached: 13

====================================================== snapshot 
thread java.lang.Thread:{id:0,name:main,status:RUNNING,priority:5,isDaemon:false,lockCount:0,suspendCount:0}
  call stack:
	at securibench.micro.sanitizers.Sanitizers2.clean(Sanitizers2.java:42)
	at securibench.micro.sanitizers.Sanitizers2.doGet(Sanitizers2.java:31)
	at Main.main(Main.java:23)

$$$$$$$$$$$$$$$$$$$$$$$$$$$$$$$$
Calling Z3str3

Returned solutions: 
(define-fun string0 () String  "&&>>&<")
*************************************
Satisfiable: true
string0 => "&&>>&<"
*************************************

$$$$$$$$$$$$$$$$$$$$$$$$$$$$$$$$
Calling Z3str3

Returned solutions: 
(define-fun string0 () String  "&&>>&<")
*************************************
Satisfiable: true
string0 => "&&>>&<"
*************************************

$$$$$$$$$$$$$$$$$$$$$$$$$$$$$$$$
Calling Z3str3

Returned solutions: 
(define-fun string0 () String  "&&>>&<A")
*************************************
Satisfiable: true
string0 => "&&>>&<A"
*************************************


====================================================== search constraint
depth limit reached: 13

====================================================== snapshot 
thread java.lang.Thread:{id:0,name:main,status:RUNNING,priority:5,isDaemon:false,lockCount:0,suspendCount:0}
  call stack:
	at securibench.micro.sanitizers.Sanitizers2.clean(Sanitizers2.java:42)
	at securibench.micro.sanitizers.Sanitizers2.doGet(Sanitizers2.java:31)
	at Main.main(Main.java:23)

$$$$$$$$$$$$$$$$$$$$$$$$$$$$$$$$
Calling Z3str3

Returned solutions: 
(define-fun string0 () String  "&&>>&>")
*************************************
Satisfiable: true
string0 => "&&>>&>"
*************************************

$$$$$$$$$$$$$$$$$$$$$$$$$$$$$$$$
Calling Z3str3

Returned solutions: 
(define-fun string0 () String  "&&>>&>")
*************************************
Satisfiable: true
string0 => "&&>>&>"
*************************************

$$$$$$$$$$$$$$$$$$$$$$$$$$$$$$$$
Calling Z3str3

Returned solutions: 
(define-fun string0 () String  "&&>>&>A")
*************************************
Satisfiable: true
string0 => "&&>>&>A"
*************************************


====================================================== search constraint
depth limit reached: 13

====================================================== snapshot 
thread java.lang.Thread:{id:0,name:main,status:RUNNING,priority:5,isDaemon:false,lockCount:0,suspendCount:0}
  call stack:
	at securibench.micro.sanitizers.Sanitizers2.clean(Sanitizers2.java:42)
	at securibench.micro.sanitizers.Sanitizers2.doGet(Sanitizers2.java:31)
	at Main.main(Main.java:23)

$$$$$$$$$$$$$$$$$$$$$$$$$$$$$$$$
Calling Z3str3

Returned solutions: 
(define-fun string0 () String  "&&>>&A")
*************************************
Satisfiable: true
string0 => "&&>>&A"
*************************************

$$$$$$$$$$$$$$$$$$$$$$$$$$$$$$$$
Calling Z3str3

Returned solutions: 
(define-fun string0 () String  "&&>>&A")
*************************************
Satisfiable: true
string0 => "&&>>&A"
*************************************

$$$$$$$$$$$$$$$$$$$$$$$$$$$$$$$$
Calling Z3str3

Returned solutions: 
(define-fun string0 () String  "&&>>&_")
*************************************
Satisfiable: true
string0 => "&&>>&_"
*************************************


====================================================== search constraint
depth limit reached: 13

====================================================== snapshot 
thread java.lang.Thread:{id:0,name:main,status:RUNNING,priority:5,isDaemon:false,lockCount:0,suspendCount:0}
  call stack:
	at securibench.micro.sanitizers.Sanitizers2.clean(Sanitizers2.java:55)
	at securibench.micro.sanitizers.Sanitizers2.doGet(Sanitizers2.java:31)
	at Main.main(Main.java:23)

$$$$$$$$$$$$$$$$$$$$$$$$$$$$$$$$
Calling Z3str3

*************************************
Satisfiable: false
*************************************


====================================================== search constraint
depth limit reached: 13

====================================================== snapshot 
thread java.lang.Thread:{id:0,name:main,status:RUNNING,priority:5,isDaemon:false,lockCount:0,suspendCount:0}
  call stack:
	at mockx.servlet.http.HttpServletResponse.checkNoSymbolic(HttpServletResponse.java:40)
	at mockx.servlet.http.HttpServletResponse.access$000(HttpServletResponse.java:12)
	at mockx.servlet.http.HttpServletResponse$1.println(HttpServletResponse.java:22)
	at securibench.micro.sanitizers.Sanitizers2.doGet(Sanitizers2.java:36)
	at Main.main(Main.java:23)

$$$$$$$$$$$$$$$$$$$$$$$$$$$$$$$$
Calling Z3str3

Returned solutions: 
(define-fun string0 () String  "&&>>&")
*************************************
Satisfiable: true
string0 => "&&>>&"
*************************************


====================================================== search constraint
depth limit reached: 13

====================================================== snapshot 
thread java.lang.Thread:{id:0,name:main,status:RUNNING,priority:5,isDaemon:false,lockCount:0,suspendCount:0}
  call stack:
	at mockx.servlet.http.HttpServletResponse.checkNoSymbolic(HttpServletResponse.java:37)
	at mockx.servlet.http.HttpServletResponse.access$000(HttpServletResponse.java:12)
	at mockx.servlet.http.HttpServletResponse$1.println(HttpServletResponse.java:22)
	at securibench.micro.sanitizers.Sanitizers2.doGet(Sanitizers2.java:36)
	at Main.main(Main.java:23)

$$$$$$$$$$$$$$$$$$$$$$$$$$$$$$$$
Calling Z3str3

Returned solutions: 
(define-fun string0 () String  "&&>><")
*************************************
Satisfiable: true
string0 => "&&>><"
*************************************

$$$$$$$$$$$$$$$$$$$$$$$$$$$$$$$$
Calling Z3str3

Returned solutions: 
(define-fun string0 () String  "&&>><")
*************************************
Satisfiable: true
string0 => "&&>><"
*************************************

$$$$$$$$$$$$$$$$$$$$$$$$$$$$$$$$
Calling Z3str3

Returned solutions: 
(define-fun string0 () String  "&&>><A")
*************************************
Satisfiable: true
string0 => "&&>><A"
*************************************

$$$$$$$$$$$$$$$$$$$$$$$$$$$$$$$$
Calling Z3str3

Returned solutions: 
(define-fun string0 () String  "&&>><&")
*************************************
Satisfiable: true
string0 => "&&>><&"
*************************************

$$$$$$$$$$$$$$$$$$$$$$$$$$$$$$$$
Calling Z3str3

Returned solutions: 
(define-fun string0 () String  "&&>><&")
*************************************
Satisfiable: true
string0 => "&&>><&"
*************************************

$$$$$$$$$$$$$$$$$$$$$$$$$$$$$$$$
Calling Z3str3

Returned solutions: 
(define-fun string0 () String  "&&>><&A")
*************************************
Satisfiable: true
string0 => "&&>><&A"
*************************************


====================================================== search constraint
depth limit reached: 13

====================================================== snapshot 
thread java.lang.Thread:{id:0,name:main,status:RUNNING,priority:5,isDaemon:false,lockCount:0,suspendCount:0}
  call stack:
	at securibench.micro.sanitizers.Sanitizers2.clean(Sanitizers2.java:42)
	at securibench.micro.sanitizers.Sanitizers2.doGet(Sanitizers2.java:31)
	at Main.main(Main.java:23)

$$$$$$$$$$$$$$$$$$$$$$$$$$$$$$$$
Calling Z3str3

Returned solutions: 
(define-fun string0 () String  "&&>><<")
*************************************
Satisfiable: true
string0 => "&&>><<"
*************************************

$$$$$$$$$$$$$$$$$$$$$$$$$$$$$$$$
Calling Z3str3

Returned solutions: 
(define-fun string0 () String  "&&>><<")
*************************************
Satisfiable: true
string0 => "&&>><<"
*************************************

$$$$$$$$$$$$$$$$$$$$$$$$$$$$$$$$
Calling Z3str3

Returned solutions: 
(define-fun string0 () String  "&&>><<A")
*************************************
Satisfiable: true
string0 => "&&>><<A"
*************************************


====================================================== search constraint
depth limit reached: 13

====================================================== snapshot 
thread java.lang.Thread:{id:0,name:main,status:RUNNING,priority:5,isDaemon:false,lockCount:0,suspendCount:0}
  call stack:
	at securibench.micro.sanitizers.Sanitizers2.clean(Sanitizers2.java:42)
	at securibench.micro.sanitizers.Sanitizers2.doGet(Sanitizers2.java:31)
	at Main.main(Main.java:23)

$$$$$$$$$$$$$$$$$$$$$$$$$$$$$$$$
Calling Z3str3

Returned solutions: 
(define-fun string0 () String  "&&>><>")
*************************************
Satisfiable: true
string0 => "&&>><>"
*************************************

$$$$$$$$$$$$$$$$$$$$$$$$$$$$$$$$
Calling Z3str3

Returned solutions: 
(define-fun string0 () String  "&&>><>")
*************************************
Satisfiable: true
string0 => "&&>><>"
*************************************

$$$$$$$$$$$$$$$$$$$$$$$$$$$$$$$$
Calling Z3str3

Returned solutions: 
(define-fun string0 () String  "&&>><>A")
*************************************
Satisfiable: true
string0 => "&&>><>A"
*************************************


====================================================== search constraint
depth limit reached: 13

====================================================== snapshot 
thread java.lang.Thread:{id:0,name:main,status:RUNNING,priority:5,isDaemon:false,lockCount:0,suspendCount:0}
  call stack:
	at securibench.micro.sanitizers.Sanitizers2.clean(Sanitizers2.java:42)
	at securibench.micro.sanitizers.Sanitizers2.doGet(Sanitizers2.java:31)
	at Main.main(Main.java:23)

$$$$$$$$$$$$$$$$$$$$$$$$$$$$$$$$
Calling Z3str3

Returned solutions: 
(define-fun string0 () String  "&&>><A")
*************************************
Satisfiable: true
string0 => "&&>><A"
*************************************

$$$$$$$$$$$$$$$$$$$$$$$$$$$$$$$$
Calling Z3str3

Returned solutions: 
(define-fun string0 () String  "&&>><A")
*************************************
Satisfiable: true
string0 => "&&>><A"
*************************************

$$$$$$$$$$$$$$$$$$$$$$$$$$$$$$$$
Calling Z3str3

Returned solutions: 
(define-fun string0 () String  "&&>><_")
*************************************
Satisfiable: true
string0 => "&&>><_"
*************************************


====================================================== search constraint
depth limit reached: 13

====================================================== snapshot 
thread java.lang.Thread:{id:0,name:main,status:RUNNING,priority:5,isDaemon:false,lockCount:0,suspendCount:0}
  call stack:
	at securibench.micro.sanitizers.Sanitizers2.clean(Sanitizers2.java:55)
	at securibench.micro.sanitizers.Sanitizers2.doGet(Sanitizers2.java:31)
	at Main.main(Main.java:23)

$$$$$$$$$$$$$$$$$$$$$$$$$$$$$$$$
Calling Z3str3

*************************************
Satisfiable: false
*************************************


====================================================== search constraint
depth limit reached: 13

====================================================== snapshot 
thread java.lang.Thread:{id:0,name:main,status:RUNNING,priority:5,isDaemon:false,lockCount:0,suspendCount:0}
  call stack:
	at mockx.servlet.http.HttpServletResponse.checkNoSymbolic(HttpServletResponse.java:40)
	at mockx.servlet.http.HttpServletResponse.access$000(HttpServletResponse.java:12)
	at mockx.servlet.http.HttpServletResponse$1.println(HttpServletResponse.java:22)
	at securibench.micro.sanitizers.Sanitizers2.doGet(Sanitizers2.java:36)
	at Main.main(Main.java:23)

$$$$$$$$$$$$$$$$$$$$$$$$$$$$$$$$
Calling Z3str3

Returned solutions: 
(define-fun string0 () String  "&&>><")
*************************************
Satisfiable: true
string0 => "&&>><"
*************************************


====================================================== search constraint
depth limit reached: 13

====================================================== snapshot 
thread java.lang.Thread:{id:0,name:main,status:RUNNING,priority:5,isDaemon:false,lockCount:0,suspendCount:0}
  call stack:
	at mockx.servlet.http.HttpServletResponse.checkNoSymbolic(HttpServletResponse.java:37)
	at mockx.servlet.http.HttpServletResponse.access$000(HttpServletResponse.java:12)
	at mockx.servlet.http.HttpServletResponse$1.println(HttpServletResponse.java:22)
	at securibench.micro.sanitizers.Sanitizers2.doGet(Sanitizers2.java:36)
	at Main.main(Main.java:23)

$$$$$$$$$$$$$$$$$$$$$$$$$$$$$$$$
Calling Z3str3

Returned solutions: 
(define-fun string0 () String  "&&>>>")
*************************************
Satisfiable: true
string0 => "&&>>>"
*************************************

$$$$$$$$$$$$$$$$$$$$$$$$$$$$$$$$
Calling Z3str3

Returned solutions: 
(define-fun string0 () String  "&&>>>")
*************************************
Satisfiable: true
string0 => "&&>>>"
*************************************

$$$$$$$$$$$$$$$$$$$$$$$$$$$$$$$$
Calling Z3str3

Returned solutions: 
(define-fun string0 () String  "&&>>>A")
*************************************
Satisfiable: true
string0 => "&&>>>A"
*************************************

$$$$$$$$$$$$$$$$$$$$$$$$$$$$$$$$
Calling Z3str3

Returned solutions: 
(define-fun string0 () String  "&&>>>&")
*************************************
Satisfiable: true
string0 => "&&>>>&"
*************************************

$$$$$$$$$$$$$$$$$$$$$$$$$$$$$$$$
Calling Z3str3

Returned solutions: 
(define-fun string0 () String  "&&>>>&")
*************************************
Satisfiable: true
string0 => "&&>>>&"
*************************************

$$$$$$$$$$$$$$$$$$$$$$$$$$$$$$$$
Calling Z3str3

Returned solutions: 
(define-fun string0 () String  "&&>>>&A")
*************************************
Satisfiable: true
string0 => "&&>>>&A"
*************************************


====================================================== search constraint
depth limit reached: 13

====================================================== snapshot 
thread java.lang.Thread:{id:0,name:main,status:RUNNING,priority:5,isDaemon:false,lockCount:0,suspendCount:0}
  call stack:
	at securibench.micro.sanitizers.Sanitizers2.clean(Sanitizers2.java:42)
	at securibench.micro.sanitizers.Sanitizers2.doGet(Sanitizers2.java:31)
	at Main.main(Main.java:23)

$$$$$$$$$$$$$$$$$$$$$$$$$$$$$$$$
Calling Z3str3

Returned solutions: 
(define-fun string0 () String  "&&>>><")
*************************************
Satisfiable: true
string0 => "&&>>><"
*************************************

$$$$$$$$$$$$$$$$$$$$$$$$$$$$$$$$
Calling Z3str3

Returned solutions: 
(define-fun string0 () String  "&&>>><")
*************************************
Satisfiable: true
string0 => "&&>>><"
*************************************

$$$$$$$$$$$$$$$$$$$$$$$$$$$$$$$$
Calling Z3str3

Returned solutions: 
(define-fun string0 () String  "&&>>><A")
*************************************
Satisfiable: true
string0 => "&&>>><A"
*************************************


====================================================== search constraint
depth limit reached: 13

====================================================== snapshot 
thread java.lang.Thread:{id:0,name:main,status:RUNNING,priority:5,isDaemon:false,lockCount:0,suspendCount:0}
  call stack:
	at securibench.micro.sanitizers.Sanitizers2.clean(Sanitizers2.java:42)
	at securibench.micro.sanitizers.Sanitizers2.doGet(Sanitizers2.java:31)
	at Main.main(Main.java:23)

$$$$$$$$$$$$$$$$$$$$$$$$$$$$$$$$
Calling Z3str3

Returned solutions: 
(define-fun string0 () String  "&&>>>>")
*************************************
Satisfiable: true
string0 => "&&>>>>"
*************************************

$$$$$$$$$$$$$$$$$$$$$$$$$$$$$$$$
Calling Z3str3

Returned solutions: 
(define-fun string0 () String  "&&>>>>")
*************************************
Satisfiable: true
string0 => "&&>>>>"
*************************************

$$$$$$$$$$$$$$$$$$$$$$$$$$$$$$$$
Calling Z3str3

Returned solutions: 
(define-fun string0 () String  "&&>>>>A")
*************************************
Satisfiable: true
string0 => "&&>>>>A"
*************************************


====================================================== search constraint
depth limit reached: 13

====================================================== snapshot 
thread java.lang.Thread:{id:0,name:main,status:RUNNING,priority:5,isDaemon:false,lockCount:0,suspendCount:0}
  call stack:
	at securibench.micro.sanitizers.Sanitizers2.clean(Sanitizers2.java:42)
	at securibench.micro.sanitizers.Sanitizers2.doGet(Sanitizers2.java:31)
	at Main.main(Main.java:23)

$$$$$$$$$$$$$$$$$$$$$$$$$$$$$$$$
Calling Z3str3

Returned solutions: 
(define-fun string0 () String  "&&>>>A")
*************************************
Satisfiable: true
string0 => "&&>>>A"
*************************************

$$$$$$$$$$$$$$$$$$$$$$$$$$$$$$$$
Calling Z3str3

Returned solutions: 
(define-fun string0 () String  "&&>>>A")
*************************************
Satisfiable: true
string0 => "&&>>>A"
*************************************

$$$$$$$$$$$$$$$$$$$$$$$$$$$$$$$$
Calling Z3str3

Returned solutions: 
(define-fun string0 () String  "&&>>>_")
*************************************
Satisfiable: true
string0 => "&&>>>_"
*************************************


====================================================== search constraint
depth limit reached: 13

====================================================== snapshot 
thread java.lang.Thread:{id:0,name:main,status:RUNNING,priority:5,isDaemon:false,lockCount:0,suspendCount:0}
  call stack:
	at securibench.micro.sanitizers.Sanitizers2.clean(Sanitizers2.java:55)
	at securibench.micro.sanitizers.Sanitizers2.doGet(Sanitizers2.java:31)
	at Main.main(Main.java:23)

$$$$$$$$$$$$$$$$$$$$$$$$$$$$$$$$
Calling Z3str3

*************************************
Satisfiable: false
*************************************


====================================================== search constraint
depth limit reached: 13

====================================================== snapshot 
thread java.lang.Thread:{id:0,name:main,status:RUNNING,priority:5,isDaemon:false,lockCount:0,suspendCount:0}
  call stack:
	at mockx.servlet.http.HttpServletResponse.checkNoSymbolic(HttpServletResponse.java:40)
	at mockx.servlet.http.HttpServletResponse.access$000(HttpServletResponse.java:12)
	at mockx.servlet.http.HttpServletResponse$1.println(HttpServletResponse.java:22)
	at securibench.micro.sanitizers.Sanitizers2.doGet(Sanitizers2.java:36)
	at Main.main(Main.java:23)

$$$$$$$$$$$$$$$$$$$$$$$$$$$$$$$$
Calling Z3str3

Returned solutions: 
(define-fun string0 () String  "&&>>>")
*************************************
Satisfiable: true
string0 => "&&>>>"
*************************************


====================================================== search constraint
depth limit reached: 13

====================================================== snapshot 
thread java.lang.Thread:{id:0,name:main,status:RUNNING,priority:5,isDaemon:false,lockCount:0,suspendCount:0}
  call stack:
	at mockx.servlet.http.HttpServletResponse.checkNoSymbolic(HttpServletResponse.java:37)
	at mockx.servlet.http.HttpServletResponse.access$000(HttpServletResponse.java:12)
	at mockx.servlet.http.HttpServletResponse$1.println(HttpServletResponse.java:22)
	at securibench.micro.sanitizers.Sanitizers2.doGet(Sanitizers2.java:36)
	at Main.main(Main.java:23)

$$$$$$$$$$$$$$$$$$$$$$$$$$$$$$$$
Calling Z3str3

Returned solutions: 
(define-fun string0 () String  "&&>>A")
*************************************
Satisfiable: true
string0 => "&&>>A"
*************************************

$$$$$$$$$$$$$$$$$$$$$$$$$$$$$$$$
Calling Z3str3

Returned solutions: 
(define-fun string0 () String  "&&>>A")
*************************************
Satisfiable: true
string0 => "&&>>A"
*************************************

$$$$$$$$$$$$$$$$$$$$$$$$$$$$$$$$
Calling Z3str3

Returned solutions: 
(define-fun string0 () String  "&&>>_")
*************************************
Satisfiable: true
string0 => "&&>>_"
*************************************

$$$$$$$$$$$$$$$$$$$$$$$$$$$$$$$$
Calling Z3str3

Returned solutions: 
(define-fun string0 () String  "&&>>_")
*************************************
Satisfiable: true
string0 => "&&>>_"
*************************************

$$$$$$$$$$$$$$$$$$$$$$$$$$$$$$$$
Calling Z3str3

Returned solutions: 
(define-fun string0 () String  "&&>>_A")
*************************************
Satisfiable: true
string0 => "&&>>_A"
*************************************


====================================================== search constraint
depth limit reached: 13

====================================================== snapshot 
thread java.lang.Thread:{id:0,name:main,status:RUNNING,priority:5,isDaemon:false,lockCount:0,suspendCount:0}
  call stack:
	at securibench.micro.sanitizers.Sanitizers2.clean(Sanitizers2.java:44)
	at securibench.micro.sanitizers.Sanitizers2.doGet(Sanitizers2.java:31)
	at Main.main(Main.java:23)


====================================================== search constraint
depth limit reached: 13

====================================================== snapshot 
thread java.lang.Thread:{id:0,name:main,status:RUNNING,priority:5,isDaemon:false,lockCount:0,suspendCount:0}
  call stack:
	at mockx.servlet.http.HttpServletResponse.checkNoSymbolic(HttpServletResponse.java:37)
	at mockx.servlet.http.HttpServletResponse.access$000(HttpServletResponse.java:12)
	at mockx.servlet.http.HttpServletResponse$1.println(HttpServletResponse.java:22)
	at securibench.micro.sanitizers.Sanitizers2.doGet(Sanitizers2.java:36)
	at Main.main(Main.java:23)

$$$$$$$$$$$$$$$$$$$$$$$$$$$$$$$$
Calling Z3str3

Returned solutions: 
(define-fun string0 () String  "&&>>A")
*************************************
Satisfiable: true
string0 => "&&>>A"
*************************************

$$$$$$$$$$$$$$$$$$$$$$$$$$$$$$$$
Calling Z3str3

Returned solutions: 
(define-fun string0 () String  "&&>>AB")
*************************************
Satisfiable: true
string0 => "&&>>AB"
*************************************


====================================================== search constraint
depth limit reached: 13

====================================================== snapshot 
thread java.lang.Thread:{id:0,name:main,status:RUNNING,priority:5,isDaemon:false,lockCount:0,suspendCount:0}
  call stack:
	at securibench.micro.sanitizers.Sanitizers2.clean(Sanitizers2.java:44)
	at securibench.micro.sanitizers.Sanitizers2.doGet(Sanitizers2.java:31)
	at Main.main(Main.java:23)


====================================================== search constraint
depth limit reached: 13

====================================================== snapshot 
thread java.lang.Thread:{id:0,name:main,status:RUNNING,priority:5,isDaemon:false,lockCount:0,suspendCount:0}
  call stack:
	at mockx.servlet.http.HttpServletResponse.checkNoSymbolic(HttpServletResponse.java:37)
	at mockx.servlet.http.HttpServletResponse.access$000(HttpServletResponse.java:12)
	at mockx.servlet.http.HttpServletResponse$1.println(HttpServletResponse.java:22)
	at securibench.micro.sanitizers.Sanitizers2.doGet(Sanitizers2.java:36)
	at Main.main(Main.java:23)

$$$$$$$$$$$$$$$$$$$$$$$$$$$$$$$$
Calling Z3str3

*************************************
Satisfiable: false
*************************************

$$$$$$$$$$$$$$$$$$$$$$$$$$$$$$$$
Calling Z3str3

Returned solutions: 
(define-fun string0 () String  "&&>>")
*************************************
Satisfiable: true
string0 => "&&>>"
*************************************

$$$$$$$$$$$$$$$$$$$$$$$$$$$$$$$$
Calling Z3str3

*************************************
Satisfiable: false
*************************************

$$$$$$$$$$$$$$$$$$$$$$$$$$$$$$$$
Calling Z3str3

Returned solutions: 
(define-fun string0 () String  "&&>>")
*************************************
Satisfiable: true
string0 => "&&>>"
*************************************

$$$$$$$$$$$$$$$$$$$$$$$$$$$$$$$$
Calling Z3str3

*************************************
Satisfiable: false
*************************************

$$$$$$$$$$$$$$$$$$$$$$$$$$$$$$$$
Calling Z3str3

Returned solutions: 
(define-fun string0 () String  "&&>A")
*************************************
Satisfiable: true
string0 => "&&>A"
*************************************

$$$$$$$$$$$$$$$$$$$$$$$$$$$$$$$$
Calling Z3str3

Returned solutions: 
(define-fun string0 () String  "&&>A")
*************************************
Satisfiable: true
string0 => "&&>A"
*************************************

$$$$$$$$$$$$$$$$$$$$$$$$$$$$$$$$
Calling Z3str3

Returned solutions: 
(define-fun string0 () String  "&&>_")
*************************************
Satisfiable: true
string0 => "&&>_"
*************************************

$$$$$$$$$$$$$$$$$$$$$$$$$$$$$$$$
Calling Z3str3

Returned solutions: 
(define-fun string0 () String  "&&>_")
*************************************
Satisfiable: true
string0 => "&&>_"
*************************************

$$$$$$$$$$$$$$$$$$$$$$$$$$$$$$$$
Calling Z3str3

Returned solutions: 
(define-fun string0 () String  "&&>_AB")
*************************************
Satisfiable: true
string0 => "&&>_AB"
*************************************

$$$$$$$$$$$$$$$$$$$$$$$$$$$$$$$$
Calling Z3str3

Returned solutions: 
(define-fun string0 () String  "&&>_&")
*************************************
Satisfiable: true
string0 => "&&>_&"
*************************************

$$$$$$$$$$$$$$$$$$$$$$$$$$$$$$$$
Calling Z3str3

Returned solutions: 
(define-fun string0 () String  "&&>_&")
*************************************
Satisfiable: true
string0 => "&&>_&"
*************************************

$$$$$$$$$$$$$$$$$$$$$$$$$$$$$$$$
Calling Z3str3

Returned solutions: 
(define-fun string0 () String  "&&>_&A")
*************************************
Satisfiable: true
string0 => "&&>_&A"
*************************************


====================================================== search constraint
depth limit reached: 13

====================================================== snapshot 
thread java.lang.Thread:{id:0,name:main,status:RUNNING,priority:5,isDaemon:false,lockCount:0,suspendCount:0}
  call stack:
	at securibench.micro.sanitizers.Sanitizers2.clean(Sanitizers2.java:44)
	at securibench.micro.sanitizers.Sanitizers2.doGet(Sanitizers2.java:31)
	at Main.main(Main.java:23)


====================================================== search constraint
depth limit reached: 13

====================================================== snapshot 
thread java.lang.Thread:{id:0,name:main,status:RUNNING,priority:5,isDaemon:false,lockCount:0,suspendCount:0}
  call stack:
	at mockx.servlet.http.HttpServletResponse.checkNoSymbolic(HttpServletResponse.java:37)
	at mockx.servlet.http.HttpServletResponse.access$000(HttpServletResponse.java:12)
	at mockx.servlet.http.HttpServletResponse$1.println(HttpServletResponse.java:22)
	at securibench.micro.sanitizers.Sanitizers2.doGet(Sanitizers2.java:36)
	at Main.main(Main.java:23)

$$$$$$$$$$$$$$$$$$$$$$$$$$$$$$$$
Calling Z3str3

Returned solutions: 
(define-fun string0 () String  "&&>_<")
*************************************
Satisfiable: true
string0 => "&&>_<"
*************************************

$$$$$$$$$$$$$$$$$$$$$$$$$$$$$$$$
Calling Z3str3

Returned solutions: 
(define-fun string0 () String  "&&>_<")
*************************************
Satisfiable: true
string0 => "&&>_<"
*************************************

$$$$$$$$$$$$$$$$$$$$$$$$$$$$$$$$
Calling Z3str3

Returned solutions: 
(define-fun string0 () String  "&&>_<A")
*************************************
Satisfiable: true
string0 => "&&>_<A"
*************************************


====================================================== search constraint
depth limit reached: 13

====================================================== snapshot 
thread java.lang.Thread:{id:0,name:main,status:RUNNING,priority:5,isDaemon:false,lockCount:0,suspendCount:0}
  call stack:
	at securibench.micro.sanitizers.Sanitizers2.clean(Sanitizers2.java:44)
	at securibench.micro.sanitizers.Sanitizers2.doGet(Sanitizers2.java:31)
	at Main.main(Main.java:23)


====================================================== search constraint
depth limit reached: 13

====================================================== snapshot 
thread java.lang.Thread:{id:0,name:main,status:RUNNING,priority:5,isDaemon:false,lockCount:0,suspendCount:0}
  call stack:
	at mockx.servlet.http.HttpServletResponse.checkNoSymbolic(HttpServletResponse.java:37)
	at mockx.servlet.http.HttpServletResponse.access$000(HttpServletResponse.java:12)
	at mockx.servlet.http.HttpServletResponse$1.println(HttpServletResponse.java:22)
	at securibench.micro.sanitizers.Sanitizers2.doGet(Sanitizers2.java:36)
	at Main.main(Main.java:23)

$$$$$$$$$$$$$$$$$$$$$$$$$$$$$$$$
Calling Z3str3

Returned solutions: 
(define-fun string0 () String  "&&>_>")
*************************************
Satisfiable: true
string0 => "&&>_>"
*************************************

$$$$$$$$$$$$$$$$$$$$$$$$$$$$$$$$
Calling Z3str3

Returned solutions: 
(define-fun string0 () String  "&&>_>")
*************************************
Satisfiable: true
string0 => "&&>_>"
*************************************

$$$$$$$$$$$$$$$$$$$$$$$$$$$$$$$$
Calling Z3str3

Returned solutions: 
(define-fun string0 () String  "&&>_>A")
*************************************
Satisfiable: true
string0 => "&&>_>A"
*************************************


====================================================== search constraint
depth limit reached: 13

====================================================== snapshot 
thread java.lang.Thread:{id:0,name:main,status:RUNNING,priority:5,isDaemon:false,lockCount:0,suspendCount:0}
  call stack:
	at securibench.micro.sanitizers.Sanitizers2.clean(Sanitizers2.java:44)
	at securibench.micro.sanitizers.Sanitizers2.doGet(Sanitizers2.java:31)
	at Main.main(Main.java:23)


====================================================== search constraint
depth limit reached: 13

====================================================== snapshot 
thread java.lang.Thread:{id:0,name:main,status:RUNNING,priority:5,isDaemon:false,lockCount:0,suspendCount:0}
  call stack:
	at mockx.servlet.http.HttpServletResponse.checkNoSymbolic(HttpServletResponse.java:37)
	at mockx.servlet.http.HttpServletResponse.access$000(HttpServletResponse.java:12)
	at mockx.servlet.http.HttpServletResponse$1.println(HttpServletResponse.java:22)
	at securibench.micro.sanitizers.Sanitizers2.doGet(Sanitizers2.java:36)
	at Main.main(Main.java:23)

$$$$$$$$$$$$$$$$$$$$$$$$$$$$$$$$
Calling Z3str3

Returned solutions: 
(define-fun string0 () String  "&&>_A")
*************************************
Satisfiable: true
string0 => "&&>_A"
*************************************

$$$$$$$$$$$$$$$$$$$$$$$$$$$$$$$$
Calling Z3str3

Returned solutions: 
(define-fun string0 () String  "&&>_A")
*************************************
Satisfiable: true
string0 => "&&>_A"
*************************************

$$$$$$$$$$$$$$$$$$$$$$$$$$$$$$$$
Calling Z3str3

Returned solutions: 
(define-fun string0 () String  "&&>__")
*************************************
Satisfiable: true
string0 => "&&>__"
*************************************

$$$$$$$$$$$$$$$$$$$$$$$$$$$$$$$$
Calling Z3str3

Returned solutions: 
(define-fun string0 () String  "&&>__")
*************************************
Satisfiable: true
string0 => "&&>__"
*************************************

$$$$$$$$$$$$$$$$$$$$$$$$$$$$$$$$
Calling Z3str3

Returned solutions: 
(define-fun string0 () String  "&&>__A")
*************************************
Satisfiable: true
string0 => "&&>__A"
*************************************


====================================================== search constraint
depth limit reached: 13

====================================================== snapshot 
thread java.lang.Thread:{id:0,name:main,status:RUNNING,priority:5,isDaemon:false,lockCount:0,suspendCount:0}
  call stack:
	at securibench.micro.sanitizers.Sanitizers2.clean(Sanitizers2.java:42)
	at securibench.micro.sanitizers.Sanitizers2.doGet(Sanitizers2.java:31)
	at Main.main(Main.java:23)

$$$$$$$$$$$$$$$$$$$$$$$$$$$$$$$$
Calling Z3str3

Returned solutions: 
(define-fun string0 () String  "&&>_A")
*************************************
Satisfiable: true
string0 => "&&>_A"
*************************************

$$$$$$$$$$$$$$$$$$$$$$$$$$$$$$$$
Calling Z3str3

Returned solutions: 
(define-fun string0 () String  "&&>_AB")
*************************************
Satisfiable: true
string0 => "&&>_AB"
*************************************


====================================================== search constraint
depth limit reached: 13

====================================================== snapshot 
thread java.lang.Thread:{id:0,name:main,status:RUNNING,priority:5,isDaemon:false,lockCount:0,suspendCount:0}
  call stack:
	at securibench.micro.sanitizers.Sanitizers2.clean(Sanitizers2.java:42)
	at securibench.micro.sanitizers.Sanitizers2.doGet(Sanitizers2.java:31)
	at Main.main(Main.java:23)

$$$$$$$$$$$$$$$$$$$$$$$$$$$$$$$$
Calling Z3str3

*************************************
Satisfiable: false
*************************************

$$$$$$$$$$$$$$$$$$$$$$$$$$$$$$$$
Calling Z3str3

Returned solutions: 
(define-fun string0 () String  "&&>_")
*************************************
Satisfiable: true
string0 => "&&>_"
*************************************

$$$$$$$$$$$$$$$$$$$$$$$$$$$$$$$$
Calling Z3str3

*************************************
Satisfiable: false
*************************************


====================================================== search constraint
depth limit reached: 13

====================================================== snapshot 
thread java.lang.Thread:{id:0,name:main,status:RUNNING,priority:5,isDaemon:false,lockCount:0,suspendCount:0}
  call stack:
	at mockx.servlet.http.HttpServletResponse.checkNoSymbolic(HttpServletResponse.java:37)
	at mockx.servlet.http.HttpServletResponse.access$000(HttpServletResponse.java:12)
	at mockx.servlet.http.HttpServletResponse$1.println(HttpServletResponse.java:22)
	at securibench.micro.sanitizers.Sanitizers2.doGet(Sanitizers2.java:36)
	at Main.main(Main.java:23)

$$$$$$$$$$$$$$$$$$$$$$$$$$$$$$$$
Calling Z3str3

Returned solutions: 
(define-fun string0 () String  "&&>_")
*************************************
Satisfiable: true
string0 => "&&>_"
*************************************


====================================================== search constraint
depth limit reached: 13

====================================================== snapshot 
no live threads
$$$$$$$$$$$$$$$$$$$$$$$$$$$$$$$$
Calling Z3str3

*************************************
Satisfiable: false
*************************************


====================================================== search constraint
depth limit reached: 13

====================================================== snapshot 
thread java.lang.Thread:{id:0,name:main,status:RUNNING,priority:5,isDaemon:false,lockCount:0,suspendCount:0}
  call stack:
	at mockx.servlet.http.HttpServletResponse.checkNoSymbolic(HttpServletResponse.java:37)
	at mockx.servlet.http.HttpServletResponse.access$000(HttpServletResponse.java:12)
	at mockx.servlet.http.HttpServletResponse$1.println(HttpServletResponse.java:22)
	at securibench.micro.sanitizers.Sanitizers2.doGet(Sanitizers2.java:36)
	at Main.main(Main.java:23)

$$$$$$$$$$$$$$$$$$$$$$$$$$$$$$$$
Calling Z3str3

Returned solutions: 
(define-fun string0 () String  "&&>A")
*************************************
Satisfiable: true
string0 => "&&>A"
*************************************

$$$$$$$$$$$$$$$$$$$$$$$$$$$$$$$$
Calling Z3str3

Returned solutions: 
(define-fun string0 () String  "&&>AB")
*************************************
Satisfiable: true
string0 => "&&>AB"
*************************************

$$$$$$$$$$$$$$$$$$$$$$$$$$$$$$$$
Calling Z3str3

Returned solutions: 
(define-fun string0 () String  "&&>A&")
*************************************
Satisfiable: true
string0 => "&&>A&"
*************************************

$$$$$$$$$$$$$$$$$$$$$$$$$$$$$$$$
Calling Z3str3

Returned solutions: 
(define-fun string0 () String  "&&>A&")
*************************************
Satisfiable: true
string0 => "&&>A&"
*************************************

$$$$$$$$$$$$$$$$$$$$$$$$$$$$$$$$
Calling Z3str3

Returned solutions: 
(define-fun string0 () String  "&&>A&B")
*************************************
Satisfiable: true
string0 => "&&>A&B"
*************************************


====================================================== search constraint
depth limit reached: 13

====================================================== snapshot 
thread java.lang.Thread:{id:0,name:main,status:RUNNING,priority:5,isDaemon:false,lockCount:0,suspendCount:0}
  call stack:
	at securibench.micro.sanitizers.Sanitizers2.clean(Sanitizers2.java:44)
	at securibench.micro.sanitizers.Sanitizers2.doGet(Sanitizers2.java:31)
	at Main.main(Main.java:23)


====================================================== search constraint
depth limit reached: 13

====================================================== snapshot 
thread java.lang.Thread:{id:0,name:main,status:RUNNING,priority:5,isDaemon:false,lockCount:0,suspendCount:0}
  call stack:
	at mockx.servlet.http.HttpServletResponse.checkNoSymbolic(HttpServletResponse.java:37)
	at mockx.servlet.http.HttpServletResponse.access$000(HttpServletResponse.java:12)
	at mockx.servlet.http.HttpServletResponse$1.println(HttpServletResponse.java:22)
	at securibench.micro.sanitizers.Sanitizers2.doGet(Sanitizers2.java:36)
	at Main.main(Main.java:23)

$$$$$$$$$$$$$$$$$$$$$$$$$$$$$$$$
Calling Z3str3

Returned solutions: 
(define-fun string0 () String  "&&>A<")
*************************************
Satisfiable: true
string0 => "&&>A<"
*************************************

$$$$$$$$$$$$$$$$$$$$$$$$$$$$$$$$
Calling Z3str3

Returned solutions: 
(define-fun string0 () String  "&&>A<")
*************************************
Satisfiable: true
string0 => "&&>A<"
*************************************

$$$$$$$$$$$$$$$$$$$$$$$$$$$$$$$$
Calling Z3str3

Returned solutions: 
(define-fun string0 () String  "&&>A<B")
*************************************
Satisfiable: true
string0 => "&&>A<B"
*************************************


====================================================== search constraint
depth limit reached: 13

====================================================== snapshot 
thread java.lang.Thread:{id:0,name:main,status:RUNNING,priority:5,isDaemon:false,lockCount:0,suspendCount:0}
  call stack:
	at securibench.micro.sanitizers.Sanitizers2.clean(Sanitizers2.java:44)
	at securibench.micro.sanitizers.Sanitizers2.doGet(Sanitizers2.java:31)
	at Main.main(Main.java:23)


====================================================== search constraint
depth limit reached: 13

====================================================== snapshot 
thread java.lang.Thread:{id:0,name:main,status:RUNNING,priority:5,isDaemon:false,lockCount:0,suspendCount:0}
  call stack:
	at mockx.servlet.http.HttpServletResponse.checkNoSymbolic(HttpServletResponse.java:37)
	at mockx.servlet.http.HttpServletResponse.access$000(HttpServletResponse.java:12)
	at mockx.servlet.http.HttpServletResponse$1.println(HttpServletResponse.java:22)
	at securibench.micro.sanitizers.Sanitizers2.doGet(Sanitizers2.java:36)
	at Main.main(Main.java:23)

$$$$$$$$$$$$$$$$$$$$$$$$$$$$$$$$
Calling Z3str3

Returned solutions: 
(define-fun string0 () String  "&&>A>")
*************************************
Satisfiable: true
string0 => "&&>A>"
*************************************

$$$$$$$$$$$$$$$$$$$$$$$$$$$$$$$$
Calling Z3str3

Returned solutions: 
(define-fun string0 () String  "&&>A>")
*************************************
Satisfiable: true
string0 => "&&>A>"
*************************************

$$$$$$$$$$$$$$$$$$$$$$$$$$$$$$$$
Calling Z3str3

Returned solutions: 
(define-fun string0 () String  "&&>A>B")
*************************************
Satisfiable: true
string0 => "&&>A>B"
*************************************


====================================================== search constraint
depth limit reached: 13

====================================================== snapshot 
thread java.lang.Thread:{id:0,name:main,status:RUNNING,priority:5,isDaemon:false,lockCount:0,suspendCount:0}
  call stack:
	at securibench.micro.sanitizers.Sanitizers2.clean(Sanitizers2.java:44)
	at securibench.micro.sanitizers.Sanitizers2.doGet(Sanitizers2.java:31)
	at Main.main(Main.java:23)


====================================================== search constraint
depth limit reached: 13

====================================================== snapshot 
thread java.lang.Thread:{id:0,name:main,status:RUNNING,priority:5,isDaemon:false,lockCount:0,suspendCount:0}
  call stack:
	at mockx.servlet.http.HttpServletResponse.checkNoSymbolic(HttpServletResponse.java:37)
	at mockx.servlet.http.HttpServletResponse.access$000(HttpServletResponse.java:12)
	at mockx.servlet.http.HttpServletResponse$1.println(HttpServletResponse.java:22)
	at securibench.micro.sanitizers.Sanitizers2.doGet(Sanitizers2.java:36)
	at Main.main(Main.java:23)

$$$$$$$$$$$$$$$$$$$$$$$$$$$$$$$$
Calling Z3str3

Returned solutions: 
(define-fun string0 () String  "&&>AB")
*************************************
Satisfiable: true
string0 => "&&>AB"
*************************************

$$$$$$$$$$$$$$$$$$$$$$$$$$$$$$$$
Calling Z3str3

Returned solutions: 
(define-fun string0 () String  "&&>AB")
*************************************
Satisfiable: true
string0 => "&&>AB"
*************************************

$$$$$$$$$$$$$$$$$$$$$$$$$$$$$$$$
Calling Z3str3

Returned solutions: 
(define-fun string0 () String  "&&>A_")
*************************************
Satisfiable: true
string0 => "&&>A_"
*************************************

$$$$$$$$$$$$$$$$$$$$$$$$$$$$$$$$
Calling Z3str3

Returned solutions: 
(define-fun string0 () String  "&&>A_")
*************************************
Satisfiable: true
string0 => "&&>A_"
*************************************

$$$$$$$$$$$$$$$$$$$$$$$$$$$$$$$$
Calling Z3str3

Returned solutions: 
(define-fun string0 () String  "&&>A_B")
*************************************
Satisfiable: true
string0 => "&&>A_B"
*************************************


====================================================== search constraint
depth limit reached: 13

====================================================== snapshot 
thread java.lang.Thread:{id:0,name:main,status:RUNNING,priority:5,isDaemon:false,lockCount:0,suspendCount:0}
  call stack:
	at securibench.micro.sanitizers.Sanitizers2.clean(Sanitizers2.java:42)
	at securibench.micro.sanitizers.Sanitizers2.doGet(Sanitizers2.java:31)
	at Main.main(Main.java:23)

$$$$$$$$$$$$$$$$$$$$$$$$$$$$$$$$
Calling Z3str3

Returned solutions: 
(define-fun string0 () String  "&&>AB")
*************************************
Satisfiable: true
string0 => "&&>AB"
*************************************

$$$$$$$$$$$$$$$$$$$$$$$$$$$$$$$$
Calling Z3str3

Returned solutions: 
(define-fun string0 () String  "&&>ABC")
*************************************
Satisfiable: true
string0 => "&&>ABC"
*************************************


====================================================== search constraint
depth limit reached: 13

====================================================== snapshot 
thread java.lang.Thread:{id:0,name:main,status:RUNNING,priority:5,isDaemon:false,lockCount:0,suspendCount:0}
  call stack:
	at securibench.micro.sanitizers.Sanitizers2.clean(Sanitizers2.java:42)
	at securibench.micro.sanitizers.Sanitizers2.doGet(Sanitizers2.java:31)
	at Main.main(Main.java:23)

$$$$$$$$$$$$$$$$$$$$$$$$$$$$$$$$
Calling Z3str3

*************************************
Satisfiable: false
*************************************

$$$$$$$$$$$$$$$$$$$$$$$$$$$$$$$$
Calling Z3str3

Returned solutions: 
(define-fun string0 () String  "&&>A")
*************************************
Satisfiable: true
string0 => "&&>A"
*************************************

$$$$$$$$$$$$$$$$$$$$$$$$$$$$$$$$
Calling Z3str3

*************************************
Satisfiable: false
*************************************


====================================================== search constraint
depth limit reached: 13

====================================================== snapshot 
thread java.lang.Thread:{id:0,name:main,status:RUNNING,priority:5,isDaemon:false,lockCount:0,suspendCount:0}
  call stack:
	at mockx.servlet.http.HttpServletResponse.checkNoSymbolic(HttpServletResponse.java:37)
	at mockx.servlet.http.HttpServletResponse.access$000(HttpServletResponse.java:12)
	at mockx.servlet.http.HttpServletResponse$1.println(HttpServletResponse.java:22)
	at securibench.micro.sanitizers.Sanitizers2.doGet(Sanitizers2.java:36)
	at Main.main(Main.java:23)

$$$$$$$$$$$$$$$$$$$$$$$$$$$$$$$$
Calling Z3str3

Returned solutions: 
(define-fun string0 () String  "&&>A")
*************************************
Satisfiable: true
string0 => "&&>A"
*************************************


====================================================== search constraint
depth limit reached: 13

====================================================== snapshot 
no live threads
$$$$$$$$$$$$$$$$$$$$$$$$$$$$$$$$
Calling Z3str3

*************************************
Satisfiable: false
*************************************


====================================================== search constraint
depth limit reached: 13

====================================================== snapshot 
thread java.lang.Thread:{id:0,name:main,status:RUNNING,priority:5,isDaemon:false,lockCount:0,suspendCount:0}
  call stack:
	at mockx.servlet.http.HttpServletResponse.checkNoSymbolic(HttpServletResponse.java:37)
	at mockx.servlet.http.HttpServletResponse.access$000(HttpServletResponse.java:12)
	at mockx.servlet.http.HttpServletResponse$1.println(HttpServletResponse.java:22)
	at securibench.micro.sanitizers.Sanitizers2.doGet(Sanitizers2.java:36)
	at Main.main(Main.java:23)

$$$$$$$$$$$$$$$$$$$$$$$$$$$$$$$$
Calling Z3str3

*************************************
Satisfiable: false
*************************************

$$$$$$$$$$$$$$$$$$$$$$$$$$$$$$$$
Calling Z3str3

Returned solutions: 
(define-fun string0 () String  "&&>")
*************************************
Satisfiable: true
string0 => "&&>"
*************************************

$$$$$$$$$$$$$$$$$$$$$$$$$$$$$$$$
Calling Z3str3

*************************************
Satisfiable: false
*************************************

$$$$$$$$$$$$$$$$$$$$$$$$$$$$$$$$
Calling Z3str3

Returned solutions: 
(define-fun string0 () String  "&&>")
*************************************
Satisfiable: true
string0 => "&&>"
*************************************

$$$$$$$$$$$$$$$$$$$$$$$$$$$$$$$$
Calling Z3str3

*************************************
Satisfiable: false
*************************************

$$$$$$$$$$$$$$$$$$$$$$$$$$$$$$$$
Calling Z3str3

Returned solutions: 
(define-fun string0 () String  "&&A")
*************************************
Satisfiable: true
string0 => "&&A"
*************************************

$$$$$$$$$$$$$$$$$$$$$$$$$$$$$$$$
Calling Z3str3

Returned solutions: 
(define-fun string0 () String  "&&A")
*************************************
Satisfiable: true
string0 => "&&A"
*************************************

$$$$$$$$$$$$$$$$$$$$$$$$$$$$$$$$
Calling Z3str3

Returned solutions: 
(define-fun string0 () String  "&&_")
*************************************
Satisfiable: true
string0 => "&&_"
*************************************

$$$$$$$$$$$$$$$$$$$$$$$$$$$$$$$$
Calling Z3str3

Returned solutions: 
(define-fun string0 () String  "&&_")
*************************************
Satisfiable: true
string0 => "&&_"
*************************************

$$$$$$$$$$$$$$$$$$$$$$$$$$$$$$$$
Calling Z3str3

Returned solutions: 
(define-fun string0 () String  "&&_A")
*************************************
Satisfiable: true
string0 => "&&_A"
*************************************

$$$$$$$$$$$$$$$$$$$$$$$$$$$$$$$$
Calling Z3str3

Returned solutions: 
(define-fun string0 () String  "&&_&")
*************************************
Satisfiable: true
string0 => "&&_&"
*************************************

$$$$$$$$$$$$$$$$$$$$$$$$$$$$$$$$
Calling Z3str3

Returned solutions: 
(define-fun string0 () String  "&&_&")
*************************************
Satisfiable: true
string0 => "&&_&"
*************************************

$$$$$$$$$$$$$$$$$$$$$$$$$$$$$$$$
Calling Z3str3

Returned solutions: 
(define-fun string0 () String  "&&_&A")
*************************************
Satisfiable: true
string0 => "&&_&A"
*************************************

$$$$$$$$$$$$$$$$$$$$$$$$$$$$$$$$
Calling Z3str3

Returned solutions: 
(define-fun string0 () String  "&&_&&")
*************************************
Satisfiable: true
string0 => "&&_&&"
*************************************

$$$$$$$$$$$$$$$$$$$$$$$$$$$$$$$$
Calling Z3str3

Returned solutions: 
(define-fun string0 () String  "&&_&&")
*************************************
Satisfiable: true
string0 => "&&_&&"
*************************************

$$$$$$$$$$$$$$$$$$$$$$$$$$$$$$$$
Calling Z3str3

Returned solutions: 
(define-fun string0 () String  "&&_&&A")
*************************************
Satisfiable: true
string0 => "&&_&&A"
*************************************


====================================================== search constraint
depth limit reached: 13

====================================================== snapshot 
thread java.lang.Thread:{id:0,name:main,status:RUNNING,priority:5,isDaemon:false,lockCount:0,suspendCount:0}
  call stack:
	at securibench.micro.sanitizers.Sanitizers2.clean(Sanitizers2.java:44)
	at securibench.micro.sanitizers.Sanitizers2.doGet(Sanitizers2.java:31)
	at Main.main(Main.java:23)


====================================================== search constraint
depth limit reached: 13

====================================================== snapshot 
thread java.lang.Thread:{id:0,name:main,status:RUNNING,priority:5,isDaemon:false,lockCount:0,suspendCount:0}
  call stack:
	at mockx.servlet.http.HttpServletResponse.checkNoSymbolic(HttpServletResponse.java:37)
	at mockx.servlet.http.HttpServletResponse.access$000(HttpServletResponse.java:12)
	at mockx.servlet.http.HttpServletResponse$1.println(HttpServletResponse.java:22)
	at securibench.micro.sanitizers.Sanitizers2.doGet(Sanitizers2.java:36)
	at Main.main(Main.java:23)

$$$$$$$$$$$$$$$$$$$$$$$$$$$$$$$$
Calling Z3str3

Returned solutions: 
(define-fun string0 () String  "&&_&<")
*************************************
Satisfiable: true
string0 => "&&_&<"
*************************************

$$$$$$$$$$$$$$$$$$$$$$$$$$$$$$$$
Calling Z3str3

Returned solutions: 
(define-fun string0 () String  "&&_&<")
*************************************
Satisfiable: true
string0 => "&&_&<"
*************************************

$$$$$$$$$$$$$$$$$$$$$$$$$$$$$$$$
Calling Z3str3

Returned solutions: 
(define-fun string0 () String  "&&_&<A")
*************************************
Satisfiable: true
string0 => "&&_&<A"
*************************************


====================================================== search constraint
depth limit reached: 13

====================================================== snapshot 
thread java.lang.Thread:{id:0,name:main,status:RUNNING,priority:5,isDaemon:false,lockCount:0,suspendCount:0}
  call stack:
	at securibench.micro.sanitizers.Sanitizers2.clean(Sanitizers2.java:44)
	at securibench.micro.sanitizers.Sanitizers2.doGet(Sanitizers2.java:31)
	at Main.main(Main.java:23)


====================================================== search constraint
depth limit reached: 13

====================================================== snapshot 
thread java.lang.Thread:{id:0,name:main,status:RUNNING,priority:5,isDaemon:false,lockCount:0,suspendCount:0}
  call stack:
	at mockx.servlet.http.HttpServletResponse.checkNoSymbolic(HttpServletResponse.java:37)
	at mockx.servlet.http.HttpServletResponse.access$000(HttpServletResponse.java:12)
	at mockx.servlet.http.HttpServletResponse$1.println(HttpServletResponse.java:22)
	at securibench.micro.sanitizers.Sanitizers2.doGet(Sanitizers2.java:36)
	at Main.main(Main.java:23)

$$$$$$$$$$$$$$$$$$$$$$$$$$$$$$$$
Calling Z3str3

Returned solutions: 
(define-fun string0 () String  "&&_&>")
*************************************
Satisfiable: true
string0 => "&&_&>"
*************************************

$$$$$$$$$$$$$$$$$$$$$$$$$$$$$$$$
Calling Z3str3

Returned solutions: 
(define-fun string0 () String  "&&_&>")
*************************************
Satisfiable: true
string0 => "&&_&>"
*************************************

$$$$$$$$$$$$$$$$$$$$$$$$$$$$$$$$
Calling Z3str3

Returned solutions: 
(define-fun string0 () String  "&&_&>A")
*************************************
Satisfiable: true
string0 => "&&_&>A"
*************************************


====================================================== search constraint
depth limit reached: 13

====================================================== snapshot 
thread java.lang.Thread:{id:0,name:main,status:RUNNING,priority:5,isDaemon:false,lockCount:0,suspendCount:0}
  call stack:
	at securibench.micro.sanitizers.Sanitizers2.clean(Sanitizers2.java:44)
	at securibench.micro.sanitizers.Sanitizers2.doGet(Sanitizers2.java:31)
	at Main.main(Main.java:23)


====================================================== search constraint
depth limit reached: 13

====================================================== snapshot 
thread java.lang.Thread:{id:0,name:main,status:RUNNING,priority:5,isDaemon:false,lockCount:0,suspendCount:0}
  call stack:
	at mockx.servlet.http.HttpServletResponse.checkNoSymbolic(HttpServletResponse.java:37)
	at mockx.servlet.http.HttpServletResponse.access$000(HttpServletResponse.java:12)
	at mockx.servlet.http.HttpServletResponse$1.println(HttpServletResponse.java:22)
	at securibench.micro.sanitizers.Sanitizers2.doGet(Sanitizers2.java:36)
	at Main.main(Main.java:23)

$$$$$$$$$$$$$$$$$$$$$$$$$$$$$$$$
Calling Z3str3

Returned solutions: 
(define-fun string0 () String  "&&_&A")
*************************************
Satisfiable: true
string0 => "&&_&A"
*************************************

$$$$$$$$$$$$$$$$$$$$$$$$$$$$$$$$
Calling Z3str3

Returned solutions: 
(define-fun string0 () String  "&&_&A")
*************************************
Satisfiable: true
string0 => "&&_&A"
*************************************

$$$$$$$$$$$$$$$$$$$$$$$$$$$$$$$$
Calling Z3str3

Returned solutions: 
(define-fun string0 () String  "&&_&_")
*************************************
Satisfiable: true
string0 => "&&_&_"
*************************************

$$$$$$$$$$$$$$$$$$$$$$$$$$$$$$$$
Calling Z3str3

Returned solutions: 
(define-fun string0 () String  "&&_&_")
*************************************
Satisfiable: true
string0 => "&&_&_"
*************************************

$$$$$$$$$$$$$$$$$$$$$$$$$$$$$$$$
Calling Z3str3

Returned solutions: 
(define-fun string0 () String  "&&_&_A")
*************************************
Satisfiable: true
string0 => "&&_&_A"
*************************************


====================================================== search constraint
depth limit reached: 13

====================================================== snapshot 
thread java.lang.Thread:{id:0,name:main,status:RUNNING,priority:5,isDaemon:false,lockCount:0,suspendCount:0}
  call stack:
	at securibench.micro.sanitizers.Sanitizers2.clean(Sanitizers2.java:42)
	at securibench.micro.sanitizers.Sanitizers2.doGet(Sanitizers2.java:31)
	at Main.main(Main.java:23)

$$$$$$$$$$$$$$$$$$$$$$$$$$$$$$$$
Calling Z3str3

Returned solutions: 
(define-fun string0 () String  "&&_&A")
*************************************
Satisfiable: true
string0 => "&&_&A"
*************************************

$$$$$$$$$$$$$$$$$$$$$$$$$$$$$$$$
Calling Z3str3

Returned solutions: 
(define-fun string0 () String  "&&_&AB")
*************************************
Satisfiable: true
string0 => "&&_&AB"
*************************************


====================================================== search constraint
depth limit reached: 13

====================================================== snapshot 
thread java.lang.Thread:{id:0,name:main,status:RUNNING,priority:5,isDaemon:false,lockCount:0,suspendCount:0}
  call stack:
	at securibench.micro.sanitizers.Sanitizers2.clean(Sanitizers2.java:42)
	at securibench.micro.sanitizers.Sanitizers2.doGet(Sanitizers2.java:31)
	at Main.main(Main.java:23)

$$$$$$$$$$$$$$$$$$$$$$$$$$$$$$$$
Calling Z3str3

*************************************
Satisfiable: false
*************************************

$$$$$$$$$$$$$$$$$$$$$$$$$$$$$$$$
Calling Z3str3

Returned solutions: 
(define-fun string0 () String  "&&_&")
*************************************
Satisfiable: true
string0 => "&&_&"
*************************************

$$$$$$$$$$$$$$$$$$$$$$$$$$$$$$$$
Calling Z3str3

*************************************
Satisfiable: false
*************************************


====================================================== search constraint
depth limit reached: 13

====================================================== snapshot 
thread java.lang.Thread:{id:0,name:main,status:RUNNING,priority:5,isDaemon:false,lockCount:0,suspendCount:0}
  call stack:
	at mockx.servlet.http.HttpServletResponse.checkNoSymbolic(HttpServletResponse.java:37)
	at mockx.servlet.http.HttpServletResponse.access$000(HttpServletResponse.java:12)
	at mockx.servlet.http.HttpServletResponse$1.println(HttpServletResponse.java:22)
	at securibench.micro.sanitizers.Sanitizers2.doGet(Sanitizers2.java:36)
	at Main.main(Main.java:23)

$$$$$$$$$$$$$$$$$$$$$$$$$$$$$$$$
Calling Z3str3

Returned solutions: 
(define-fun string0 () String  "&&_&")
*************************************
Satisfiable: true
string0 => "&&_&"
*************************************


====================================================== search constraint
depth limit reached: 13

====================================================== snapshot 
no live threads
$$$$$$$$$$$$$$$$$$$$$$$$$$$$$$$$
Calling Z3str3

*************************************
Satisfiable: false
*************************************


====================================================== search constraint
depth limit reached: 13

====================================================== snapshot 
thread java.lang.Thread:{id:0,name:main,status:RUNNING,priority:5,isDaemon:false,lockCount:0,suspendCount:0}
  call stack:
	at mockx.servlet.http.HttpServletResponse.checkNoSymbolic(HttpServletResponse.java:37)
	at mockx.servlet.http.HttpServletResponse.access$000(HttpServletResponse.java:12)
	at mockx.servlet.http.HttpServletResponse$1.println(HttpServletResponse.java:22)
	at securibench.micro.sanitizers.Sanitizers2.doGet(Sanitizers2.java:36)
	at Main.main(Main.java:23)

$$$$$$$$$$$$$$$$$$$$$$$$$$$$$$$$
Calling Z3str3

Returned solutions: 
(define-fun string0 () String  "&&_<")
*************************************
Satisfiable: true
string0 => "&&_<"
*************************************

$$$$$$$$$$$$$$$$$$$$$$$$$$$$$$$$
Calling Z3str3

Returned solutions: 
(define-fun string0 () String  "&&_<")
*************************************
Satisfiable: true
string0 => "&&_<"
*************************************

$$$$$$$$$$$$$$$$$$$$$$$$$$$$$$$$
Calling Z3str3

Returned solutions: 
(define-fun string0 () String  "&&_<AB")
*************************************
Satisfiable: true
string0 => "&&_<AB"
*************************************

$$$$$$$$$$$$$$$$$$$$$$$$$$$$$$$$
Calling Z3str3

Returned solutions: 
(define-fun string0 () String  "&&_<&")
*************************************
Satisfiable: true
string0 => "&&_<&"
*************************************

$$$$$$$$$$$$$$$$$$$$$$$$$$$$$$$$
Calling Z3str3

Returned solutions: 
(define-fun string0 () String  "&&_<&")
*************************************
Satisfiable: true
string0 => "&&_<&"
*************************************

$$$$$$$$$$$$$$$$$$$$$$$$$$$$$$$$
Calling Z3str3

Returned solutions: 
(define-fun string0 () String  "&&_<&A")
*************************************
Satisfiable: true
string0 => "&&_<&A"
*************************************


====================================================== search constraint
depth limit reached: 13

====================================================== snapshot 
thread java.lang.Thread:{id:0,name:main,status:RUNNING,priority:5,isDaemon:false,lockCount:0,suspendCount:0}
  call stack:
	at securibench.micro.sanitizers.Sanitizers2.clean(Sanitizers2.java:44)
	at securibench.micro.sanitizers.Sanitizers2.doGet(Sanitizers2.java:31)
	at Main.main(Main.java:23)


====================================================== search constraint
depth limit reached: 13

====================================================== snapshot 
thread java.lang.Thread:{id:0,name:main,status:RUNNING,priority:5,isDaemon:false,lockCount:0,suspendCount:0}
  call stack:
	at mockx.servlet.http.HttpServletResponse.checkNoSymbolic(HttpServletResponse.java:37)
	at mockx.servlet.http.HttpServletResponse.access$000(HttpServletResponse.java:12)
	at mockx.servlet.http.HttpServletResponse$1.println(HttpServletResponse.java:22)
	at securibench.micro.sanitizers.Sanitizers2.doGet(Sanitizers2.java:36)
	at Main.main(Main.java:23)

$$$$$$$$$$$$$$$$$$$$$$$$$$$$$$$$
Calling Z3str3

Returned solutions: 
(define-fun string0 () String  "&&_<<")
*************************************
Satisfiable: true
string0 => "&&_<<"
*************************************

$$$$$$$$$$$$$$$$$$$$$$$$$$$$$$$$
Calling Z3str3

Returned solutions: 
(define-fun string0 () String  "&&_<<")
*************************************
Satisfiable: true
string0 => "&&_<<"
*************************************

$$$$$$$$$$$$$$$$$$$$$$$$$$$$$$$$
Calling Z3str3

Returned solutions: 
(define-fun string0 () String  "&&_<<A")
*************************************
Satisfiable: true
string0 => "&&_<<A"
*************************************


====================================================== search constraint
depth limit reached: 13

====================================================== snapshot 
thread java.lang.Thread:{id:0,name:main,status:RUNNING,priority:5,isDaemon:false,lockCount:0,suspendCount:0}
  call stack:
	at securibench.micro.sanitizers.Sanitizers2.clean(Sanitizers2.java:44)
	at securibench.micro.sanitizers.Sanitizers2.doGet(Sanitizers2.java:31)
	at Main.main(Main.java:23)


====================================================== search constraint
depth limit reached: 13

====================================================== snapshot 
thread java.lang.Thread:{id:0,name:main,status:RUNNING,priority:5,isDaemon:false,lockCount:0,suspendCount:0}
  call stack:
	at mockx.servlet.http.HttpServletResponse.checkNoSymbolic(HttpServletResponse.java:37)
	at mockx.servlet.http.HttpServletResponse.access$000(HttpServletResponse.java:12)
	at mockx.servlet.http.HttpServletResponse$1.println(HttpServletResponse.java:22)
	at securibench.micro.sanitizers.Sanitizers2.doGet(Sanitizers2.java:36)
	at Main.main(Main.java:23)

$$$$$$$$$$$$$$$$$$$$$$$$$$$$$$$$
Calling Z3str3

Returned solutions: 
(define-fun string0 () String  "&&_<>")
*************************************
Satisfiable: true
string0 => "&&_<>"
*************************************

$$$$$$$$$$$$$$$$$$$$$$$$$$$$$$$$
Calling Z3str3

Returned solutions: 
(define-fun string0 () String  "&&_<>")
*************************************
Satisfiable: true
string0 => "&&_<>"
*************************************

$$$$$$$$$$$$$$$$$$$$$$$$$$$$$$$$
Calling Z3str3

Returned solutions: 
(define-fun string0 () String  "&&_<>A")
*************************************
Satisfiable: true
string0 => "&&_<>A"
*************************************


====================================================== search constraint
depth limit reached: 13

====================================================== snapshot 
thread java.lang.Thread:{id:0,name:main,status:RUNNING,priority:5,isDaemon:false,lockCount:0,suspendCount:0}
  call stack:
	at securibench.micro.sanitizers.Sanitizers2.clean(Sanitizers2.java:44)
	at securibench.micro.sanitizers.Sanitizers2.doGet(Sanitizers2.java:31)
	at Main.main(Main.java:23)


====================================================== search constraint
depth limit reached: 13

====================================================== snapshot 
thread java.lang.Thread:{id:0,name:main,status:RUNNING,priority:5,isDaemon:false,lockCount:0,suspendCount:0}
  call stack:
	at mockx.servlet.http.HttpServletResponse.checkNoSymbolic(HttpServletResponse.java:37)
	at mockx.servlet.http.HttpServletResponse.access$000(HttpServletResponse.java:12)
	at mockx.servlet.http.HttpServletResponse$1.println(HttpServletResponse.java:22)
	at securibench.micro.sanitizers.Sanitizers2.doGet(Sanitizers2.java:36)
	at Main.main(Main.java:23)

$$$$$$$$$$$$$$$$$$$$$$$$$$$$$$$$
Calling Z3str3

Returned solutions: 
(define-fun string0 () String  "&&_<A")
*************************************
Satisfiable: true
string0 => "&&_<A"
*************************************

$$$$$$$$$$$$$$$$$$$$$$$$$$$$$$$$
Calling Z3str3

Returned solutions: 
(define-fun string0 () String  "&&_<A")
*************************************
Satisfiable: true
string0 => "&&_<A"
*************************************

$$$$$$$$$$$$$$$$$$$$$$$$$$$$$$$$
Calling Z3str3

Returned solutions: 
(define-fun string0 () String  "&&_<_")
*************************************
Satisfiable: true
string0 => "&&_<_"
*************************************

$$$$$$$$$$$$$$$$$$$$$$$$$$$$$$$$
Calling Z3str3

Returned solutions: 
(define-fun string0 () String  "&&_<_")
*************************************
Satisfiable: true
string0 => "&&_<_"
*************************************

$$$$$$$$$$$$$$$$$$$$$$$$$$$$$$$$
Calling Z3str3

Returned solutions: 
(define-fun string0 () String  "&&_<_A")
*************************************
Satisfiable: true
string0 => "&&_<_A"
*************************************


====================================================== search constraint
depth limit reached: 13

====================================================== snapshot 
thread java.lang.Thread:{id:0,name:main,status:RUNNING,priority:5,isDaemon:false,lockCount:0,suspendCount:0}
  call stack:
	at securibench.micro.sanitizers.Sanitizers2.clean(Sanitizers2.java:42)
	at securibench.micro.sanitizers.Sanitizers2.doGet(Sanitizers2.java:31)
	at Main.main(Main.java:23)

$$$$$$$$$$$$$$$$$$$$$$$$$$$$$$$$
Calling Z3str3

Returned solutions: 
(define-fun string0 () String  "&&_<A")
*************************************
Satisfiable: true
string0 => "&&_<A"
*************************************

$$$$$$$$$$$$$$$$$$$$$$$$$$$$$$$$
Calling Z3str3

Returned solutions: 
(define-fun string0 () String  "&&_<AB")
*************************************
Satisfiable: true
string0 => "&&_<AB"
*************************************


====================================================== search constraint
depth limit reached: 13

====================================================== snapshot 
thread java.lang.Thread:{id:0,name:main,status:RUNNING,priority:5,isDaemon:false,lockCount:0,suspendCount:0}
  call stack:
	at securibench.micro.sanitizers.Sanitizers2.clean(Sanitizers2.java:42)
	at securibench.micro.sanitizers.Sanitizers2.doGet(Sanitizers2.java:31)
	at Main.main(Main.java:23)

$$$$$$$$$$$$$$$$$$$$$$$$$$$$$$$$
Calling Z3str3

*************************************
Satisfiable: false
*************************************

$$$$$$$$$$$$$$$$$$$$$$$$$$$$$$$$
Calling Z3str3

Returned solutions: 
(define-fun string0 () String  "&&_<")
*************************************
Satisfiable: true
string0 => "&&_<"
*************************************

$$$$$$$$$$$$$$$$$$$$$$$$$$$$$$$$
Calling Z3str3

*************************************
Satisfiable: false
*************************************


====================================================== search constraint
depth limit reached: 13

====================================================== snapshot 
thread java.lang.Thread:{id:0,name:main,status:RUNNING,priority:5,isDaemon:false,lockCount:0,suspendCount:0}
  call stack:
	at mockx.servlet.http.HttpServletResponse.checkNoSymbolic(HttpServletResponse.java:37)
	at mockx.servlet.http.HttpServletResponse.access$000(HttpServletResponse.java:12)
	at mockx.servlet.http.HttpServletResponse$1.println(HttpServletResponse.java:22)
	at securibench.micro.sanitizers.Sanitizers2.doGet(Sanitizers2.java:36)
	at Main.main(Main.java:23)

$$$$$$$$$$$$$$$$$$$$$$$$$$$$$$$$
Calling Z3str3

