./jpf-sv-comp --propertyfile ../../sv-benchmarks/java/properties/runtime-exception.prp ../../sv-benchmarks/java/common ../../sv-benchmarks/java/java-ranger-regression/TCAS_prop1


--------------------------------------------------------------------------------


PROP_FILE=../../sv-benchmarks/java/properties/runtime-exception.prp
CHECK(init(Main.main()), LTL(G ! uncaught(java.lang.RuntimeException)))
ASSERTION_MODE=FALSE
RUNTIME_EXCEPTION_MODE=TRUE
/tmp/jpf-benchmark.KfETli/config.jpf
LD_LIBRARY_PATH=/home/f8/Desktop/bench-defs/bin/spf-2Fi5DX82Mr/jpf-symbc/lib:/home/f8/Desktop/SPF/jpf-symbc/lib:
symbolic.min_int=-2147483648
symbolic.min_long=-9223372036854775808
symbolic.min_short=-32768
symbolic.min_byte=-128
symbolic.min_char=0
symbolic.max_int=2147483647
symbolic.max_long=9223372036854775807
symbolic.max_short=32767
symbolic.max_byte=127
symbolic.max_char=65535
symbolic.min_double=4.9E-324
symbolic.max_double=1.7976931348623157E308
JavaPathfinder core system v8.0 (rev a9cfdfd20e921dacd2aaa6e92103681eb28cc81d) - (C) 2005-2014 United States Government. All rights reserved.


====================================================== system under test
Main.main()

====================================================== search started: 7/8/25 3:03 AM
$$$$$$$$$$$$$$$$$$$$$$$$$$$$$$$$
Calling Z3str3

Returned solutions: 
(define-fun int1 () Int  1)
*************************************
Satisfiable: true
*************************************

$$$$$$$$$$$$$$$$$$$$$$$$$$$$$$$$
Calling Z3str3

Returned solutions: 
(define-fun int1 () Int  0)
*************************************
Satisfiable: true
*************************************

$$$$$$$$$$$$$$$$$$$$$$$$$$$$$$$$
Calling Z3str3

Returned solutions: 
(define-fun int2 () Int  1)
(define-fun int1 () Int  0)
*************************************
Satisfiable: true
*************************************

$$$$$$$$$$$$$$$$$$$$$$$$$$$$$$$$
Calling Z3str3

Returned solutions: 
(define-fun int1 () Int  0)
(define-fun int2 () Int  0)
*************************************
Satisfiable: true
*************************************

$$$$$$$$$$$$$$$$$$$$$$$$$$$$$$$$
Calling Z3str3

Returned solutions: 
(define-fun int6 () Int  1)
(define-fun int1 () Int  0)
(define-fun int2 () Int  0)
*************************************
Satisfiable: true
*************************************

$$$$$$$$$$$$$$$$$$$$$$$$$$$$$$$$
Calling Z3str3

Returned solutions: 
(define-fun int1 () Int  0)
(define-fun int2 () Int  0)
(define-fun int6 () Int  0)
*************************************
Satisfiable: true
*************************************

$$$$$$$$$$$$$$$$$$$$$$$$$$$$$$$$
Calling Z3str3

Returned solutions: 
(define-fun int7 () Int  400)
(define-fun int1 () Int  0)
(define-fun int2 () Int  0)
(define-fun int6 () Int  0)
*************************************
Satisfiable: true
*************************************

$$$$$$$$$$$$$$$$$$$$$$$$$$$$$$$$
Calling Z3str3

Returned solutions: 
(define-fun int7 () Int  401)
(define-fun int1 () Int  0)
(define-fun int2 () Int  0)
(define-fun int6 () Int  0)
*************************************
Satisfiable: true
*************************************

$$$$$$$$$$$$$$$$$$$$$$$$$$$$$$$$
Calling Z3str3

Returned solutions: 
(define-fun int7 () Int  401)
(define-fun int8 () Int  399)
(define-fun int1 () Int  0)
(define-fun int2 () Int  0)
(define-fun int6 () Int  0)
*************************************
Satisfiable: true
*************************************

$$$$$$$$$$$$$$$$$$$$$$$$$$$$$$$$
Calling Z3str3

Returned solutions: 
(define-fun int7 () Int  401)
(define-fun int8 () Int  400)
(define-fun int1 () Int  0)
(define-fun int2 () Int  0)
(define-fun int6 () Int  0)
*************************************
Satisfiable: true
*************************************

$$$$$$$$$$$$$$$$$$$$$$$$$$$$$$$$
Calling Z3str3

Returned solutions: 
(define-fun int7 () Int  401)
(define-fun int8 () Int  400)
(define-fun int3 () Int  0)
(define-fun int5 () Int  0)
(define-fun int1 () Int  0)
(define-fun int2 () Int  0)
(define-fun int6 () Int  0)
*************************************
Satisfiable: true
*************************************

$$$$$$$$$$$$$$$$$$$$$$$$$$$$$$$$
Calling Z3str3

Returned solutions: 
(define-fun int7 () Int  401)
(define-fun int8 () Int  400)
(define-fun int3 () Int  1)
(define-fun int5 () Int  0)
(define-fun int1 () Int  0)
(define-fun int2 () Int  0)
(define-fun int6 () Int  0)
*************************************
Satisfiable: true
*************************************

$$$$$$$$$$$$$$$$$$$$$$$$$$$$$$$$
Calling Z3str3

Returned solutions: 
(define-fun int6 () Int  (- 1))
(define-fun int1 () Int  0)
(define-fun int2 () Int  0)
*************************************
Satisfiable: true
*************************************

$$$$$$$$$$$$$$$$$$$$$$$$$$$$$$$$
Calling Z3str3

Returned solutions: 
(define-fun int1 () Int  0)
(define-fun int2 () Int  0)
(define-fun int6 () Int  1)
*************************************
Satisfiable: true
*************************************

$$$$$$$$$$$$$$$$$$$$$$$$$$$$$$$$
Calling Z3str3

Returned solutions: 
(define-fun int7 () Int  500)
(define-fun int1 () Int  0)
(define-fun int2 () Int  0)
(define-fun int6 () Int  1)
*************************************
Satisfiable: true
*************************************

$$$$$$$$$$$$$$$$$$$$$$$$$$$$$$$$
Calling Z3str3

Returned solutions: 
(define-fun int7 () Int  501)
(define-fun int1 () Int  0)
(define-fun int2 () Int  0)
(define-fun int6 () Int  1)
*************************************
Satisfiable: true
*************************************

$$$$$$$$$$$$$$$$$$$$$$$$$$$$$$$$
Calling Z3str3

Returned solutions: 
(define-fun int7 () Int  501)
(define-fun int8 () Int  499)
(define-fun int1 () Int  0)
(define-fun int2 () Int  0)
(define-fun int6 () Int  1)
*************************************
Satisfiable: true
*************************************

$$$$$$$$$$$$$$$$$$$$$$$$$$$$$$$$
Calling Z3str3

Returned solutions: 
(define-fun int7 () Int  501)
(define-fun int8 () Int  500)
(define-fun int1 () Int  0)
(define-fun int2 () Int  0)
(define-fun int6 () Int  1)
*************************************
Satisfiable: true
*************************************

$$$$$$$$$$$$$$$$$$$$$$$$$$$$$$$$
Calling Z3str3

Returned solutions: 
(define-fun int7 () Int  501)
(define-fun int8 () Int  500)
(define-fun int3 () Int  0)
(define-fun int5 () Int  0)
(define-fun int1 () Int  0)
(define-fun int2 () Int  0)
(define-fun int6 () Int  1)
*************************************
Satisfiable: true
*************************************

$$$$$$$$$$$$$$$$$$$$$$$$$$$$$$$$
Calling Z3str3

Returned solutions: 
(define-fun int7 () Int  501)
(define-fun int8 () Int  500)
(define-fun int3 () Int  1)
(define-fun int5 () Int  0)
(define-fun int1 () Int  0)
(define-fun int2 () Int  0)
(define-fun int6 () Int  1)
*************************************
Satisfiable: true
*************************************

$$$$$$$$$$$$$$$$$$$$$$$$$$$$$$$$
Calling Z3str3

Returned solutions: 
(define-fun int6 () Int  3)
(define-fun int1 () Int  0)
(define-fun int2 () Int  0)
*************************************
Satisfiable: true
*************************************

$$$$$$$$$$$$$$$$$$$$$$$$$$$$$$$$
Calling Z3str3

Returned solutions: 
(define-fun int1 () Int  0)
(define-fun int2 () Int  0)
(define-fun int6 () Int  2)
*************************************
Satisfiable: true
*************************************

$$$$$$$$$$$$$$$$$$$$$$$$$$$$$$$$
Calling Z3str3

Returned solutions: 
(define-fun int7 () Int  640)
(define-fun int1 () Int  0)
(define-fun int2 () Int  0)
(define-fun int6 () Int  2)
*************************************
Satisfiable: true
*************************************

$$$$$$$$$$$$$$$$$$$$$$$$$$$$$$$$
Calling Z3str3

Returned solutions: 
(define-fun int7 () Int  641)
(define-fun int1 () Int  0)
(define-fun int2 () Int  0)
(define-fun int6 () Int  2)
*************************************
Satisfiable: true
*************************************

$$$$$$$$$$$$$$$$$$$$$$$$$$$$$$$$
Calling Z3str3

Returned solutions: 
(define-fun int7 () Int  641)
(define-fun int8 () Int  639)
(define-fun int1 () Int  0)
(define-fun int2 () Int  0)
(define-fun int6 () Int  2)
*************************************
Satisfiable: true
*************************************

$$$$$$$$$$$$$$$$$$$$$$$$$$$$$$$$
Calling Z3str3

Returned solutions: 
(define-fun int7 () Int  641)
(define-fun int8 () Int  640)
(define-fun int1 () Int  0)
(define-fun int2 () Int  0)
(define-fun int6 () Int  2)
*************************************
Satisfiable: true
*************************************

$$$$$$$$$$$$$$$$$$$$$$$$$$$$$$$$
Calling Z3str3

Returned solutions: 
(define-fun int7 () Int  641)
(define-fun int8 () Int  640)
(define-fun int3 () Int  0)
(define-fun int5 () Int  0)
(define-fun int1 () Int  0)
(define-fun int2 () Int  0)
(define-fun int6 () Int  2)
*************************************
Satisfiable: true
*************************************

$$$$$$$$$$$$$$$$$$$$$$$$$$$$$$$$
Calling Z3str3

Returned solutions: 
(define-fun int7 () Int  641)
(define-fun int8 () Int  640)
(define-fun int3 () Int  1)
(define-fun int5 () Int  0)
(define-fun int1 () Int  0)
(define-fun int2 () Int  0)
(define-fun int6 () Int  2)
*************************************
Satisfiable: true
*************************************

$$$$$$$$$$$$$$$$$$$$$$$$$$$$$$$$
Calling Z3str3

Returned solutions: 
(define-fun int7 () Int  740)
(define-fun int6 () Int  (- 1))
(define-fun int1 () Int  0)
(define-fun int2 () Int  0)
*************************************
Satisfiable: true
*************************************

$$$$$$$$$$$$$$$$$$$$$$$$$$$$$$$$
Calling Z3str3

Returned solutions: 
(define-fun int6 () Int  (- 1))
(define-fun int7 () Int  741)
(define-fun int1 () Int  0)
(define-fun int2 () Int  0)
*************************************
Satisfiable: true
*************************************

$$$$$$$$$$$$$$$$$$$$$$$$$$$$$$$$
Calling Z3str3

Returned solutions: 
(define-fun int8 () Int  739)
(define-fun int6 () Int  (- 1))
(define-fun int7 () Int  741)
(define-fun int1 () Int  0)
(define-fun int2 () Int  0)
*************************************
Satisfiable: true
*************************************

$$$$$$$$$$$$$$$$$$$$$$$$$$$$$$$$
Calling Z3str3

Returned solutions: 
(define-fun int8 () Int  740)
(define-fun int7 () Int  741)
(define-fun int6 () Int  (- 1))
(define-fun int1 () Int  0)
(define-fun int2 () Int  0)
*************************************
Satisfiable: true
*************************************

$$$$$$$$$$$$$$$$$$$$$$$$$$$$$$$$
Calling Z3str3

Returned solutions: 
(define-fun int3 () Int  0)
(define-fun int6 () Int  (- 1))
(define-fun int8 () Int  740)
(define-fun int7 () Int  741)
(define-fun int5 () Int  0)
(define-fun int1 () Int  0)
(define-fun int2 () Int  0)
*************************************
Satisfiable: true
*************************************

$$$$$$$$$$$$$$$$$$$$$$$$$$$$$$$$
Calling Z3str3

Returned solutions: 
(define-fun int6 () Int  (- 1))
(define-fun int7 () Int  741)
(define-fun int8 () Int  740)
(define-fun int3 () Int  1)
(define-fun int5 () Int  0)
(define-fun int1 () Int  0)
(define-fun int2 () Int  0)
*************************************
Satisfiable: true
*************************************

$$$$$$$$$$$$$$$$$$$$$$$$$$$$$$$$
Calling Z3str3

Returned solutions: 
(define-fun int2 () Int  1)
(define-fun int6 () Int  1)
(define-fun int1 () Int  0)
*************************************
Satisfiable: true
*************************************

$$$$$$$$$$$$$$$$$$$$$$$$$$$$$$$$
Calling Z3str3

Returned solutions: 
(define-fun int2 () Int  1)
(define-fun int1 () Int  0)
(define-fun int6 () Int  0)
*************************************
Satisfiable: true
*************************************

$$$$$$$$$$$$$$$$$$$$$$$$$$$$$$$$
Calling Z3str3

Returned solutions: 
(define-fun int2 () Int  1)
(define-fun int7 () Int  400)
(define-fun int1 () Int  0)
(define-fun int6 () Int  0)
*************************************
Satisfiable: true
*************************************

$$$$$$$$$$$$$$$$$$$$$$$$$$$$$$$$
Calling Z3str3

Returned solutions: 
(define-fun int2 () Int  1)
(define-fun int7 () Int  401)
(define-fun int1 () Int  0)
(define-fun int6 () Int  0)
*************************************
Satisfiable: true
*************************************

$$$$$$$$$$$$$$$$$$$$$$$$$$$$$$$$
Calling Z3str3

Returned solutions: 
(define-fun int2 () Int  1)
(define-fun int7 () Int  401)
(define-fun int8 () Int  399)
(define-fun int1 () Int  0)
(define-fun int6 () Int  0)
*************************************
Satisfiable: true
*************************************

$$$$$$$$$$$$$$$$$$$$$$$$$$$$$$$$
Calling Z3str3

Returned solutions: 
(define-fun int2 () Int  1)
(define-fun int7 () Int  401)
(define-fun int8 () Int  400)
(define-fun int1 () Int  0)
(define-fun int6 () Int  0)
*************************************
Satisfiable: true
*************************************

$$$$$$$$$$$$$$$$$$$$$$$$$$$$$$$$
Calling Z3str3

Returned solutions: 
(define-fun int2 () Int  1)
(define-fun int7 () Int  401)
(define-fun int8 () Int  400)
(define-fun int3 () Int  0)
(define-fun int5 () Int  0)
(define-fun int1 () Int  0)
(define-fun int6 () Int  0)
*************************************
Satisfiable: true
*************************************

$$$$$$$$$$$$$$$$$$$$$$$$$$$$$$$$
Calling Z3str3

Returned solutions: 
(define-fun int2 () Int  1)
(define-fun int7 () Int  401)
(define-fun int8 () Int  400)
(define-fun int3 () Int  1)
(define-fun int5 () Int  0)
(define-fun int1 () Int  0)
(define-fun int6 () Int  0)
*************************************
Satisfiable: true
*************************************

$$$$$$$$$$$$$$$$$$$$$$$$$$$$$$$$
Calling Z3str3

Returned solutions: 
(define-fun int6 () Int  2)
(define-fun int2 () Int  1)
(define-fun int1 () Int  0)
*************************************
Satisfiable: true
*************************************

$$$$$$$$$$$$$$$$$$$$$$$$$$$$$$$$
Calling Z3str3

Returned solutions: 
(define-fun int2 () Int  1)
(define-fun int1 () Int  0)
(define-fun int6 () Int  1)
*************************************
Satisfiable: true
*************************************

$$$$$$$$$$$$$$$$$$$$$$$$$$$$$$$$
Calling Z3str3

Returned solutions: 
(define-fun int2 () Int  1)
(define-fun int7 () Int  500)
(define-fun int1 () Int  0)
(define-fun int6 () Int  1)
*************************************
Satisfiable: true
*************************************

$$$$$$$$$$$$$$$$$$$$$$$$$$$$$$$$
Calling Z3str3

Returned solutions: 
(define-fun int2 () Int  1)
(define-fun int7 () Int  501)
(define-fun int1 () Int  0)
(define-fun int6 () Int  1)
*************************************
Satisfiable: true
*************************************

$$$$$$$$$$$$$$$$$$$$$$$$$$$$$$$$
Calling Z3str3

Returned solutions: 
(define-fun int2 () Int  1)
(define-fun int7 () Int  501)
(define-fun int8 () Int  499)
(define-fun int1 () Int  0)
(define-fun int6 () Int  1)
*************************************
Satisfiable: true
*************************************

$$$$$$$$$$$$$$$$$$$$$$$$$$$$$$$$
Calling Z3str3

Returned solutions: 
(define-fun int2 () Int  1)
(define-fun int7 () Int  501)
(define-fun int8 () Int  500)
(define-fun int1 () Int  0)
(define-fun int6 () Int  1)
*************************************
Satisfiable: true
*************************************

$$$$$$$$$$$$$$$$$$$$$$$$$$$$$$$$
Calling Z3str3

Returned solutions: 
(define-fun int2 () Int  1)
(define-fun int7 () Int  501)
(define-fun int8 () Int  500)
(define-fun int3 () Int  0)
(define-fun int5 () Int  0)
(define-fun int1 () Int  0)
(define-fun int6 () Int  1)
*************************************
Satisfiable: true
*************************************

$$$$$$$$$$$$$$$$$$$$$$$$$$$$$$$$
Calling Z3str3

Returned solutions: 
(define-fun int2 () Int  1)
(define-fun int7 () Int  501)
(define-fun int8 () Int  500)
(define-fun int3 () Int  1)
(define-fun int5 () Int  0)
(define-fun int1 () Int  0)
(define-fun int6 () Int  1)
*************************************
Satisfiable: true
*************************************

$$$$$$$$$$$$$$$$$$$$$$$$$$$$$$$$
Calling Z3str3

Returned solutions: 
(define-fun int6 () Int  (- 1))
(define-fun int2 () Int  1)
(define-fun int1 () Int  0)
*************************************
Satisfiable: true
*************************************

$$$$$$$$$$$$$$$$$$$$$$$$$$$$$$$$
Calling Z3str3

Returned solutions: 
(define-fun int2 () Int  1)
(define-fun int1 () Int  0)
(define-fun int6 () Int  2)
*************************************
Satisfiable: true
*************************************

$$$$$$$$$$$$$$$$$$$$$$$$$$$$$$$$
Calling Z3str3

Returned solutions: 
(define-fun int2 () Int  1)
(define-fun int7 () Int  640)
(define-fun int1 () Int  0)
(define-fun int6 () Int  2)
*************************************
Satisfiable: true
*************************************

$$$$$$$$$$$$$$$$$$$$$$$$$$$$$$$$
Calling Z3str3

Returned solutions: 
(define-fun int2 () Int  1)
(define-fun int7 () Int  641)
(define-fun int1 () Int  0)
(define-fun int6 () Int  2)
*************************************
Satisfiable: true
*************************************

$$$$$$$$$$$$$$$$$$$$$$$$$$$$$$$$
Calling Z3str3

Returned solutions: 
(define-fun int2 () Int  1)
(define-fun int7 () Int  641)
(define-fun int8 () Int  639)
(define-fun int1 () Int  0)
(define-fun int6 () Int  2)
*************************************
Satisfiable: true
*************************************

$$$$$$$$$$$$$$$$$$$$$$$$$$$$$$$$
Calling Z3str3

Returned solutions: 
(define-fun int2 () Int  1)
(define-fun int7 () Int  641)
(define-fun int8 () Int  640)
(define-fun int1 () Int  0)
(define-fun int6 () Int  2)
*************************************
Satisfiable: true
*************************************

$$$$$$$$$$$$$$$$$$$$$$$$$$$$$$$$
Calling Z3str3

Returned solutions: 
(define-fun int2 () Int  1)
(define-fun int7 () Int  641)
(define-fun int8 () Int  640)
(define-fun int3 () Int  0)
(define-fun int5 () Int  0)
(define-fun int1 () Int  0)
(define-fun int6 () Int  2)
*************************************
Satisfiable: true
*************************************

$$$$$$$$$$$$$$$$$$$$$$$$$$$$$$$$
Calling Z3str3

Returned solutions: 
(define-fun int2 () Int  1)
(define-fun int7 () Int  641)
(define-fun int8 () Int  640)
(define-fun int3 () Int  1)
(define-fun int5 () Int  0)
(define-fun int1 () Int  0)
(define-fun int6 () Int  2)
*************************************
Satisfiable: true
*************************************

$$$$$$$$$$$$$$$$$$$$$$$$$$$$$$$$
Calling Z3str3

Returned solutions: 
(define-fun int7 () Int  740)
(define-fun int2 () Int  1)
(define-fun int6 () Int  3)
(define-fun int1 () Int  0)
*************************************
Satisfiable: true
*************************************

$$$$$$$$$$$$$$$$$$$$$$$$$$$$$$$$
Calling Z3str3

Returned solutions: 
(define-fun int7 () Int  741)
(define-fun int6 () Int  3)
(define-fun int2 () Int  1)
(define-fun int1 () Int  0)
*************************************
Satisfiable: true
*************************************

$$$$$$$$$$$$$$$$$$$$$$$$$$$$$$$$
Calling Z3str3

Returned solutions: 
(define-fun int2 () Int  1)
(define-fun int6 () Int  (- 1))
(define-fun int7 () Int  741)
(define-fun int8 () Int  739)
(define-fun int1 () Int  0)
*************************************
Satisfiable: true
*************************************

$$$$$$$$$$$$$$$$$$$$$$$$$$$$$$$$
Calling Z3str3

Returned solutions: 
(define-fun int8 () Int  740)
(define-fun int6 () Int  (- 1))
(define-fun int2 () Int  1)
(define-fun int7 () Int  741)
(define-fun int1 () Int  0)
*************************************
Satisfiable: true
*************************************

$$$$$$$$$$$$$$$$$$$$$$$$$$$$$$$$
Calling Z3str3

Returned solutions: 
(define-fun int3 () Int  0)
(define-fun int2 () Int  1)
(define-fun int6 () Int  3)
(define-fun int7 () Int  741)
(define-fun int8 () Int  740)
(define-fun int5 () Int  0)
(define-fun int1 () Int  0)
*************************************
Satisfiable: true
*************************************

$$$$$$$$$$$$$$$$$$$$$$$$$$$$$$$$
Calling Z3str3

Returned solutions: 
(define-fun int7 () Int  741)
(define-fun int6 () Int  3)
(define-fun int3 () Int  1)
(define-fun int8 () Int  740)
(define-fun int2 () Int  1)
(define-fun int5 () Int  0)
(define-fun int1 () Int  0)
*************************************
Satisfiable: true
*************************************

$$$$$$$$$$$$$$$$$$$$$$$$$$$$$$$$
Calling Z3str3

Returned solutions: 
(define-fun int1 () Int  1)
(define-fun int2 () Int  1)
*************************************
Satisfiable: true
*************************************

$$$$$$$$$$$$$$$$$$$$$$$$$$$$$$$$
Calling Z3str3

Returned solutions: 
(define-fun int1 () Int  1)
(define-fun int2 () Int  0)
*************************************
Satisfiable: true
*************************************

$$$$$$$$$$$$$$$$$$$$$$$$$$$$$$$$
Calling Z3str3

Returned solutions: 
(define-fun int1 () Int  1)
(define-fun int4 () Int  601)
(define-fun int2 () Int  0)
*************************************
Satisfiable: true
*************************************

$$$$$$$$$$$$$$$$$$$$$$$$$$$$$$$$
Calling Z3str3

Returned solutions: 
(define-fun int1 () Int  1)
(define-fun int4 () Int  600)
(define-fun int2 () Int  0)
*************************************
Satisfiable: true
*************************************

$$$$$$$$$$$$$$$$$$$$$$$$$$$$$$$$
Calling Z3str3

Returned solutions: 
(define-fun int1 () Int  1)
(define-fun int4 () Int  600)
(define-fun int0 () Int  300)
(define-fun int2 () Int  0)
*************************************
Satisfiable: true
*************************************

$$$$$$$$$$$$$$$$$$$$$$$$$$$$$$$$
Calling Z3str3

Returned solutions: 
(define-fun int1 () Int  1)
(define-fun int4 () Int  600)
(define-fun int0 () Int  301)
(define-fun int2 () Int  0)
*************************************
Satisfiable: true
*************************************

$$$$$$$$$$$$$$$$$$$$$$$$$$$$$$$$
Calling Z3str3

Returned solutions: 
(define-fun int1 () Int  1)
(define-fun int4 () Int  600)
(define-fun int0 () Int  301)
(define-fun int10 () Int  2)
(define-fun int2 () Int  0)
*************************************
Satisfiable: true
*************************************

$$$$$$$$$$$$$$$$$$$$$$$$$$$$$$$$
Calling Z3str3

Returned solutions: 
(define-fun int1 () Int  1)
(define-fun int4 () Int  600)
(define-fun int0 () Int  301)
(define-fun int2 () Int  0)
(define-fun int10 () Int  1)
*************************************
Satisfiable: true
*************************************

$$$$$$$$$$$$$$$$$$$$$$$$$$$$$$$$
Calling Z3str3

Returned solutions: 
(define-fun int1 () Int  1)
(define-fun int4 () Int  600)
(define-fun int0 () Int  301)
(define-fun int6 () Int  1)
(define-fun int2 () Int  0)
(define-fun int10 () Int  1)
*************************************
Satisfiable: true
*************************************

$$$$$$$$$$$$$$$$$$$$$$$$$$$$$$$$
Calling Z3str3

Returned solutions: 
(define-fun int1 () Int  1)
(define-fun int4 () Int  600)
(define-fun int0 () Int  301)
(define-fun int2 () Int  0)
(define-fun int10 () Int  1)
(define-fun int6 () Int  0)
*************************************
Satisfiable: true
*************************************

$$$$$$$$$$$$$$$$$$$$$$$$$$$$$$$$
Calling Z3str3

Returned solutions: 
(define-fun int1 () Int  1)
(define-fun int4 () Int  600)
(define-fun int0 () Int  301)
(define-fun int7 () Int  400)
(define-fun int2 () Int  0)
(define-fun int10 () Int  1)
(define-fun int6 () Int  0)
*************************************
Satisfiable: true
*************************************

$$$$$$$$$$$$$$$$$$$$$$$$$$$$$$$$
Calling Z3str3

Returned solutions: 
(define-fun int1 () Int  1)
(define-fun int4 () Int  600)
(define-fun int0 () Int  301)
(define-fun int7 () Int  401)
(define-fun int2 () Int  0)
(define-fun int10 () Int  1)
(define-fun int6 () Int  0)
*************************************
Satisfiable: true
*************************************

$$$$$$$$$$$$$$$$$$$$$$$$$$$$$$$$
Calling Z3str3

Returned solutions: 
(define-fun int1 () Int  1)
(define-fun int4 () Int  600)
(define-fun int0 () Int  301)
(define-fun int7 () Int  401)
(define-fun int8 () Int  399)
(define-fun int2 () Int  0)
(define-fun int10 () Int  1)
(define-fun int6 () Int  0)
*************************************
Satisfiable: true
*************************************

$$$$$$$$$$$$$$$$$$$$$$$$$$$$$$$$
Calling Z3str3

Returned solutions: 
(define-fun int1 () Int  1)
(define-fun int4 () Int  600)
(define-fun int0 () Int  301)
(define-fun int7 () Int  401)
(define-fun int8 () Int  400)
(define-fun int2 () Int  0)
(define-fun int10 () Int  1)
(define-fun int6 () Int  0)
*************************************
Satisfiable: true
*************************************

$$$$$$$$$$$$$$$$$$$$$$$$$$$$$$$$
Calling Z3str3

Returned solutions: 
(define-fun int1 () Int  1)
(define-fun int4 () Int  600)
(define-fun int0 () Int  301)
(define-fun int7 () Int  401)
(define-fun int8 () Int  400)
(define-fun int3 () Int  0)
(define-fun int5 () Int  0)
(define-fun int2 () Int  0)
(define-fun int10 () Int  1)
(define-fun int6 () Int  0)
*************************************
Satisfiable: true
*************************************

$$$$$$$$$$$$$$$$$$$$$$$$$$$$$$$$
Calling Z3str3

Returned solutions: 
(define-fun int1 () Int  1)
(define-fun int4 () Int  600)
(define-fun int0 () Int  301)
(define-fun int7 () Int  401)
(define-fun int8 () Int  400)
(define-fun int3 () Int  1)
(define-fun int5 () Int  0)
(define-fun int2 () Int  0)
(define-fun int10 () Int  1)
(define-fun int6 () Int  0)
*************************************
Satisfiable: true
*************************************

$$$$$$$$$$$$$$$$$$$$$$$$$$$$$$$$
Calling Z3str3

Returned solutions: 
(define-fun int6 () Int  (- 1))
(define-fun int1 () Int  1)
(define-fun int4 () Int  600)
(define-fun int0 () Int  301)
(define-fun int2 () Int  0)
(define-fun int10 () Int  1)
*************************************
Satisfiable: true
*************************************

$$$$$$$$$$$$$$$$$$$$$$$$$$$$$$$$
Calling Z3str3

Returned solutions: 
(define-fun int1 () Int  1)
(define-fun int4 () Int  600)
(define-fun int0 () Int  301)
(define-fun int2 () Int  0)
(define-fun int10 () Int  1)
(define-fun int6 () Int  1)
*************************************
Satisfiable: true
*************************************

$$$$$$$$$$$$$$$$$$$$$$$$$$$$$$$$
Calling Z3str3

Returned solutions: 
(define-fun int1 () Int  1)
(define-fun int4 () Int  600)
(define-fun int0 () Int  301)
(define-fun int7 () Int  500)
(define-fun int2 () Int  0)
(define-fun int10 () Int  1)
(define-fun int6 () Int  1)
*************************************
Satisfiable: true
*************************************

$$$$$$$$$$$$$$$$$$$$$$$$$$$$$$$$
Calling Z3str3

Returned solutions: 
(define-fun int1 () Int  1)
(define-fun int4 () Int  600)
(define-fun int0 () Int  301)
(define-fun int7 () Int  501)
(define-fun int2 () Int  0)
(define-fun int10 () Int  1)
(define-fun int6 () Int  1)
*************************************
Satisfiable: true
*************************************

$$$$$$$$$$$$$$$$$$$$$$$$$$$$$$$$
Calling Z3str3

Returned solutions: 
(define-fun int1 () Int  1)
(define-fun int4 () Int  600)
(define-fun int0 () Int  301)
(define-fun int7 () Int  501)
(define-fun int8 () Int  499)
(define-fun int2 () Int  0)
(define-fun int10 () Int  1)
(define-fun int6 () Int  1)
*************************************
Satisfiable: true
*************************************

$$$$$$$$$$$$$$$$$$$$$$$$$$$$$$$$
Calling Z3str3

Returned solutions: 
(define-fun int1 () Int  1)
(define-fun int4 () Int  600)
(define-fun int0 () Int  301)
(define-fun int7 () Int  501)
(define-fun int8 () Int  500)
(define-fun int2 () Int  0)
(define-fun int10 () Int  1)
(define-fun int6 () Int  1)
*************************************
Satisfiable: true
*************************************

$$$$$$$$$$$$$$$$$$$$$$$$$$$$$$$$
Calling Z3str3

Returned solutions: 
(define-fun int1 () Int  1)
(define-fun int4 () Int  600)
(define-fun int0 () Int  301)
(define-fun int7 () Int  501)
(define-fun int8 () Int  500)
(define-fun int3 () Int  0)
(define-fun int5 () Int  0)
(define-fun int2 () Int  0)
(define-fun int10 () Int  1)
(define-fun int6 () Int  1)
*************************************
Satisfiable: true
*************************************

$$$$$$$$$$$$$$$$$$$$$$$$$$$$$$$$
Calling Z3str3

Returned solutions: 
(define-fun int1 () Int  1)
(define-fun int4 () Int  600)
(define-fun int0 () Int  301)
(define-fun int7 () Int  501)
(define-fun int8 () Int  500)
(define-fun int3 () Int  1)
(define-fun int5 () Int  0)
(define-fun int2 () Int  0)
(define-fun int10 () Int  1)
(define-fun int6 () Int  1)
*************************************
Satisfiable: true
*************************************

$$$$$$$$$$$$$$$$$$$$$$$$$$$$$$$$
Calling Z3str3

Returned solutions: 
(define-fun int6 () Int  (- 1))
(define-fun int1 () Int  1)
(define-fun int4 () Int  600)
(define-fun int0 () Int  301)
(define-fun int2 () Int  0)
(define-fun int10 () Int  1)
*************************************
Satisfiable: true
*************************************

$$$$$$$$$$$$$$$$$$$$$$$$$$$$$$$$
Calling Z3str3

Returned solutions: 
(define-fun int1 () Int  1)
(define-fun int4 () Int  600)
(define-fun int0 () Int  301)
(define-fun int2 () Int  0)
(define-fun int10 () Int  1)
(define-fun int6 () Int  2)
*************************************
Satisfiable: true
*************************************

$$$$$$$$$$$$$$$$$$$$$$$$$$$$$$$$
Calling Z3str3

Returned solutions: 
(define-fun int1 () Int  1)
(define-fun int4 () Int  600)
(define-fun int0 () Int  301)
(define-fun int7 () Int  640)
(define-fun int2 () Int  0)
(define-fun int10 () Int  1)
(define-fun int6 () Int  2)
*************************************
Satisfiable: true
*************************************

$$$$$$$$$$$$$$$$$$$$$$$$$$$$$$$$
Calling Z3str3

Returned solutions: 
(define-fun int1 () Int  1)
(define-fun int4 () Int  600)
(define-fun int0 () Int  301)
(define-fun int7 () Int  641)
(define-fun int2 () Int  0)
(define-fun int10 () Int  1)
(define-fun int6 () Int  2)
*************************************
Satisfiable: true
*************************************

$$$$$$$$$$$$$$$$$$$$$$$$$$$$$$$$
Calling Z3str3

Returned solutions: 
(define-fun int1 () Int  1)
(define-fun int4 () Int  600)
(define-fun int0 () Int  301)
(define-fun int7 () Int  641)
(define-fun int8 () Int  639)
(define-fun int2 () Int  0)
(define-fun int10 () Int  1)
(define-fun int6 () Int  2)
*************************************
Satisfiable: true
*************************************

$$$$$$$$$$$$$$$$$$$$$$$$$$$$$$$$
Calling Z3str3

Returned solutions: 
(define-fun int1 () Int  1)
(define-fun int4 () Int  600)
(define-fun int0 () Int  301)
(define-fun int7 () Int  641)
(define-fun int8 () Int  640)
(define-fun int2 () Int  0)
(define-fun int10 () Int  1)
(define-fun int6 () Int  2)
*************************************
Satisfiable: true
*************************************

$$$$$$$$$$$$$$$$$$$$$$$$$$$$$$$$
Calling Z3str3

Returned solutions: 
(define-fun int1 () Int  1)
(define-fun int4 () Int  600)
(define-fun int0 () Int  301)
(define-fun int7 () Int  641)
(define-fun int8 () Int  640)
(define-fun int3 () Int  0)
(define-fun int5 () Int  0)
(define-fun int2 () Int  0)
(define-fun int10 () Int  1)
(define-fun int6 () Int  2)
*************************************
Satisfiable: true
*************************************

$$$$$$$$$$$$$$$$$$$$$$$$$$$$$$$$
Calling Z3str3

Returned solutions: 
(define-fun int1 () Int  1)
(define-fun int4 () Int  600)
(define-fun int0 () Int  301)
(define-fun int7 () Int  641)
(define-fun int8 () Int  640)
(define-fun int3 () Int  1)
(define-fun int5 () Int  0)
(define-fun int2 () Int  0)
(define-fun int10 () Int  1)
(define-fun int6 () Int  2)
*************************************
Satisfiable: true
*************************************

$$$$$$$$$$$$$$$$$$$$$$$$$$$$$$$$
Calling Z3str3

Returned solutions: 
(define-fun int7 () Int  740)
(define-fun int1 () Int  1)
(define-fun int4 () Int  600)
(define-fun int6 () Int  (- 1))
(define-fun int0 () Int  301)
(define-fun int2 () Int  0)
(define-fun int10 () Int  1)
*************************************
Satisfiable: true
*************************************

$$$$$$$$$$$$$$$$$$$$$$$$$$$$$$$$
Calling Z3str3

Returned solutions: 
(define-fun int0 () Int  301)
(define-fun int4 () Int  600)
(define-fun int6 () Int  (- 1))
(define-fun int7 () Int  741)
(define-fun int1 () Int  1)
(define-fun int2 () Int  0)
(define-fun int10 () Int  1)
*************************************
Satisfiable: true
*************************************

$$$$$$$$$$$$$$$$$$$$$$$$$$$$$$$$
Calling Z3str3

Returned solutions: 
(define-fun int1 () Int  1)
(define-fun int8 () Int  739)
(define-fun int0 () Int  301)
(define-fun int6 () Int  3)
(define-fun int7 () Int  741)
(define-fun int4 () Int  600)
(define-fun int2 () Int  0)
(define-fun int10 () Int  1)
*************************************
Satisfiable: true
*************************************

$$$$$$$$$$$$$$$$$$$$$$$$$$$$$$$$
Calling Z3str3

Returned solutions: 
(define-fun int8 () Int  740)
(define-fun int7 () Int  741)
(define-fun int1 () Int  1)
(define-fun int6 () Int  3)
(define-fun int0 () Int  301)
(define-fun int4 () Int  600)
(define-fun int2 () Int  0)
(define-fun int10 () Int  1)
*************************************
Satisfiable: true
*************************************

$$$$$$$$$$$$$$$$$$$$$$$$$$$$$$$$
Calling Z3str3

Returned solutions: 
(define-fun int3 () Int  0)
(define-fun int1 () Int  1)
(define-fun int0 () Int  301)
(define-fun int4 () Int  600)
(define-fun int6 () Int  (- 1))
(define-fun int8 () Int  740)
(define-fun int7 () Int  741)
(define-fun int5 () Int  0)
(define-fun int2 () Int  0)
(define-fun int10 () Int  1)
*************************************
Satisfiable: true
*************************************

$$$$$$$$$$$$$$$$$$$$$$$$$$$$$$$$
Calling Z3str3

Returned solutions: 
(define-fun int0 () Int  301)
(define-fun int3 () Int  1)
(define-fun int6 () Int  (- 1))
(define-fun int4 () Int  600)
(define-fun int1 () Int  1)
(define-fun int7 () Int  741)
(define-fun int8 () Int  740)
(define-fun int5 () Int  0)
(define-fun int2 () Int  0)
(define-fun int10 () Int  1)
*************************************
Satisfiable: true
*************************************

$$$$$$$$$$$$$$$$$$$$$$$$$$$$$$$$
Calling Z3str3

Returned solutions: 
(define-fun int1 () Int  1)
(define-fun int4 () Int  600)
(define-fun int0 () Int  301)
(define-fun int10 () Int  2)
(define-fun int11 () Int  0)
(define-fun int2 () Int  0)
*************************************
Satisfiable: true
*************************************

$$$$$$$$$$$$$$$$$$$$$$$$$$$$$$$$
Calling Z3str3

Returned solutions: 
(define-fun int1 () Int  1)
(define-fun int4 () Int  600)
(define-fun int0 () Int  301)
(define-fun int10 () Int  2)
(define-fun int11 () Int  1)
(define-fun int2 () Int  0)
*************************************
Satisfiable: true
*************************************

$$$$$$$$$$$$$$$$$$$$$$$$$$$$$$$$
Calling Z3str3

Returned solutions: 
(define-fun int1 () Int  1)
(define-fun int4 () Int  600)
(define-fun int0 () Int  301)
(define-fun int10 () Int  2)
(define-fun int11 () Int  1)
(define-fun int7 () Int  0)
(define-fun int8 () Int  100)
(define-fun int2 () Int  0)
*************************************
Satisfiable: true
*************************************

$$$$$$$$$$$$$$$$$$$$$$$$$$$$$$$$
Calling Z3str3

Returned solutions: 
(define-fun int1 () Int  1)
(define-fun int4 () Int  600)
(define-fun int0 () Int  301)
(define-fun int10 () Int  2)
(define-fun int11 () Int  1)
(define-fun int7 () Int  1)
(define-fun int8 () Int  100)
(define-fun int2 () Int  0)
*************************************
Satisfiable: true
*************************************

$$$$$$$$$$$$$$$$$$$$$$$$$$$$$$$$
Calling Z3str3

Returned solutions: 
(define-fun int1 () Int  1)
(define-fun int4 () Int  600)
(define-fun int0 () Int  301)
(define-fun int10 () Int  2)
(define-fun int11 () Int  1)
(define-fun int7 () Int  1)
(define-fun int6 () Int  1)
(define-fun int8 () Int  100)
(define-fun int2 () Int  0)
*************************************
Satisfiable: true
*************************************

$$$$$$$$$$$$$$$$$$$$$$$$$$$$$$$$
Calling Z3str3

Returned solutions: 
(define-fun int1 () Int  1)
(define-fun int4 () Int  600)
(define-fun int0 () Int  301)
(define-fun int10 () Int  2)
(define-fun int11 () Int  1)
(define-fun int7 () Int  1)
(define-fun int8 () Int  100)
(define-fun int2 () Int  0)
(define-fun int6 () Int  0)
*************************************
Satisfiable: true
*************************************

$$$$$$$$$$$$$$$$$$$$$$$$$$$$$$$$
Calling Z3str3

Returned solutions: 
(define-fun int1 () Int  1)
(define-fun int4 () Int  600)
(define-fun int0 () Int  301)
(define-fun int10 () Int  2)
(define-fun int11 () Int  1)
(define-fun int7 () Int  301)
(define-fun int8 () Int  400)
(define-fun int2 () Int  0)
(define-fun int6 () Int  0)
*************************************
Satisfiable: true
*************************************

$$$$$$$$$$$$$$$$$$$$$$$$$$$$$$$$
Calling Z3str3

Returned solutions: 
(define-fun int1 () Int  1)
(define-fun int4 () Int  600)
(define-fun int0 () Int  301)
(define-fun int10 () Int  2)
(define-fun int11 () Int  1)
(define-fun int7 () Int  300)
(define-fun int8 () Int  399)
(define-fun int2 () Int  0)
(define-fun int6 () Int  0)
*************************************
Satisfiable: true
*************************************

$$$$$$$$$$$$$$$$$$$$$$$$$$$$$$$$
Calling Z3str3

Returned solutions: 
(define-fun int1 () Int  1)
(define-fun int4 () Int  600)
(define-fun int0 () Int  301)
(define-fun int10 () Int  2)
(define-fun int11 () Int  1)
(define-fun int7 () Int  300)
(define-fun int8 () Int  399)
(define-fun int3 () Int  0)
(define-fun int5 () Int  0)
(define-fun int2 () Int  0)
(define-fun int6 () Int  0)
*************************************
Satisfiable: true
*************************************

$$$$$$$$$$$$$$$$$$$$$$$$$$$$$$$$
Calling Z3str3

Returned solutions: 
(define-fun int1 () Int  1)
(define-fun int4 () Int  600)
(define-fun int0 () Int  301)
(define-fun int10 () Int  2)
(define-fun int11 () Int  1)
(define-fun int7 () Int  300)
(define-fun int8 () Int  399)
(define-fun int5 () Int  1)
(define-fun int3 () Int  0)
(define-fun int2 () Int  0)
(define-fun int6 () Int  0)
*************************************
Satisfiable: true
*************************************

$$$$$$$$$$$$$$$$$$$$$$$$$$$$$$$$
Calling Z3str3

Returned solutions: 
(define-fun int1 () Int  1)
(define-fun int4 () Int  600)
(define-fun int0 () Int  301)
(define-fun int10 () Int  2)
(define-fun int11 () Int  1)
(define-fun int7 () Int  300)
(define-fun int8 () Int  399)
(define-fun int5 () Int  1)
(define-fun int3 () Int  0)
(define-fun int2 () Int  0)
(define-fun int6 () Int  0)
*************************************
Satisfiable: true
*************************************

$$$$$$$$$$$$$$$$$$$$$$$$$$$$$$$$
Calling Z3str3

Returned solutions: 
(define-fun int1 () Int  1)
(define-fun int4 () Int  600)
(define-fun int0 () Int  301)
(define-fun int10 () Int  2)
(define-fun int11 () Int  1)
(define-fun int7 () Int  300)
(define-fun int8 () Int  399)
(define-fun int5 () Int  1)
(define-fun int3 () Int  0)
(define-fun int2 () Int  0)
(define-fun int6 () Int  0)
*************************************
Satisfiable: true
*************************************

$$$$$$$$$$$$$$$$$$$$$$$$$$$$$$$$
Calling Z3str3

Returned solutions: 
(define-fun int1 () Int  1)
(define-fun int4 () Int  600)
(define-fun int0 () Int  301)
(define-fun int10 () Int  2)
(define-fun int11 () Int  1)
(define-fun int7 () Int  300)
(define-fun int8 () Int  399)
(define-fun int5 () Int  1)
(define-fun int3 () Int  0)
(define-fun int2 () Int  0)
(define-fun int6 () Int  0)
*************************************
Satisfiable: true
*************************************

$$$$$$$$$$$$$$$$$$$$$$$$$$$$$$$$
Calling Z3str3

Returned solutions: 
(define-fun int1 () Int  1)
(define-fun int4 () Int  600)
(define-fun int0 () Int  301)
(define-fun int10 () Int  2)
(define-fun int11 () Int  1)
(define-fun int7 () Int  300)
(define-fun int8 () Int  399)
(define-fun int5 () Int  1)
(define-fun int3 () Int  0)
(define-fun int2 () Int  0)
(define-fun int6 () Int  0)
*************************************
Satisfiable: true
*************************************

$$$$$$$$$$$$$$$$$$$$$$$$$$$$$$$$
Calling Z3str3

Returned solutions: 
(define-fun int10 () Int  2)
(define-fun int4 () Int  600)
(define-fun int11 () Int  1)
(define-fun int7 () Int  300)
(define-fun int0 () Int  600)
(define-fun int8 () Int  399)
(define-fun int5 () Int  1)
(define-fun int1 () Int  1)
(define-fun int3 () Int  0)
(define-fun int2 () Int  0)
(define-fun int6 () Int  0)
*************************************
Satisfiable: true
*************************************

$$$$$$$$$$$$$$$$$$$$$$$$$$$$$$$$
Calling Z3str3

Returned solutions: 
(define-fun int7 () Int  300)
(define-fun int11 () Int  1)
(define-fun int8 () Int  399)
(define-fun int1 () Int  1)
(define-fun int5 () Int  1)
(define-fun int4 () Int  600)
(define-fun int0 () Int  515)
(define-fun int10 () Int  2)
(define-fun int3 () Int  0)
(define-fun int2 () Int  0)
(define-fun int6 () Int  0)
*************************************
Satisfiable: true
*************************************

$$$$$$$$$$$$$$$$$$$$$$$$$$$$$$$$
Calling Z3str3

Returned solutions: 
(define-fun int7 () Int  300)
(define-fun int11 () Int  1)
(define-fun int8 () Int  399)
(define-fun int1 () Int  1)
(define-fun int5 () Int  1)
(define-fun int4 () Int  600)
(define-fun int0 () Int  515)
(define-fun int10 () Int  2)
(define-fun int3 () Int  0)
(define-fun int2 () Int  0)
(define-fun int6 () Int  0)
*************************************
Satisfiable: true
*************************************

$$$$$$$$$$$$$$$$$$$$$$$$$$$$$$$$
Calling Z3str3

Returned solutions: 
(define-fun int7 () Int  0)
(define-fun int5 () Int  1)
(define-fun int4 () Int  600)
(define-fun int1 () Int  1)
(define-fun int0 () Int  301)
(define-fun int10 () Int  2)
(define-fun int8 () Int  0)
(define-fun int11 () Int  1)
(define-fun int3 () Int  0)
(define-fun int2 () Int  0)
(define-fun int6 () Int  0)
*************************************
Satisfiable: true
*************************************

$$$$$$$$$$$$$$$$$$$$$$$$$$$$$$$$
Calling Z3str3

Returned solutions: 
(define-fun int7 () Int  401)
(define-fun int5 () Int  1)
(define-fun int4 () Int  600)
(define-fun int1 () Int  1)
(define-fun int0 () Int  301)
(define-fun int10 () Int  2)
(define-fun int8 () Int  0)
(define-fun int11 () Int  1)
(define-fun int3 () Int  0)
(define-fun int2 () Int  0)
(define-fun int6 () Int  0)
*************************************
Satisfiable: true
*************************************

$$$$$$$$$$$$$$$$$$$$$$$$$$$$$$$$
Calling Z3str3

Returned solutions: 
(define-fun int7 () Int  401)
(define-fun int5 () Int  1)
(define-fun int4 () Int  600)
(define-fun int1 () Int  1)
(define-fun int0 () Int  301)
(define-fun int10 () Int  2)
(define-fun int8 () Int  0)
(define-fun int11 () Int  1)
(define-fun int3 () Int  0)
(define-fun int2 () Int  0)
(define-fun int6 () Int  0)
*************************************
Satisfiable: true
*************************************


====================================================== search constraint
depth limit reached: 13

====================================================== snapshot 
no live threads

====================================================== search constraint
depth limit reached: 13

====================================================== snapshot 
no live threads
$$$$$$$$$$$$$$$$$$$$$$$$$$$$$$$$
Calling Z3str3

Returned solutions: 
(define-fun int10 () Int  2)
(define-fun int4 () Int  600)
(define-fun int11 () Int  1)
(define-fun int7 () Int  300)
(define-fun int0 () Int  600)
(define-fun int8 () Int  399)
(define-fun int5 () Int  1)
(define-fun int1 () Int  1)
(define-fun int3 () Int  0)
(define-fun int2 () Int  0)
(define-fun int6 () Int  0)
*************************************
Satisfiable: true
*************************************

$$$$$$$$$$$$$$$$$$$$$$$$$$$$$$$$
Calling Z3str3

Returned solutions: 
(define-fun int10 () Int  2)
(define-fun int4 () Int  600)
(define-fun int11 () Int  1)
(define-fun int7 () Int  300)
(define-fun int0 () Int  600)
(define-fun int8 () Int  399)
(define-fun int5 () Int  1)
(define-fun int1 () Int  1)
(define-fun int3 () Int  0)
(define-fun int2 () Int  0)
(define-fun int6 () Int  0)
*************************************
Satisfiable: true
*************************************

$$$$$$$$$$$$$$$$$$$$$$$$$$$$$$$$
Calling Z3str3

Returned solutions: 
(define-fun int7 () Int  0)
(define-fun int5 () Int  1)
(define-fun int4 () Int  600)
(define-fun int1 () Int  1)
(define-fun int0 () Int  600)
(define-fun int10 () Int  2)
(define-fun int8 () Int  0)
(define-fun int11 () Int  1)
(define-fun int3 () Int  0)
(define-fun int2 () Int  0)
(define-fun int6 () Int  0)
*************************************
Satisfiable: true
*************************************

$$$$$$$$$$$$$$$$$$$$$$$$$$$$$$$$
Calling Z3str3

Returned solutions: 
(define-fun int7 () Int  401)
(define-fun int5 () Int  1)
(define-fun int4 () Int  600)
(define-fun int1 () Int  1)
(define-fun int0 () Int  600)
(define-fun int10 () Int  2)
(define-fun int8 () Int  0)
(define-fun int11 () Int  1)
(define-fun int3 () Int  0)
(define-fun int2 () Int  0)
(define-fun int6 () Int  0)
*************************************
Satisfiable: true
*************************************

$$$$$$$$$$$$$$$$$$$$$$$$$$$$$$$$
Calling Z3str3

Returned solutions: 
(define-fun int7 () Int  401)
(define-fun int5 () Int  1)
(define-fun int4 () Int  600)
(define-fun int1 () Int  1)
(define-fun int0 () Int  600)
(define-fun int10 () Int  2)
(define-fun int8 () Int  0)
(define-fun int11 () Int  1)
(define-fun int3 () Int  0)
(define-fun int2 () Int  0)
(define-fun int6 () Int  0)
*************************************
Satisfiable: true
*************************************


====================================================== search constraint
depth limit reached: 13

====================================================== snapshot 
no live threads

====================================================== search constraint
depth limit reached: 13

====================================================== snapshot 
no live threads
$$$$$$$$$$$$$$$$$$$$$$$$$$$$$$$$
Calling Z3str3

Returned solutions: 
(define-fun int1 () Int  1)
(define-fun int4 () Int  600)
(define-fun int0 () Int  301)
(define-fun int10 () Int  2)
(define-fun int11 () Int  1)
(define-fun int7 () Int  300)
(define-fun int8 () Int  399)
(define-fun int3 () Int  0)
(define-fun int5 () Int  0)
(define-fun int2 () Int  0)
(define-fun int6 () Int  0)
*************************************
Satisfiable: true
*************************************

$$$$$$$$$$$$$$$$$$$$$$$$$$$$$$$$
Calling Z3str3

Returned solutions: 
(define-fun int1 () Int  1)
(define-fun int4 () Int  600)
(define-fun int0 () Int  301)
(define-fun int10 () Int  2)
(define-fun int11 () Int  1)
(define-fun int7 () Int  300)
(define-fun int8 () Int  399)
(define-fun int3 () Int  0)
(define-fun int5 () Int  0)
(define-fun int2 () Int  0)
(define-fun int6 () Int  0)
*************************************
Satisfiable: true
*************************************

$$$$$$$$$$$$$$$$$$$$$$$$$$$$$$$$
Calling Z3str3

Returned solutions: 
(define-fun int1 () Int  1)
(define-fun int4 () Int  600)
(define-fun int0 () Int  301)
(define-fun int10 () Int  2)
(define-fun int11 () Int  1)
(define-fun int7 () Int  300)
(define-fun int8 () Int  399)
(define-fun int3 () Int  0)
(define-fun int5 () Int  0)
(define-fun int2 () Int  0)
(define-fun int6 () Int  0)
*************************************
Satisfiable: true
*************************************

$$$$$$$$$$$$$$$$$$$$$$$$$$$$$$$$
Calling Z3str3

Returned solutions: 
(define-fun int1 () Int  1)
(define-fun int4 () Int  600)
(define-fun int0 () Int  301)
(define-fun int10 () Int  2)
(define-fun int11 () Int  1)
(define-fun int7 () Int  300)
(define-fun int8 () Int  399)
(define-fun int3 () Int  0)
(define-fun int5 () Int  0)
(define-fun int2 () Int  0)
(define-fun int6 () Int  0)
*************************************
Satisfiable: true
*************************************

$$$$$$$$$$$$$$$$$$$$$$$$$$$$$$$$
Calling Z3str3

Returned solutions: 
(define-fun int3 () Int  0)
(define-fun int1 () Int  1)
(define-fun int4 () Int  600)
(define-fun int10 () Int  2)
(define-fun int11 () Int  1)
(define-fun int0 () Int  600)
(define-fun int7 () Int  300)
(define-fun int8 () Int  399)
(define-fun int5 () Int  0)
(define-fun int2 () Int  0)
(define-fun int6 () Int  0)
*************************************
Satisfiable: true
*************************************

$$$$$$$$$$$$$$$$$$$$$$$$$$$$$$$$
Calling Z3str3

Returned solutions: 
(define-fun int11 () Int  1)
(define-fun int7 () Int  300)
(define-fun int10 () Int  2)
(define-fun int8 () Int  399)
(define-fun int1 () Int  1)
(define-fun int3 () Int  0)
(define-fun int4 () Int  600)
(define-fun int0 () Int  515)
(define-fun int5 () Int  0)
(define-fun int2 () Int  0)
(define-fun int6 () Int  0)
*************************************
Satisfiable: true
*************************************

$$$$$$$$$$$$$$$$$$$$$$$$$$$$$$$$
Calling Z3str3

Returned solutions: 
(define-fun int11 () Int  1)
(define-fun int7 () Int  300)
(define-fun int10 () Int  2)
(define-fun int8 () Int  399)
(define-fun int1 () Int  1)
(define-fun int3 () Int  0)
(define-fun int4 () Int  600)
(define-fun int0 () Int  515)
(define-fun int5 () Int  0)
(define-fun int2 () Int  0)
(define-fun int6 () Int  0)
*************************************
Satisfiable: true
*************************************

$$$$$$$$$$$$$$$$$$$$$$$$$$$$$$$$
Calling Z3str3

Returned solutions: 
(define-fun int3 () Int  0)
(define-fun int11 () Int  1)
(define-fun int7 () Int  0)
(define-fun int4 () Int  600)
(define-fun int0 () Int  301)
(define-fun int1 () Int  1)
(define-fun int8 () Int  0)
(define-fun int10 () Int  2)
(define-fun int5 () Int  0)
(define-fun int2 () Int  0)
(define-fun int6 () Int  0)
*************************************
Satisfiable: true
*************************************

$$$$$$$$$$$$$$$$$$$$$$$$$$$$$$$$
Calling Z3str3

Returned solutions: 
(define-fun int3 () Int  0)
(define-fun int11 () Int  1)
(define-fun int7 () Int  401)
(define-fun int4 () Int  600)
(define-fun int0 () Int  301)
(define-fun int1 () Int  1)
(define-fun int8 () Int  0)
(define-fun int10 () Int  2)
(define-fun int5 () Int  0)
(define-fun int2 () Int  0)
(define-fun int6 () Int  0)
*************************************
Satisfiable: true
*************************************

$$$$$$$$$$$$$$$$$$$$$$$$$$$$$$$$
Calling Z3str3

Returned solutions: 
(define-fun int3 () Int  0)
(define-fun int11 () Int  1)
(define-fun int7 () Int  401)
(define-fun int4 () Int  600)
(define-fun int0 () Int  301)
(define-fun int1 () Int  1)
(define-fun int8 () Int  0)
(define-fun int10 () Int  2)
(define-fun int5 () Int  0)
(define-fun int2 () Int  0)
(define-fun int6 () Int  0)
*************************************
Satisfiable: true
*************************************


====================================================== search constraint
depth limit reached: 13

====================================================== snapshot 
no live threads

====================================================== search constraint
depth limit reached: 13

====================================================== snapshot 
no live threads
$$$$$$$$$$$$$$$$$$$$$$$$$$$$$$$$
Calling Z3str3

Returned solutions: 
(define-fun int3 () Int  0)
(define-fun int1 () Int  1)
(define-fun int4 () Int  600)
(define-fun int10 () Int  2)
(define-fun int11 () Int  1)
(define-fun int0 () Int  600)
(define-fun int7 () Int  300)
(define-fun int8 () Int  399)
(define-fun int5 () Int  0)
(define-fun int2 () Int  0)
(define-fun int6 () Int  0)
*************************************
Satisfiable: true
*************************************

$$$$$$$$$$$$$$$$$$$$$$$$$$$$$$$$
Calling Z3str3

Returned solutions: 
(define-fun int3 () Int  0)
(define-fun int1 () Int  1)
(define-fun int4 () Int  600)
(define-fun int10 () Int  2)
(define-fun int11 () Int  1)
(define-fun int0 () Int  600)
(define-fun int7 () Int  300)
(define-fun int8 () Int  399)
(define-fun int5 () Int  0)
(define-fun int2 () Int  0)
(define-fun int6 () Int  0)
*************************************
Satisfiable: true
*************************************

$$$$$$$$$$$$$$$$$$$$$$$$$$$$$$$$
Calling Z3str3

Returned solutions: 
(define-fun int3 () Int  0)
(define-fun int11 () Int  1)
(define-fun int7 () Int  0)
(define-fun int4 () Int  600)
(define-fun int0 () Int  600)
(define-fun int1 () Int  1)
(define-fun int8 () Int  0)
(define-fun int10 () Int  2)
(define-fun int5 () Int  0)
(define-fun int2 () Int  0)
(define-fun int6 () Int  0)
*************************************
Satisfiable: true
*************************************

$$$$$$$$$$$$$$$$$$$$$$$$$$$$$$$$
Calling Z3str3

Returned solutions: 
(define-fun int3 () Int  0)
(define-fun int11 () Int  1)
(define-fun int7 () Int  401)
(define-fun int4 () Int  600)
(define-fun int0 () Int  600)
(define-fun int1 () Int  1)
(define-fun int8 () Int  0)
(define-fun int10 () Int  2)
(define-fun int5 () Int  0)
(define-fun int2 () Int  0)
(define-fun int6 () Int  0)
*************************************
Satisfiable: true
*************************************

$$$$$$$$$$$$$$$$$$$$$$$$$$$$$$$$
Calling Z3str3

Returned solutions: 
(define-fun int3 () Int  0)
(define-fun int11 () Int  1)
(define-fun int7 () Int  401)
(define-fun int4 () Int  600)
(define-fun int0 () Int  600)
(define-fun int1 () Int  1)
(define-fun int8 () Int  0)
(define-fun int10 () Int  2)
(define-fun int5 () Int  0)
(define-fun int2 () Int  0)
(define-fun int6 () Int  0)
*************************************
Satisfiable: true
*************************************


====================================================== search constraint
depth limit reached: 13

====================================================== snapshot 
no live threads

====================================================== search constraint
depth limit reached: 13

====================================================== snapshot 
no live threads
$$$$$$$$$$$$$$$$$$$$$$$$$$$$$$$$
Calling Z3str3

Returned solutions: 
(define-fun int1 () Int  1)
(define-fun int4 () Int  600)
(define-fun int0 () Int  301)
(define-fun int10 () Int  2)
(define-fun int11 () Int  1)
(define-fun int7 () Int  301)
(define-fun int8 () Int  400)
(define-fun int2 () Int  0)
(define-fun int6 () Int  0)
*************************************
Satisfiable: true
*************************************

$$$$$$$$$$$$$$$$$$$$$$$$$$$$$$$$
Calling Z3str3

Returned solutions: 
(define-fun int1 () Int  1)
(define-fun int4 () Int  600)
(define-fun int0 () Int  301)
(define-fun int10 () Int  2)
(define-fun int11 () Int  1)
(define-fun int7 () Int  301)
(define-fun int8 () Int  400)
(define-fun int2 () Int  0)
(define-fun int6 () Int  0)
*************************************
Satisfiable: true
*************************************

$$$$$$$$$$$$$$$$$$$$$$$$$$$$$$$$
Calling Z3str3

Returned solutions: 
(define-fun int1 () Int  1)
(define-fun int4 () Int  600)
(define-fun int0 () Int  301)
(define-fun int10 () Int  2)
(define-fun int11 () Int  1)
(define-fun int7 () Int  301)
(define-fun int8 () Int  400)
(define-fun int2 () Int  0)
(define-fun int6 () Int  0)
*************************************
Satisfiable: true
*************************************

$$$$$$$$$$$$$$$$$$$$$$$$$$$$$$$$
Calling Z3str3

Returned solutions: 
(define-fun int1 () Int  1)
(define-fun int4 () Int  600)
(define-fun int0 () Int  301)
(define-fun int10 () Int  2)
(define-fun int11 () Int  1)
(define-fun int7 () Int  301)
(define-fun int8 () Int  400)
(define-fun int3 () Int  0)
(define-fun int5 () Int  0)
(define-fun int2 () Int  0)
(define-fun int6 () Int  0)
*************************************
Satisfiable: true
*************************************

$$$$$$$$$$$$$$$$$$$$$$$$$$$$$$$$
Calling Z3str3

Returned solutions: 
(define-fun int1 () Int  1)
(define-fun int4 () Int  600)
(define-fun int0 () Int  301)
(define-fun int10 () Int  2)
(define-fun int11 () Int  1)
(define-fun int7 () Int  301)
(define-fun int8 () Int  400)
(define-fun int5 () Int  1)
(define-fun int3 () Int  0)
(define-fun int2 () Int  0)
(define-fun int6 () Int  0)
*************************************
Satisfiable: true
*************************************

$$$$$$$$$$$$$$$$$$$$$$$$$$$$$$$$
Calling Z3str3

Returned solutions: 
(define-fun int10 () Int  2)
(define-fun int4 () Int  600)
(define-fun int11 () Int  1)
(define-fun int7 () Int  301)
(define-fun int0 () Int  600)
(define-fun int8 () Int  400)
(define-fun int5 () Int  1)
(define-fun int1 () Int  1)
(define-fun int3 () Int  0)
(define-fun int2 () Int  0)
(define-fun int6 () Int  0)
*************************************
Satisfiable: true
*************************************

$$$$$$$$$$$$$$$$$$$$$$$$$$$$$$$$
Calling Z3str3

Returned solutions: 
(define-fun int11 () Int  1)
(define-fun int7 () Int  301)
(define-fun int10 () Int  2)
(define-fun int8 () Int  400)
(define-fun int1 () Int  1)
(define-fun int5 () Int  1)
(define-fun int4 () Int  600)
(define-fun int0 () Int  515)
(define-fun int3 () Int  0)
(define-fun int2 () Int  0)
(define-fun int6 () Int  0)
*************************************
Satisfiable: true
*************************************

$$$$$$$$$$$$$$$$$$$$$$$$$$$$$$$$
Calling Z3str3

Returned solutions: 
(define-fun int11 () Int  1)
(define-fun int7 () Int  301)
(define-fun int10 () Int  2)
(define-fun int8 () Int  400)
(define-fun int1 () Int  1)
(define-fun int5 () Int  1)
(define-fun int4 () Int  600)
(define-fun int0 () Int  515)
(define-fun int3 () Int  0)
(define-fun int2 () Int  0)
(define-fun int6 () Int  0)
*************************************
Satisfiable: true
*************************************

$$$$$$$$$$$$$$$$$$$$$$$$$$$$$$$$
Calling Z3str3

Returned solutions: 
(define-fun int7 () Int  301)
(define-fun int5 () Int  1)
(define-fun int4 () Int  600)
(define-fun int1 () Int  1)
(define-fun int0 () Int  301)
(define-fun int10 () Int  2)
(define-fun int8 () Int  400)
(define-fun int11 () Int  1)
(define-fun int3 () Int  0)
(define-fun int2 () Int  0)
(define-fun int6 () Int  0)
*************************************
Satisfiable: true
*************************************

$$$$$$$$$$$$$$$$$$$$$$$$$$$$$$$$
Calling Z3str3

Returned solutions: 
(define-fun int7 () Int  401)
(define-fun int5 () Int  1)
(define-fun int4 () Int  600)
(define-fun int1 () Int  1)
(define-fun int0 () Int  301)
(define-fun int10 () Int  2)
(define-fun int8 () Int  400)
(define-fun int11 () Int  1)
(define-fun int3 () Int  0)
(define-fun int2 () Int  0)
(define-fun int6 () Int  0)
*************************************
Satisfiable: true
*************************************

$$$$$$$$$$$$$$$$$$$$$$$$$$$$$$$$
Calling Z3str3

Returned solutions: 
(define-fun int7 () Int  401)
(define-fun int5 () Int  1)
(define-fun int4 () Int  600)
(define-fun int1 () Int  1)
(define-fun int0 () Int  301)
(define-fun int10 () Int  2)
(define-fun int8 () Int  400)
(define-fun int11 () Int  1)
(define-fun int3 () Int  0)
(define-fun int2 () Int  0)
(define-fun int6 () Int  0)
*************************************
Satisfiable: true
*************************************

$$$$$$$$$$$$$$$$$$$$$$$$$$$$$$$$
Calling Z3str3

Returned solutions: 
(define-fun int7 () Int  401)
(define-fun int10 () Int  2)
(define-fun int3 () Int  0)
(define-fun int11 () Int  1)
(define-fun int5 () Int  1)
(define-fun int0 () Int  301)
(define-fun int4 () Int  600)
(define-fun int8 () Int  400)
(define-fun int1 () Int  1)
(define-fun int2 () Int  0)
(define-fun int6 () Int  0)
*************************************
Satisfiable: true
*************************************


====================================================== search constraint
depth limit reached: 13

====================================================== snapshot 
no live threads

====================================================== search constraint
depth limit reached: 13

====================================================== snapshot 
no live threads
$$$$$$$$$$$$$$$$$$$$$$$$$$$$$$$$
Calling Z3str3

Returned solutions: 
(define-fun int10 () Int  2)
(define-fun int4 () Int  600)
(define-fun int11 () Int  1)
(define-fun int7 () Int  301)
(define-fun int0 () Int  600)
(define-fun int8 () Int  400)
(define-fun int5 () Int  1)
(define-fun int1 () Int  1)
(define-fun int3 () Int  0)
(define-fun int2 () Int  0)
(define-fun int6 () Int  0)
*************************************
Satisfiable: true
*************************************

$$$$$$$$$$$$$$$$$$$$$$$$$$$$$$$$
Calling Z3str3

Returned solutions: 
(define-fun int8 () Int  400)
(define-fun int3 () Int  (- 1))
(define-fun int5 () Int  0)
(define-fun int1 () Int  1)
(define-fun int4 () Int  600)
(define-fun int10 () Int  2)
(define-fun int0 () Int  600)
(define-fun int11 () Int  1)
(define-fun int7 () Int  301)
(define-fun int2 () Int  0)
(define-fun int6 () Int  0)
*************************************
Satisfiable: true
*************************************

$$$$$$$$$$$$$$$$$$$$$$$$$$$$$$$$
Calling Z3str3

Returned solutions: 
(define-fun int10 () Int  2)
(define-fun int4 () Int  600)
(define-fun int11 () Int  1)
(define-fun int7 () Int  301)
(define-fun int0 () Int  600)
(define-fun int8 () Int  400)
(define-fun int5 () Int  1)
(define-fun int1 () Int  1)
(define-fun int3 () Int  0)
(define-fun int2 () Int  0)
(define-fun int6 () Int  0)
*************************************
Satisfiable: true
*************************************

$$$$$$$$$$$$$$$$$$$$$$$$$$$$$$$$
Calling Z3str3

Returned solutions: 
(define-fun int7 () Int  301)
(define-fun int5 () Int  1)
(define-fun int4 () Int  600)
(define-fun int1 () Int  1)
(define-fun int0 () Int  600)
(define-fun int10 () Int  2)
(define-fun int8 () Int  400)
(define-fun int11 () Int  1)
(define-fun int3 () Int  0)
(define-fun int2 () Int  0)
(define-fun int6 () Int  0)
*************************************
Satisfiable: true
*************************************

$$$$$$$$$$$$$$$$$$$$$$$$$$$$$$$$
Calling Z3str3

Returned solutions: 
(define-fun int7 () Int  401)
(define-fun int5 () Int  1)
(define-fun int4 () Int  600)
(define-fun int1 () Int  1)
(define-fun int0 () Int  600)
(define-fun int10 () Int  2)
(define-fun int8 () Int  400)
(define-fun int11 () Int  1)
(define-fun int3 () Int  0)
(define-fun int2 () Int  0)
(define-fun int6 () Int  0)
*************************************
Satisfiable: true
*************************************

$$$$$$$$$$$$$$$$$$$$$$$$$$$$$$$$
Calling Z3str3

Returned solutions: 
(define-fun int7 () Int  401)
(define-fun int5 () Int  1)
(define-fun int4 () Int  600)
(define-fun int1 () Int  1)
(define-fun int0 () Int  600)
(define-fun int10 () Int  2)
(define-fun int8 () Int  400)
(define-fun int11 () Int  1)
(define-fun int3 () Int  0)
(define-fun int2 () Int  0)
(define-fun int6 () Int  0)
*************************************
Satisfiable: true
*************************************

$$$$$$$$$$$$$$$$$$$$$$$$$$$$$$$$
Calling Z3str3

Returned solutions: 
(define-fun int7 () Int  401)
(define-fun int10 () Int  2)
(define-fun int3 () Int  0)
(define-fun int11 () Int  1)
(define-fun int5 () Int  1)
(define-fun int0 () Int  600)
(define-fun int4 () Int  600)
(define-fun int8 () Int  400)
(define-fun int1 () Int  1)
(define-fun int2 () Int  0)
(define-fun int6 () Int  0)
*************************************
Satisfiable: true
*************************************


====================================================== search constraint
depth limit reached: 13

====================================================== snapshot 
no live threads

====================================================== search constraint
depth limit reached: 13

====================================================== snapshot 
no live threads
$$$$$$$$$$$$$$$$$$$$$$$$$$$$$$$$
Calling Z3str3

Returned solutions: 
(define-fun int3 () Int  0)
(define-fun int1 () Int  1)
(define-fun int4 () Int  600)
(define-fun int10 () Int  2)
(define-fun int11 () Int  1)
(define-fun int0 () Int  600)
(define-fun int7 () Int  301)
(define-fun int8 () Int  400)
(define-fun int5 () Int  0)
(define-fun int2 () Int  0)
(define-fun int6 () Int  0)
*************************************
Satisfiable: true
*************************************

$$$$$$$$$$$$$$$$$$$$$$$$$$$$$$$$
Calling Z3str3

Returned solutions: 
(define-fun int0 () Int  515)
(define-fun int10 () Int  2)
(define-fun int11 () Int  1)
(define-fun int7 () Int  301)
(define-fun int4 () Int  600)
(define-fun int8 () Int  400)
(define-fun int1 () Int  1)
(define-fun int3 () Int  0)
(define-fun int5 () Int  0)
(define-fun int2 () Int  0)
(define-fun int6 () Int  0)
*************************************
Satisfiable: true
*************************************

$$$$$$$$$$$$$$$$$$$$$$$$$$$$$$$$
Calling Z3str3

Returned solutions: 
(define-fun int0 () Int  515)
(define-fun int10 () Int  2)
(define-fun int11 () Int  1)
(define-fun int7 () Int  301)
(define-fun int4 () Int  600)
(define-fun int8 () Int  400)
(define-fun int1 () Int  1)
(define-fun int3 () Int  0)
(define-fun int5 () Int  0)
(define-fun int2 () Int  0)
(define-fun int6 () Int  0)
*************************************
Satisfiable: true
*************************************

$$$$$$$$$$$$$$$$$$$$$$$$$$$$$$$$
Calling Z3str3

Returned solutions: 
(define-fun int3 () Int  0)
(define-fun int11 () Int  1)
(define-fun int7 () Int  301)
(define-fun int4 () Int  600)
(define-fun int0 () Int  301)
(define-fun int1 () Int  1)
(define-fun int8 () Int  400)
(define-fun int10 () Int  2)
(define-fun int5 () Int  0)
(define-fun int2 () Int  0)
(define-fun int6 () Int  0)
*************************************
Satisfiable: true
*************************************

$$$$$$$$$$$$$$$$$$$$$$$$$$$$$$$$
Calling Z3str3

Returned solutions: 
(define-fun int3 () Int  0)
(define-fun int11 () Int  1)
(define-fun int7 () Int  401)
(define-fun int4 () Int  600)
(define-fun int0 () Int  301)
(define-fun int1 () Int  1)
(define-fun int8 () Int  400)
(define-fun int10 () Int  2)
(define-fun int5 () Int  0)
(define-fun int2 () Int  0)
(define-fun int6 () Int  0)
*************************************
Satisfiable: true
*************************************

$$$$$$$$$$$$$$$$$$$$$$$$$$$$$$$$
Calling Z3str3

Returned solutions: 
(define-fun int3 () Int  0)
(define-fun int11 () Int  1)
(define-fun int7 () Int  401)
(define-fun int4 () Int  600)
(define-fun int0 () Int  301)
(define-fun int1 () Int  1)
(define-fun int8 () Int  400)
(define-fun int10 () Int  2)
(define-fun int5 () Int  0)
(define-fun int2 () Int  0)
(define-fun int6 () Int  0)
*************************************
Satisfiable: true
*************************************

$$$$$$$$$$$$$$$$$$$$$$$$$$$$$$$$
Calling Z3str3

Returned solutions: 
(define-fun int7 () Int  401)
(define-fun int10 () Int  2)
(define-fun int3 () Int  0)
(define-fun int11 () Int  1)
(define-fun int5 () Int  0)
(define-fun int0 () Int  301)
(define-fun int4 () Int  600)
(define-fun int8 () Int  400)
(define-fun int1 () Int  1)
(define-fun int2 () Int  0)
(define-fun int6 () Int  0)
*************************************
Satisfiable: true
*************************************

$$$$$$$$$$$$$$$$$$$$$$$$$$$$$$$$
Calling Z3str3

Returned solutions: 
(define-fun int7 () Int  401)
(define-fun int10 () Int  2)
(define-fun int3 () Int  0)
(define-fun int11 () Int  1)
(define-fun int5 () Int  (- 1))
(define-fun int0 () Int  301)
(define-fun int4 () Int  600)
(define-fun int8 () Int  400)
(define-fun int1 () Int  1)
(define-fun int2 () Int  0)
(define-fun int6 () Int  0)
*************************************
Satisfiable: true
*************************************


====================================================== search constraint
depth limit reached: 13

====================================================== snapshot 
thread java.lang.Thread:{id:0,name:main,status:RUNNING,priority:5,isDaemon:false,lockCount:0,suspendCount:0}
  call stack:
	at Main.mainProcess(Main.java:284)
	at Main.main(Main.java:333)


====================================================== search constraint
depth limit reached: 13

====================================================== snapshot 
no live threads
$$$$$$$$$$$$$$$$$$$$$$$$$$$$$$$$
Calling Z3str3

Returned solutions: 
(define-fun int3 () Int  0)
(define-fun int1 () Int  1)
(define-fun int4 () Int  600)
(define-fun int10 () Int  2)
(define-fun int11 () Int  1)
(define-fun int0 () Int  600)
(define-fun int7 () Int  301)
(define-fun int8 () Int  400)
(define-fun int5 () Int  0)
(define-fun int2 () Int  0)
(define-fun int6 () Int  0)
*************************************
Satisfiable: true
*************************************

$$$$$$$$$$$$$$$$$$$$$$$$$$$$$$$$
Calling Z3str3

Returned solutions: 
(define-fun int3 () Int  0)
(define-fun int1 () Int  1)
(define-fun int4 () Int  600)
(define-fun int10 () Int  2)
(define-fun int11 () Int  1)
(define-fun int0 () Int  600)
(define-fun int7 () Int  301)
(define-fun int8 () Int  400)
(define-fun int5 () Int  0)
(define-fun int2 () Int  0)
(define-fun int6 () Int  0)
*************************************
Satisfiable: true
*************************************

$$$$$$$$$$$$$$$$$$$$$$$$$$$$$$$$
Calling Z3str3

Returned solutions: 
(define-fun int3 () Int  0)
(define-fun int11 () Int  1)
(define-fun int7 () Int  301)
(define-fun int4 () Int  600)
(define-fun int0 () Int  600)
(define-fun int1 () Int  1)
(define-fun int8 () Int  400)
(define-fun int10 () Int  2)
(define-fun int5 () Int  0)
(define-fun int2 () Int  0)
(define-fun int6 () Int  0)
*************************************
Satisfiable: true
*************************************

$$$$$$$$$$$$$$$$$$$$$$$$$$$$$$$$
Calling Z3str3

Returned solutions: 
(define-fun int3 () Int  0)
(define-fun int11 () Int  1)
(define-fun int7 () Int  401)
(define-fun int4 () Int  600)
(define-fun int0 () Int  600)
(define-fun int1 () Int  1)
(define-fun int8 () Int  400)
(define-fun int10 () Int  2)
(define-fun int5 () Int  0)
(define-fun int2 () Int  0)
(define-fun int6 () Int  0)
*************************************
Satisfiable: true
*************************************

$$$$$$$$$$$$$$$$$$$$$$$$$$$$$$$$
Calling Z3str3

Returned solutions: 
(define-fun int3 () Int  0)
(define-fun int11 () Int  1)
(define-fun int7 () Int  401)
(define-fun int4 () Int  600)
(define-fun int0 () Int  600)
(define-fun int1 () Int  1)
(define-fun int8 () Int  400)
(define-fun int10 () Int  2)
(define-fun int5 () Int  0)
(define-fun int2 () Int  0)
(define-fun int6 () Int  0)
*************************************
Satisfiable: true
*************************************

$$$$$$$$$$$$$$$$$$$$$$$$$$$$$$$$
Calling Z3str3

Returned solutions: 
(define-fun int7 () Int  401)
(define-fun int10 () Int  2)
(define-fun int3 () Int  0)
(define-fun int11 () Int  1)
(define-fun int5 () Int  0)
(define-fun int0 () Int  600)
(define-fun int4 () Int  600)
(define-fun int8 () Int  400)
(define-fun int1 () Int  1)
(define-fun int2 () Int  0)
(define-fun int6 () Int  0)
*************************************
Satisfiable: true
*************************************

$$$$$$$$$$$$$$$$$$$$$$$$$$$$$$$$
Calling Z3str3

Returned solutions: 
(define-fun int7 () Int  401)
(define-fun int10 () Int  2)
(define-fun int3 () Int  0)
(define-fun int11 () Int  1)
(define-fun int5 () Int  (- 1))
(define-fun int0 () Int  600)
(define-fun int4 () Int  600)
(define-fun int8 () Int  400)
(define-fun int1 () Int  1)
(define-fun int2 () Int  0)
(define-fun int6 () Int  0)
*************************************
Satisfiable: true
*************************************


====================================================== search constraint
depth limit reached: 13

====================================================== snapshot 
thread java.lang.Thread:{id:0,name:main,status:RUNNING,priority:5,isDaemon:false,lockCount:0,suspendCount:0}
  call stack:
	at Main.mainProcess(Main.java:284)
	at Main.main(Main.java:333)


====================================================== search constraint
depth limit reached: 13

====================================================== snapshot 
no live threads
$$$$$$$$$$$$$$$$$$$$$$$$$$$$$$$$
Calling Z3str3

Returned solutions: 
(define-fun int11 () Int  1)
(define-fun int4 () Int  600)
(define-fun int0 () Int  301)
(define-fun int7 () Int  1)
(define-fun int6 () Int  (- 1))
(define-fun int10 () Int  2)
(define-fun int1 () Int  1)
(define-fun int8 () Int  100)
(define-fun int2 () Int  0)
*************************************
Satisfiable: true
*************************************

$$$$$$$$$$$$$$$$$$$$$$$$$$$$$$$$
Calling Z3str3

Returned solutions: 
(define-fun int1 () Int  1)
(define-fun int4 () Int  600)
(define-fun int0 () Int  301)
(define-fun int10 () Int  2)
(define-fun int11 () Int  1)
(define-fun int7 () Int  1)
(define-fun int8 () Int  100)
(define-fun int2 () Int  0)
(define-fun int6 () Int  1)
*************************************
Satisfiable: true
*************************************

$$$$$$$$$$$$$$$$$$$$$$$$$$$$$$$$
Calling Z3str3

Returned solutions: 
(define-fun int1 () Int  1)
(define-fun int4 () Int  600)
(define-fun int0 () Int  301)
(define-fun int10 () Int  2)
(define-fun int11 () Int  1)
(define-fun int7 () Int  401)
(define-fun int8 () Int  500)
(define-fun int2 () Int  0)
(define-fun int6 () Int  1)
*************************************
Satisfiable: true
*************************************

$$$$$$$$$$$$$$$$$$$$$$$$$$$$$$$$
Calling Z3str3

Returned solutions: 
(define-fun int1 () Int  1)
(define-fun int4 () Int  600)
(define-fun int0 () Int  301)
(define-fun int10 () Int  2)
(define-fun int11 () Int  1)
(define-fun int7 () Int  400)
(define-fun int8 () Int  499)
(define-fun int2 () Int  0)
(define-fun int6 () Int  1)
*************************************
Satisfiable: true
*************************************

$$$$$$$$$$$$$$$$$$$$$$$$$$$$$$$$
Calling Z3str3

Returned solutions: 
(define-fun int1 () Int  1)
(define-fun int4 () Int  600)
(define-fun int0 () Int  301)
(define-fun int10 () Int  2)
(define-fun int11 () Int  1)
(define-fun int7 () Int  400)
(define-fun int8 () Int  499)
(define-fun int3 () Int  0)
(define-fun int5 () Int  0)
(define-fun int2 () Int  0)
(define-fun int6 () Int  1)
*************************************
Satisfiable: true
*************************************

$$$$$$$$$$$$$$$$$$$$$$$$$$$$$$$$
Calling Z3str3

Returned solutions: 
(define-fun int1 () Int  1)
(define-fun int4 () Int  600)
(define-fun int0 () Int  301)
(define-fun int10 () Int  2)
(define-fun int11 () Int  1)
(define-fun int7 () Int  400)
(define-fun int8 () Int  499)
(define-fun int5 () Int  1)
(define-fun int3 () Int  0)
(define-fun int2 () Int  0)
(define-fun int6 () Int  1)
*************************************
Satisfiable: true
*************************************

$$$$$$$$$$$$$$$$$$$$$$$$$$$$$$$$
Calling Z3str3

Returned solutions: 
(define-fun int1 () Int  1)
(define-fun int4 () Int  600)
(define-fun int0 () Int  301)
(define-fun int10 () Int  2)
(define-fun int11 () Int  1)
(define-fun int7 () Int  400)
(define-fun int8 () Int  499)
(define-fun int5 () Int  1)
(define-fun int3 () Int  0)
(define-fun int2 () Int  0)
(define-fun int6 () Int  1)
*************************************
Satisfiable: true
*************************************

$$$$$$$$$$$$$$$$$$$$$$$$$$$$$$$$
Calling Z3str3

Returned solutions: 
(define-fun int1 () Int  1)
(define-fun int4 () Int  600)
(define-fun int0 () Int  301)
(define-fun int10 () Int  2)
(define-fun int11 () Int  1)
(define-fun int7 () Int  400)
(define-fun int8 () Int  499)
(define-fun int5 () Int  1)
(define-fun int3 () Int  0)
(define-fun int2 () Int  0)
(define-fun int6 () Int  1)
*************************************
Satisfiable: true
*************************************

$$$$$$$$$$$$$$$$$$$$$$$$$$$$$$$$
Calling Z3str3

Returned solutions: 
(define-fun int1 () Int  1)
(define-fun int4 () Int  600)
(define-fun int0 () Int  301)
(define-fun int10 () Int  2)
(define-fun int11 () Int  1)
(define-fun int7 () Int  400)
(define-fun int8 () Int  499)
(define-fun int5 () Int  1)
(define-fun int3 () Int  0)
(define-fun int2 () Int  0)
(define-fun int6 () Int  1)
*************************************
Satisfiable: true
*************************************

$$$$$$$$$$$$$$$$$$$$$$$$$$$$$$$$
Calling Z3str3

Returned solutions: 
(define-fun int1 () Int  1)
(define-fun int4 () Int  600)
(define-fun int0 () Int  301)
(define-fun int10 () Int  2)
(define-fun int11 () Int  1)
(define-fun int7 () Int  400)
(define-fun int8 () Int  499)
(define-fun int5 () Int  1)
(define-fun int3 () Int  0)
(define-fun int2 () Int  0)
(define-fun int6 () Int  1)
*************************************
Satisfiable: true
*************************************

$$$$$$$$$$$$$$$$$$$$$$$$$$$$$$$$
Calling Z3str3

Returned solutions: 
(define-fun int1 () Int  1)
(define-fun int4 () Int  600)
(define-fun int0 () Int  301)
(define-fun int10 () Int  2)
(define-fun int11 () Int  1)
(define-fun int7 () Int  400)
(define-fun int8 () Int  499)
(define-fun int5 () Int  1)
(define-fun int3 () Int  0)
(define-fun int2 () Int  0)
(define-fun int6 () Int  1)
*************************************
Satisfiable: true
*************************************

$$$$$$$$$$$$$$$$$$$$$$$$$$$$$$$$
Calling Z3str3

Returned solutions: 
(define-fun int10 () Int  2)
(define-fun int4 () Int  600)
(define-fun int11 () Int  1)
(define-fun int7 () Int  400)
(define-fun int0 () Int  600)
(define-fun int8 () Int  499)
(define-fun int5 () Int  1)
(define-fun int1 () Int  1)
(define-fun int3 () Int  0)
(define-fun int2 () Int  0)
(define-fun int6 () Int  1)
*************************************
Satisfiable: true
*************************************

$$$$$$$$$$$$$$$$$$$$$$$$$$$$$$$$
Calling Z3str3

Returned solutions: 
(define-fun int7 () Int  400)
(define-fun int11 () Int  1)
(define-fun int8 () Int  499)
(define-fun int1 () Int  1)
(define-fun int5 () Int  1)
(define-fun int4 () Int  600)
(define-fun int0 () Int  515)
(define-fun int10 () Int  2)
(define-fun int3 () Int  0)
(define-fun int2 () Int  0)
(define-fun int6 () Int  1)
*************************************
Satisfiable: true
*************************************

$$$$$$$$$$$$$$$$$$$$$$$$$$$$$$$$
Calling Z3str3

Returned solutions: 
(define-fun int7 () Int  400)
(define-fun int11 () Int  1)
(define-fun int8 () Int  499)
(define-fun int1 () Int  1)
(define-fun int5 () Int  1)
(define-fun int4 () Int  600)
(define-fun int0 () Int  515)
(define-fun int10 () Int  2)
(define-fun int3 () Int  0)
(define-fun int2 () Int  0)
(define-fun int6 () Int  1)
*************************************
Satisfiable: true
*************************************

$$$$$$$$$$$$$$$$$$$$$$$$$$$$$$$$
Calling Z3str3

Returned solutions: 
(define-fun int7 () Int  400)
(define-fun int11 () Int  1)
(define-fun int8 () Int  499)
(define-fun int1 () Int  1)
(define-fun int5 () Int  1)
(define-fun int4 () Int  600)
(define-fun int0 () Int  515)
(define-fun int10 () Int  2)
(define-fun int3 () Int  0)
(define-fun int2 () Int  0)
(define-fun int6 () Int  1)
*************************************
Satisfiable: true
*************************************

$$$$$$$$$$$$$$$$$$$$$$$$$$$$$$$$
Calling Z3str3

Returned solutions: 
(define-fun int7 () Int  0)
(define-fun int5 () Int  1)
(define-fun int4 () Int  600)
(define-fun int1 () Int  1)
(define-fun int0 () Int  301)
(define-fun int10 () Int  2)
(define-fun int8 () Int  0)
(define-fun int11 () Int  1)
(define-fun int3 () Int  0)
(define-fun int2 () Int  0)
(define-fun int6 () Int  1)
*************************************
Satisfiable: true
*************************************

$$$$$$$$$$$$$$$$$$$$$$$$$$$$$$$$
Calling Z3str3

Returned solutions: 
(define-fun int7 () Int  501)
(define-fun int5 () Int  1)
(define-fun int4 () Int  600)
(define-fun int1 () Int  1)
(define-fun int0 () Int  301)
(define-fun int10 () Int  2)
(define-fun int8 () Int  0)
(define-fun int11 () Int  1)
(define-fun int3 () Int  0)
(define-fun int2 () Int  0)
(define-fun int6 () Int  1)
*************************************
Satisfiable: true
*************************************


====================================================== search constraint
depth limit reached: 13

====================================================== snapshot 
thread java.lang.Thread:{id:0,name:main,status:RUNNING,priority:5,isDaemon:false,lockCount:0,suspendCount:0}
  call stack:
	at Main.mainProcess(Main.java:284)
	at Main.main(Main.java:333)

$$$$$$$$$$$$$$$$$$$$$$$$$$$$$$$$
Calling Z3str3

Returned solutions: 
(define-fun int10 () Int  2)
(define-fun int4 () Int  600)
(define-fun int11 () Int  1)
(define-fun int7 () Int  400)
(define-fun int0 () Int  600)
(define-fun int8 () Int  499)
(define-fun int5 () Int  1)
(define-fun int1 () Int  1)
(define-fun int3 () Int  0)
(define-fun int2 () Int  0)
(define-fun int6 () Int  1)
*************************************
Satisfiable: true
*************************************

$$$$$$$$$$$$$$$$$$$$$$$$$$$$$$$$
Calling Z3str3

Returned solutions: 
(define-fun int10 () Int  2)
(define-fun int4 () Int  600)
(define-fun int11 () Int  1)
(define-fun int7 () Int  400)
(define-fun int0 () Int  600)
(define-fun int8 () Int  499)
(define-fun int5 () Int  1)
(define-fun int1 () Int  1)
(define-fun int3 () Int  0)
(define-fun int2 () Int  0)
(define-fun int6 () Int  1)
*************************************
Satisfiable: true
*************************************

$$$$$$$$$$$$$$$$$$$$$$$$$$$$$$$$
Calling Z3str3

Returned solutions: 
(define-fun int10 () Int  2)
(define-fun int4 () Int  600)
(define-fun int11 () Int  1)
(define-fun int7 () Int  400)
(define-fun int0 () Int  600)
(define-fun int8 () Int  499)
(define-fun int5 () Int  1)
(define-fun int1 () Int  1)
(define-fun int3 () Int  0)
(define-fun int2 () Int  0)
(define-fun int6 () Int  1)
*************************************
Satisfiable: true
*************************************

$$$$$$$$$$$$$$$$$$$$$$$$$$$$$$$$
Calling Z3str3

Returned solutions: 
(define-fun int7 () Int  0)
(define-fun int5 () Int  1)
(define-fun int4 () Int  600)
(define-fun int1 () Int  1)
(define-fun int0 () Int  600)
(define-fun int10 () Int  2)
(define-fun int8 () Int  0)
(define-fun int11 () Int  1)
(define-fun int3 () Int  0)
(define-fun int2 () Int  0)
(define-fun int6 () Int  1)
*************************************
Satisfiable: true
*************************************

$$$$$$$$$$$$$$$$$$$$$$$$$$$$$$$$
Calling Z3str3

Returned solutions: 
(define-fun int7 () Int  501)
(define-fun int5 () Int  1)
(define-fun int4 () Int  600)
(define-fun int1 () Int  1)
(define-fun int0 () Int  600)
(define-fun int10 () Int  2)
(define-fun int8 () Int  0)
(define-fun int11 () Int  1)
(define-fun int3 () Int  0)
(define-fun int2 () Int  0)
(define-fun int6 () Int  1)
*************************************
Satisfiable: true
*************************************


====================================================== search constraint
depth limit reached: 13

====================================================== snapshot 
thread java.lang.Thread:{id:0,name:main,status:RUNNING,priority:5,isDaemon:false,lockCount:0,suspendCount:0}
  call stack:
	at Main.mainProcess(Main.java:284)
	at Main.main(Main.java:333)

$$$$$$$$$$$$$$$$$$$$$$$$$$$$$$$$
Calling Z3str3

Returned solutions: 
(define-fun int1 () Int  1)
(define-fun int4 () Int  600)
(define-fun int0 () Int  301)
(define-fun int10 () Int  2)
(define-fun int11 () Int  1)
(define-fun int7 () Int  400)
(define-fun int8 () Int  499)
(define-fun int3 () Int  0)
(define-fun int5 () Int  0)
(define-fun int2 () Int  0)
(define-fun int6 () Int  1)
*************************************
Satisfiable: true
*************************************

$$$$$$$$$$$$$$$$$$$$$$$$$$$$$$$$
Calling Z3str3

Returned solutions: 
(define-fun int1 () Int  1)
(define-fun int4 () Int  600)
(define-fun int0 () Int  301)
(define-fun int10 () Int  2)
(define-fun int11 () Int  1)
(define-fun int7 () Int  400)
(define-fun int8 () Int  499)
(define-fun int3 () Int  0)
(define-fun int5 () Int  0)
(define-fun int2 () Int  0)
(define-fun int6 () Int  1)
*************************************
Satisfiable: true
*************************************

$$$$$$$$$$$$$$$$$$$$$$$$$$$$$$$$
Calling Z3str3

Returned solutions: 
(define-fun int1 () Int  1)
(define-fun int4 () Int  600)
(define-fun int0 () Int  301)
(define-fun int10 () Int  2)
(define-fun int11 () Int  1)
(define-fun int7 () Int  400)
(define-fun int8 () Int  499)
(define-fun int3 () Int  0)
(define-fun int5 () Int  0)
(define-fun int2 () Int  0)
(define-fun int6 () Int  1)
*************************************
Satisfiable: true
*************************************

$$$$$$$$$$$$$$$$$$$$$$$$$$$$$$$$
Calling Z3str3

Returned solutions: 
(define-fun int1 () Int  1)
(define-fun int4 () Int  600)
(define-fun int0 () Int  301)
(define-fun int10 () Int  2)
(define-fun int11 () Int  1)
(define-fun int7 () Int  400)
(define-fun int8 () Int  499)
(define-fun int3 () Int  0)
(define-fun int5 () Int  0)
(define-fun int2 () Int  0)
(define-fun int6 () Int  1)
*************************************
Satisfiable: true
*************************************

$$$$$$$$$$$$$$$$$$$$$$$$$$$$$$$$
Calling Z3str3

Returned solutions: 
(define-fun int1 () Int  1)
(define-fun int4 () Int  600)
(define-fun int0 () Int  301)
(define-fun int10 () Int  2)
(define-fun int11 () Int  1)
(define-fun int7 () Int  400)
(define-fun int8 () Int  499)
(define-fun int3 () Int  0)
(define-fun int5 () Int  0)
(define-fun int2 () Int  0)
(define-fun int6 () Int  1)
*************************************
Satisfiable: true
*************************************

$$$$$$$$$$$$$$$$$$$$$$$$$$$$$$$$
Calling Z3str3

Returned solutions: 
(define-fun int3 () Int  0)
(define-fun int1 () Int  1)
(define-fun int4 () Int  600)
(define-fun int10 () Int  2)
(define-fun int11 () Int  1)
(define-fun int0 () Int  600)
(define-fun int7 () Int  400)
(define-fun int8 () Int  499)
(define-fun int5 () Int  0)
(define-fun int2 () Int  0)
(define-fun int6 () Int  1)
*************************************
Satisfiable: true
*************************************

$$$$$$$$$$$$$$$$$$$$$$$$$$$$$$$$
Calling Z3str3

Returned solutions: 
(define-fun int11 () Int  1)
(define-fun int7 () Int  400)
(define-fun int10 () Int  2)
(define-fun int8 () Int  499)
(define-fun int1 () Int  1)
(define-fun int3 () Int  0)
(define-fun int4 () Int  600)
(define-fun int0 () Int  515)
(define-fun int5 () Int  0)
(define-fun int2 () Int  0)
(define-fun int6 () Int  1)
*************************************
Satisfiable: true
*************************************

$$$$$$$$$$$$$$$$$$$$$$$$$$$$$$$$
Calling Z3str3

Returned solutions: 
(define-fun int11 () Int  1)
(define-fun int7 () Int  400)
(define-fun int10 () Int  2)
(define-fun int8 () Int  499)
(define-fun int1 () Int  1)
(define-fun int3 () Int  0)
(define-fun int4 () Int  600)
(define-fun int0 () Int  515)
(define-fun int5 () Int  0)
(define-fun int2 () Int  0)
(define-fun int6 () Int  1)
*************************************
Satisfiable: true
*************************************

$$$$$$$$$$$$$$$$$$$$$$$$$$$$$$$$
Calling Z3str3

Returned solutions: 
(define-fun int11 () Int  1)
(define-fun int7 () Int  400)
(define-fun int10 () Int  2)
(define-fun int8 () Int  499)
(define-fun int1 () Int  1)
(define-fun int3 () Int  0)
(define-fun int4 () Int  600)
(define-fun int0 () Int  515)
(define-fun int5 () Int  0)
(define-fun int2 () Int  0)
(define-fun int6 () Int  1)
*************************************
Satisfiable: true
*************************************

$$$$$$$$$$$$$$$$$$$$$$$$$$$$$$$$
Calling Z3str3

Returned solutions: 
(define-fun int3 () Int  0)
(define-fun int11 () Int  1)
(define-fun int7 () Int  0)
(define-fun int4 () Int  600)
(define-fun int0 () Int  301)
(define-fun int1 () Int  1)
(define-fun int8 () Int  0)
(define-fun int10 () Int  2)
(define-fun int5 () Int  0)
(define-fun int2 () Int  0)
(define-fun int6 () Int  1)
*************************************
Satisfiable: true
*************************************

$$$$$$$$$$$$$$$$$$$$$$$$$$$$$$$$
Calling Z3str3

Returned solutions: 
(define-fun int3 () Int  0)
(define-fun int11 () Int  1)
(define-fun int7 () Int  501)
(define-fun int4 () Int  600)
(define-fun int0 () Int  301)
(define-fun int1 () Int  1)
(define-fun int8 () Int  0)
(define-fun int10 () Int  2)
(define-fun int5 () Int  0)
(define-fun int2 () Int  0)
(define-fun int6 () Int  1)
*************************************
Satisfiable: true
*************************************


====================================================== search constraint
depth limit reached: 13

====================================================== snapshot 
thread java.lang.Thread:{id:0,name:main,status:RUNNING,priority:5,isDaemon:false,lockCount:0,suspendCount:0}
  call stack:
	at Main.mainProcess(Main.java:284)
	at Main.main(Main.java:333)

$$$$$$$$$$$$$$$$$$$$$$$$$$$$$$$$
Calling Z3str3

Returned solutions: 
(define-fun int3 () Int  0)
(define-fun int1 () Int  1)
(define-fun int4 () Int  600)
(define-fun int10 () Int  2)
(define-fun int11 () Int  1)
(define-fun int0 () Int  600)
(define-fun int7 () Int  400)
(define-fun int8 () Int  499)
(define-fun int5 () Int  0)
(define-fun int2 () Int  0)
(define-fun int6 () Int  1)
*************************************
Satisfiable: true
*************************************

$$$$$$$$$$$$$$$$$$$$$$$$$$$$$$$$
Calling Z3str3

Returned solutions: 
(define-fun int3 () Int  0)
(define-fun int1 () Int  1)
(define-fun int4 () Int  600)
(define-fun int10 () Int  2)
(define-fun int11 () Int  1)
(define-fun int0 () Int  600)
(define-fun int7 () Int  400)
(define-fun int8 () Int  499)
(define-fun int5 () Int  0)
(define-fun int2 () Int  0)
(define-fun int6 () Int  1)
*************************************
Satisfiable: true
*************************************

$$$$$$$$$$$$$$$$$$$$$$$$$$$$$$$$
Calling Z3str3

Returned solutions: 
(define-fun int3 () Int  0)
(define-fun int1 () Int  1)
(define-fun int4 () Int  600)
(define-fun int10 () Int  2)
(define-fun int11 () Int  1)
(define-fun int0 () Int  600)
(define-fun int7 () Int  400)
(define-fun int8 () Int  499)
(define-fun int5 () Int  0)
(define-fun int2 () Int  0)
(define-fun int6 () Int  1)
*************************************
Satisfiable: true
*************************************

$$$$$$$$$$$$$$$$$$$$$$$$$$$$$$$$
Calling Z3str3

Returned solutions: 
(define-fun int3 () Int  0)
(define-fun int11 () Int  1)
(define-fun int7 () Int  0)
(define-fun int4 () Int  600)
(define-fun int0 () Int  600)
(define-fun int1 () Int  1)
(define-fun int8 () Int  0)
(define-fun int10 () Int  2)
(define-fun int5 () Int  0)
(define-fun int2 () Int  0)
(define-fun int6 () Int  1)
*************************************
Satisfiable: true
*************************************

$$$$$$$$$$$$$$$$$$$$$$$$$$$$$$$$
Calling Z3str3

Returned solutions: 
(define-fun int3 () Int  0)
(define-fun int11 () Int  1)
(define-fun int7 () Int  501)
(define-fun int4 () Int  600)
(define-fun int0 () Int  600)
(define-fun int1 () Int  1)
(define-fun int8 () Int  0)
(define-fun int10 () Int  2)
(define-fun int5 () Int  0)
(define-fun int2 () Int  0)
(define-fun int6 () Int  1)
*************************************
Satisfiable: true
*************************************


====================================================== search constraint
depth limit reached: 13

====================================================== snapshot 
thread java.lang.Thread:{id:0,name:main,status:RUNNING,priority:5,isDaemon:false,lockCount:0,suspendCount:0}
  call stack:
	at Main.mainProcess(Main.java:284)
	at Main.main(Main.java:333)

$$$$$$$$$$$$$$$$$$$$$$$$$$$$$$$$
Calling Z3str3

Returned solutions: 
(define-fun int1 () Int  1)
(define-fun int4 () Int  600)
(define-fun int0 () Int  301)
(define-fun int10 () Int  2)
(define-fun int11 () Int  1)
(define-fun int7 () Int  401)
(define-fun int8 () Int  500)
(define-fun int2 () Int  0)
(define-fun int6 () Int  1)
*************************************
Satisfiable: true
*************************************

$$$$$$$$$$$$$$$$$$$$$$$$$$$$$$$$
Calling Z3str3

Returned solutions: 
(define-fun int1 () Int  1)
(define-fun int4 () Int  600)
(define-fun int0 () Int  301)
(define-fun int10 () Int  2)
(define-fun int11 () Int  1)
(define-fun int7 () Int  401)
(define-fun int8 () Int  500)
(define-fun int2 () Int  0)
(define-fun int6 () Int  1)
*************************************
Satisfiable: true
*************************************

$$$$$$$$$$$$$$$$$$$$$$$$$$$$$$$$
Calling Z3str3

Returned solutions: 
(define-fun int1 () Int  1)
(define-fun int4 () Int  600)
(define-fun int0 () Int  301)
(define-fun int10 () Int  2)
(define-fun int11 () Int  1)
(define-fun int7 () Int  401)
(define-fun int8 () Int  500)
(define-fun int2 () Int  0)
(define-fun int6 () Int  1)
*************************************
Satisfiable: true
*************************************

$$$$$$$$$$$$$$$$$$$$$$$$$$$$$$$$
Calling Z3str3

Returned solutions: 
(define-fun int1 () Int  1)
(define-fun int4 () Int  600)
(define-fun int0 () Int  301)
(define-fun int10 () Int  2)
(define-fun int11 () Int  1)
(define-fun int7 () Int  401)
(define-fun int8 () Int  500)
(define-fun int2 () Int  0)
(define-fun int6 () Int  1)
*************************************
Satisfiable: true
*************************************

$$$$$$$$$$$$$$$$$$$$$$$$$$$$$$$$
Calling Z3str3

Returned solutions: 
(define-fun int1 () Int  1)
(define-fun int4 () Int  600)
(define-fun int0 () Int  301)
(define-fun int10 () Int  2)
(define-fun int11 () Int  1)
(define-fun int7 () Int  401)
(define-fun int8 () Int  500)
(define-fun int3 () Int  0)
(define-fun int5 () Int  0)
(define-fun int2 () Int  0)
(define-fun int6 () Int  1)
*************************************
Satisfiable: true
*************************************

$$$$$$$$$$$$$$$$$$$$$$$$$$$$$$$$
Calling Z3str3

Returned solutions: 
(define-fun int1 () Int  1)
(define-fun int4 () Int  600)
(define-fun int0 () Int  301)
(define-fun int10 () Int  2)
(define-fun int11 () Int  1)
(define-fun int7 () Int  401)
(define-fun int8 () Int  500)
(define-fun int5 () Int  1)
(define-fun int3 () Int  0)
(define-fun int2 () Int  0)
(define-fun int6 () Int  1)
*************************************
Satisfiable: true
*************************************

$$$$$$$$$$$$$$$$$$$$$$$$$$$$$$$$
Calling Z3str3

Returned solutions: 
(define-fun int10 () Int  2)
(define-fun int4 () Int  600)
(define-fun int11 () Int  1)
(define-fun int7 () Int  401)
(define-fun int0 () Int  600)
(define-fun int8 () Int  500)
(define-fun int5 () Int  1)
(define-fun int1 () Int  1)
(define-fun int3 () Int  0)
(define-fun int2 () Int  0)
(define-fun int6 () Int  1)
*************************************
Satisfiable: true
*************************************

$$$$$$$$$$$$$$$$$$$$$$$$$$$$$$$$
Calling Z3str3

Returned solutions: 
(define-fun int11 () Int  1)
(define-fun int7 () Int  401)
(define-fun int10 () Int  2)
(define-fun int8 () Int  500)
(define-fun int1 () Int  1)
(define-fun int5 () Int  1)
(define-fun int4 () Int  600)
(define-fun int0 () Int  515)
(define-fun int3 () Int  0)
(define-fun int2 () Int  0)
(define-fun int6 () Int  1)
*************************************
Satisfiable: true
*************************************

$$$$$$$$$$$$$$$$$$$$$$$$$$$$$$$$
Calling Z3str3

Returned solutions: 
(define-fun int11 () Int  1)
(define-fun int7 () Int  401)
(define-fun int10 () Int  2)
(define-fun int8 () Int  500)
(define-fun int1 () Int  1)
(define-fun int5 () Int  1)
(define-fun int4 () Int  600)
(define-fun int0 () Int  515)
(define-fun int3 () Int  0)
(define-fun int2 () Int  0)
(define-fun int6 () Int  1)
*************************************
Satisfiable: true
*************************************

$$$$$$$$$$$$$$$$$$$$$$$$$$$$$$$$
Calling Z3str3

Returned solutions: 
(define-fun int11 () Int  1)
(define-fun int7 () Int  401)
(define-fun int10 () Int  2)
(define-fun int8 () Int  500)
(define-fun int1 () Int  1)
(define-fun int5 () Int  1)
(define-fun int4 () Int  600)
(define-fun int0 () Int  515)
(define-fun int3 () Int  0)
(define-fun int2 () Int  0)
(define-fun int6 () Int  1)
*************************************
Satisfiable: true
*************************************

$$$$$$$$$$$$$$$$$$$$$$$$$$$$$$$$
Calling Z3str3

Returned solutions: 
(define-fun int7 () Int  401)
(define-fun int5 () Int  1)
(define-fun int4 () Int  600)
(define-fun int1 () Int  1)
(define-fun int0 () Int  301)
(define-fun int10 () Int  2)
(define-fun int8 () Int  500)
(define-fun int11 () Int  1)
(define-fun int3 () Int  0)
(define-fun int2 () Int  0)
(define-fun int6 () Int  1)
*************************************
Satisfiable: true
*************************************

$$$$$$$$$$$$$$$$$$$$$$$$$$$$$$$$
Calling Z3str3

Returned solutions: 
(define-fun int7 () Int  501)
(define-fun int5 () Int  1)
(define-fun int4 () Int  600)
(define-fun int1 () Int  1)
(define-fun int0 () Int  301)
(define-fun int10 () Int  2)
(define-fun int8 () Int  500)
(define-fun int11 () Int  1)
(define-fun int3 () Int  0)
(define-fun int2 () Int  0)
(define-fun int6 () Int  1)
*************************************
Satisfiable: true
*************************************


====================================================== search constraint
depth limit reached: 13

====================================================== snapshot 
thread java.lang.Thread:{id:0,name:main,status:RUNNING,priority:5,isDaemon:false,lockCount:0,suspendCount:0}
  call stack:
	at Main.mainProcess(Main.java:284)
	at Main.main(Main.java:333)

$$$$$$$$$$$$$$$$$$$$$$$$$$$$$$$$
Calling Z3str3

Returned solutions: 
(define-fun int10 () Int  2)
(define-fun int4 () Int  600)
(define-fun int11 () Int  1)
(define-fun int7 () Int  401)
(define-fun int0 () Int  600)
(define-fun int8 () Int  500)
(define-fun int5 () Int  1)
(define-fun int1 () Int  1)
(define-fun int3 () Int  0)
(define-fun int2 () Int  0)
(define-fun int6 () Int  1)
*************************************
Satisfiable: true
*************************************

$$$$$$$$$$$$$$$$$$$$$$$$$$$$$$$$
Calling Z3str3

Returned solutions: 
(define-fun int8 () Int  500)
(define-fun int3 () Int  (- 1))
(define-fun int5 () Int  0)
(define-fun int1 () Int  1)
(define-fun int4 () Int  600)
(define-fun int10 () Int  2)
(define-fun int0 () Int  600)
(define-fun int11 () Int  1)
(define-fun int7 () Int  401)
(define-fun int2 () Int  0)
(define-fun int6 () Int  1)
*************************************
Satisfiable: true
*************************************

$$$$$$$$$$$$$$$$$$$$$$$$$$$$$$$$
Calling Z3str3

Returned solutions: 
(define-fun int10 () Int  2)
(define-fun int4 () Int  600)
(define-fun int11 () Int  1)
(define-fun int7 () Int  401)
(define-fun int0 () Int  600)
(define-fun int8 () Int  500)
(define-fun int5 () Int  1)
(define-fun int1 () Int  1)
(define-fun int3 () Int  0)
(define-fun int2 () Int  0)
(define-fun int6 () Int  1)
*************************************
Satisfiable: true
*************************************

$$$$$$$$$$$$$$$$$$$$$$$$$$$$$$$$
Calling Z3str3

Returned solutions: 
(define-fun int10 () Int  2)
(define-fun int4 () Int  600)
(define-fun int11 () Int  1)
(define-fun int7 () Int  401)
(define-fun int0 () Int  600)
(define-fun int8 () Int  500)
(define-fun int5 () Int  1)
(define-fun int1 () Int  1)
(define-fun int3 () Int  0)
(define-fun int2 () Int  0)
(define-fun int6 () Int  1)
*************************************
Satisfiable: true
*************************************

$$$$$$$$$$$$$$$$$$$$$$$$$$$$$$$$
Calling Z3str3

Returned solutions: 
(define-fun int7 () Int  401)
(define-fun int5 () Int  1)
(define-fun int4 () Int  600)
(define-fun int1 () Int  1)
(define-fun int0 () Int  600)
(define-fun int10 () Int  2)
(define-fun int8 () Int  500)
(define-fun int11 () Int  1)
(define-fun int3 () Int  0)
(define-fun int2 () Int  0)
(define-fun int6 () Int  1)
*************************************
Satisfiable: true
*************************************

$$$$$$$$$$$$$$$$$$$$$$$$$$$$$$$$
Calling Z3str3

Returned solutions: 
(define-fun int7 () Int  501)
(define-fun int5 () Int  1)
(define-fun int4 () Int  600)
(define-fun int1 () Int  1)
(define-fun int0 () Int  600)
(define-fun int10 () Int  2)
(define-fun int8 () Int  500)
(define-fun int11 () Int  1)
(define-fun int3 () Int  0)
(define-fun int2 () Int  0)
(define-fun int6 () Int  1)
*************************************
Satisfiable: true
*************************************


====================================================== search constraint
depth limit reached: 13

====================================================== snapshot 
thread java.lang.Thread:{id:0,name:main,status:RUNNING,priority:5,isDaemon:false,lockCount:0,suspendCount:0}
  call stack:
	at Main.mainProcess(Main.java:284)
	at Main.main(Main.java:333)

$$$$$$$$$$$$$$$$$$$$$$$$$$$$$$$$
Calling Z3str3

Returned solutions: 
(define-fun int3 () Int  0)
(define-fun int1 () Int  1)
(define-fun int4 () Int  600)
(define-fun int10 () Int  2)
(define-fun int11 () Int  1)
(define-fun int0 () Int  600)
(define-fun int7 () Int  401)
(define-fun int8 () Int  500)
(define-fun int5 () Int  0)
(define-fun int2 () Int  0)
(define-fun int6 () Int  1)
*************************************
Satisfiable: true
*************************************

$$$$$$$$$$$$$$$$$$$$$$$$$$$$$$$$
Calling Z3str3

Returned solutions: 
(define-fun int0 () Int  515)
(define-fun int10 () Int  2)
(define-fun int11 () Int  1)
(define-fun int7 () Int  401)
(define-fun int4 () Int  600)
(define-fun int8 () Int  500)
(define-fun int1 () Int  1)
(define-fun int3 () Int  0)
(define-fun int5 () Int  0)
(define-fun int2 () Int  0)
(define-fun int6 () Int  1)
*************************************
Satisfiable: true
*************************************

$$$$$$$$$$$$$$$$$$$$$$$$$$$$$$$$
Calling Z3str3

Returned solutions: 
(define-fun int0 () Int  515)
(define-fun int10 () Int  2)
(define-fun int11 () Int  1)
(define-fun int7 () Int  401)
(define-fun int4 () Int  600)
(define-fun int8 () Int  500)
(define-fun int1 () Int  1)
(define-fun int3 () Int  0)
(define-fun int5 () Int  0)
(define-fun int2 () Int  0)
(define-fun int6 () Int  1)
*************************************
Satisfiable: true
*************************************

$$$$$$$$$$$$$$$$$$$$$$$$$$$$$$$$
Calling Z3str3

Returned solutions: 
(define-fun int0 () Int  515)
(define-fun int10 () Int  2)
(define-fun int11 () Int  1)
(define-fun int7 () Int  401)
(define-fun int4 () Int  600)
(define-fun int8 () Int  500)
(define-fun int1 () Int  1)
(define-fun int3 () Int  0)
(define-fun int5 () Int  0)
(define-fun int2 () Int  0)
(define-fun int6 () Int  1)
*************************************
Satisfiable: true
*************************************

$$$$$$$$$$$$$$$$$$$$$$$$$$$$$$$$
Calling Z3str3

Returned solutions: 
(define-fun int3 () Int  0)
(define-fun int11 () Int  1)
(define-fun int7 () Int  401)
(define-fun int4 () Int  600)
(define-fun int0 () Int  301)
(define-fun int1 () Int  1)
(define-fun int8 () Int  500)
(define-fun int10 () Int  2)
(define-fun int5 () Int  0)
(define-fun int2 () Int  0)
(define-fun int6 () Int  1)
*************************************
Satisfiable: true
*************************************

$$$$$$$$$$$$$$$$$$$$$$$$$$$$$$$$
Calling Z3str3

Returned solutions: 
(define-fun int3 () Int  0)
(define-fun int11 () Int  1)
(define-fun int7 () Int  501)
(define-fun int4 () Int  600)
(define-fun int0 () Int  301)
(define-fun int1 () Int  1)
(define-fun int8 () Int  500)
(define-fun int10 () Int  2)
(define-fun int5 () Int  0)
(define-fun int2 () Int  0)
(define-fun int6 () Int  1)
*************************************
Satisfiable: true
*************************************


====================================================== search constraint
depth limit reached: 13

====================================================== snapshot 
thread java.lang.Thread:{id:0,name:main,status:RUNNING,priority:5,isDaemon:false,lockCount:0,suspendCount:0}
  call stack:
	at Main.mainProcess(Main.java:284)
	at Main.main(Main.java:333)

$$$$$$$$$$$$$$$$$$$$$$$$$$$$$$$$
Calling Z3str3

Returned solutions: 
(define-fun int3 () Int  0)
(define-fun int1 () Int  1)
(define-fun int4 () Int  600)
(define-fun int10 () Int  2)
(define-fun int11 () Int  1)
(define-fun int0 () Int  600)
(define-fun int7 () Int  401)
(define-fun int8 () Int  500)
(define-fun int5 () Int  0)
(define-fun int2 () Int  0)
(define-fun int6 () Int  1)
*************************************
Satisfiable: true
*************************************

$$$$$$$$$$$$$$$$$$$$$$$$$$$$$$$$
Calling Z3str3

Returned solutions: 
(define-fun int3 () Int  0)
(define-fun int1 () Int  1)
(define-fun int4 () Int  600)
(define-fun int10 () Int  2)
(define-fun int11 () Int  1)
(define-fun int0 () Int  600)
(define-fun int7 () Int  401)
(define-fun int8 () Int  500)
(define-fun int5 () Int  0)
(define-fun int2 () Int  0)
(define-fun int6 () Int  1)
*************************************
Satisfiable: true
*************************************

$$$$$$$$$$$$$$$$$$$$$$$$$$$$$$$$
Calling Z3str3

Returned solutions: 
(define-fun int3 () Int  0)
(define-fun int1 () Int  1)
(define-fun int4 () Int  600)
(define-fun int10 () Int  2)
(define-fun int11 () Int  1)
(define-fun int0 () Int  600)
(define-fun int7 () Int  401)
(define-fun int8 () Int  500)
(define-fun int5 () Int  0)
(define-fun int2 () Int  0)
(define-fun int6 () Int  1)
*************************************
Satisfiable: true
*************************************

$$$$$$$$$$$$$$$$$$$$$$$$$$$$$$$$
Calling Z3str3

Returned solutions: 
(define-fun int3 () Int  0)
(define-fun int11 () Int  1)
(define-fun int7 () Int  401)
(define-fun int4 () Int  600)
(define-fun int0 () Int  600)
(define-fun int1 () Int  1)
(define-fun int8 () Int  500)
(define-fun int10 () Int  2)
(define-fun int5 () Int  0)
(define-fun int2 () Int  0)
(define-fun int6 () Int  1)
*************************************
Satisfiable: true
*************************************

$$$$$$$$$$$$$$$$$$$$$$$$$$$$$$$$
Calling Z3str3

Returned solutions: 
(define-fun int3 () Int  0)
(define-fun int11 () Int  1)
(define-fun int7 () Int  501)
(define-fun int4 () Int  600)
(define-fun int0 () Int  600)
(define-fun int1 () Int  1)
(define-fun int8 () Int  500)
(define-fun int10 () Int  2)
(define-fun int5 () Int  0)
(define-fun int2 () Int  0)
(define-fun int6 () Int  1)
*************************************
Satisfiable: true
*************************************


====================================================== search constraint
depth limit reached: 13

====================================================== snapshot 
thread java.lang.Thread:{id:0,name:main,status:RUNNING,priority:5,isDaemon:false,lockCount:0,suspendCount:0}
  call stack:
	at Main.mainProcess(Main.java:284)
	at Main.main(Main.java:333)

$$$$$$$$$$$$$$$$$$$$$$$$$$$$$$$$
Calling Z3str3

Returned solutions: 
(define-fun int11 () Int  1)
(define-fun int4 () Int  600)
(define-fun int0 () Int  301)
(define-fun int7 () Int  1)
(define-fun int6 () Int  (- 1))
(define-fun int10 () Int  2)
(define-fun int1 () Int  1)
(define-fun int8 () Int  100)
(define-fun int2 () Int  0)
*************************************
Satisfiable: true
*************************************

$$$$$$$$$$$$$$$$$$$$$$$$$$$$$$$$
Calling Z3str3

Returned solutions: 
(define-fun int1 () Int  1)
(define-fun int4 () Int  600)
(define-fun int0 () Int  301)
(define-fun int10 () Int  2)
(define-fun int11 () Int  1)
(define-fun int7 () Int  1)
(define-fun int8 () Int  100)
(define-fun int2 () Int  0)
(define-fun int6 () Int  2)
*************************************
Satisfiable: true
*************************************

$$$$$$$$$$$$$$$$$$$$$$$$$$$$$$$$
Calling Z3str3

Returned solutions: 
(define-fun int1 () Int  1)
(define-fun int4 () Int  600)
(define-fun int0 () Int  301)
(define-fun int10 () Int  2)
(define-fun int11 () Int  1)
(define-fun int7 () Int  541)
(define-fun int8 () Int  640)
(define-fun int2 () Int  0)
(define-fun int6 () Int  2)
*************************************
Satisfiable: true
*************************************

$$$$$$$$$$$$$$$$$$$$$$$$$$$$$$$$
Calling Z3str3

Returned solutions: 
(define-fun int1 () Int  1)
(define-fun int4 () Int  600)
(define-fun int0 () Int  301)
(define-fun int10 () Int  2)
(define-fun int11 () Int  1)
(define-fun int7 () Int  540)
(define-fun int8 () Int  639)
(define-fun int2 () Int  0)
(define-fun int6 () Int  2)
*************************************
Satisfiable: true
*************************************

$$$$$$$$$$$$$$$$$$$$$$$$$$$$$$$$
Calling Z3str3

Returned solutions: 
(define-fun int1 () Int  1)
(define-fun int4 () Int  600)
(define-fun int0 () Int  301)
(define-fun int10 () Int  2)
(define-fun int11 () Int  1)
(define-fun int7 () Int  540)
(define-fun int8 () Int  639)
(define-fun int3 () Int  0)
(define-fun int5 () Int  0)
(define-fun int2 () Int  0)
(define-fun int6 () Int  2)
*************************************
Satisfiable: true
*************************************

$$$$$$$$$$$$$$$$$$$$$$$$$$$$$$$$
Calling Z3str3

Returned solutions: 
(define-fun int1 () Int  1)
(define-fun int4 () Int  600)
(define-fun int0 () Int  301)
(define-fun int10 () Int  2)
(define-fun int11 () Int  1)
(define-fun int7 () Int  540)
(define-fun int8 () Int  639)
(define-fun int5 () Int  1)
(define-fun int3 () Int  0)
(define-fun int2 () Int  0)
(define-fun int6 () Int  2)
*************************************
Satisfiable: true
*************************************

$$$$$$$$$$$$$$$$$$$$$$$$$$$$$$$$
Calling Z3str3

Returned solutions: 
(define-fun int1 () Int  1)
(define-fun int4 () Int  600)
(define-fun int0 () Int  301)
(define-fun int10 () Int  2)
(define-fun int11 () Int  1)
(define-fun int7 () Int  540)
(define-fun int8 () Int  639)
(define-fun int5 () Int  1)
(define-fun int3 () Int  0)
(define-fun int2 () Int  0)
(define-fun int6 () Int  2)
*************************************
Satisfiable: true
*************************************

$$$$$$$$$$$$$$$$$$$$$$$$$$$$$$$$
Calling Z3str3

Returned solutions: 
(define-fun int1 () Int  1)
(define-fun int4 () Int  600)
(define-fun int0 () Int  301)
(define-fun int10 () Int  2)
(define-fun int11 () Int  1)
(define-fun int7 () Int  540)
(define-fun int8 () Int  639)
(define-fun int5 () Int  1)
(define-fun int3 () Int  0)
(define-fun int2 () Int  0)
(define-fun int6 () Int  2)
*************************************
Satisfiable: true
*************************************

$$$$$$$$$$$$$$$$$$$$$$$$$$$$$$$$
Calling Z3str3

Returned solutions: 
(define-fun int1 () Int  1)
(define-fun int4 () Int  600)
(define-fun int0 () Int  301)
(define-fun int10 () Int  2)
(define-fun int11 () Int  1)
(define-fun int7 () Int  540)
(define-fun int8 () Int  639)
(define-fun int5 () Int  1)
(define-fun int3 () Int  0)
(define-fun int2 () Int  0)
(define-fun int6 () Int  2)
*************************************
Satisfiable: true
*************************************

$$$$$$$$$$$$$$$$$$$$$$$$$$$$$$$$
Calling Z3str3

Returned solutions: 
(define-fun int1 () Int  1)
(define-fun int4 () Int  600)
(define-fun int0 () Int  301)
(define-fun int10 () Int  2)
(define-fun int11 () Int  1)
(define-fun int7 () Int  540)
(define-fun int8 () Int  639)
(define-fun int5 () Int  1)
(define-fun int3 () Int  0)
(define-fun int2 () Int  0)
(define-fun int6 () Int  2)
*************************************
Satisfiable: true
*************************************

$$$$$$$$$$$$$$$$$$$$$$$$$$$$$$$$
Calling Z3str3

Returned solutions: 
(define-fun int1 () Int  1)
(define-fun int4 () Int  600)
(define-fun int0 () Int  301)
(define-fun int10 () Int  2)
(define-fun int11 () Int  1)
(define-fun int7 () Int  540)
(define-fun int8 () Int  639)
(define-fun int5 () Int  1)
(define-fun int3 () Int  0)
(define-fun int2 () Int  0)
(define-fun int6 () Int  2)
*************************************
Satisfiable: true
*************************************

$$$$$$$$$$$$$$$$$$$$$$$$$$$$$$$$
Calling Z3str3

Returned solutions: 
(define-fun int1 () Int  1)
(define-fun int4 () Int  600)
(define-fun int0 () Int  301)
(define-fun int10 () Int  2)
(define-fun int11 () Int  1)
(define-fun int7 () Int  540)
(define-fun int8 () Int  639)
(define-fun int5 () Int  1)
(define-fun int3 () Int  0)
(define-fun int2 () Int  0)
(define-fun int6 () Int  2)
*************************************
Satisfiable: true
*************************************

$$$$$$$$$$$$$$$$$$$$$$$$$$$$$$$$
Calling Z3str3

Returned solutions: 
(define-fun int10 () Int  2)
(define-fun int4 () Int  600)
(define-fun int11 () Int  1)
(define-fun int7 () Int  540)
(define-fun int0 () Int  600)
(define-fun int8 () Int  639)
(define-fun int5 () Int  1)
(define-fun int1 () Int  1)
(define-fun int3 () Int  0)
(define-fun int2 () Int  0)
(define-fun int6 () Int  2)
*************************************
Satisfiable: true
*************************************

$$$$$$$$$$$$$$$$$$$$$$$$$$$$$$$$
Calling Z3str3

Returned solutions: 
(define-fun int7 () Int  540)
(define-fun int11 () Int  1)
(define-fun int8 () Int  639)
(define-fun int1 () Int  1)
(define-fun int5 () Int  1)
(define-fun int4 () Int  600)
(define-fun int0 () Int  515)
(define-fun int10 () Int  2)
(define-fun int3 () Int  0)
(define-fun int2 () Int  0)
(define-fun int6 () Int  2)
*************************************
Satisfiable: true
*************************************


====================================================== search constraint
depth limit reached: 13

====================================================== snapshot 
thread java.lang.Thread:{id:0,name:main,status:RUNNING,priority:5,isDaemon:false,lockCount:0,suspendCount:0}
  call stack:
	at Main.Non_Crossing_Biased_Descend(Main.java:124)
	at Main.alt_assign(Main.java:174)
	at Main.alt_sep_test(Main.java:231)
	at Main.mainProcess(Main.java:278)
	at Main.main(Main.java:333)

$$$$$$$$$$$$$$$$$$$$$$$$$$$$$$$$
Calling Z3str3

Returned solutions: 
(define-fun int1 () Int  1)
(define-fun int4 () Int  600)
(define-fun int0 () Int  301)
(define-fun int10 () Int  2)
(define-fun int11 () Int  1)
(define-fun int7 () Int  540)
(define-fun int8 () Int  639)
(define-fun int3 () Int  0)
(define-fun int5 () Int  0)
(define-fun int2 () Int  0)
(define-fun int6 () Int  2)
*************************************
Satisfiable: true
*************************************

$$$$$$$$$$$$$$$$$$$$$$$$$$$$$$$$
Calling Z3str3

Returned solutions: 
(define-fun int1 () Int  1)
(define-fun int4 () Int  600)
(define-fun int0 () Int  301)
(define-fun int10 () Int  2)
(define-fun int11 () Int  1)
(define-fun int7 () Int  540)
(define-fun int8 () Int  639)
(define-fun int3 () Int  0)
(define-fun int5 () Int  0)
(define-fun int2 () Int  0)
(define-fun int6 () Int  2)
*************************************
Satisfiable: true
*************************************

$$$$$$$$$$$$$$$$$$$$$$$$$$$$$$$$
Calling Z3str3

Returned solutions: 
(define-fun int1 () Int  1)
(define-fun int4 () Int  600)
(define-fun int0 () Int  301)
(define-fun int10 () Int  2)
(define-fun int11 () Int  1)
(define-fun int7 () Int  540)
(define-fun int8 () Int  639)
(define-fun int3 () Int  0)
(define-fun int5 () Int  0)
(define-fun int2 () Int  0)
(define-fun int6 () Int  2)
*************************************
Satisfiable: true
*************************************

$$$$$$$$$$$$$$$$$$$$$$$$$$$$$$$$
Calling Z3str3

Returned solutions: 
(define-fun int1 () Int  1)
(define-fun int4 () Int  600)
(define-fun int0 () Int  301)
(define-fun int10 () Int  2)
(define-fun int11 () Int  1)
(define-fun int7 () Int  540)
(define-fun int8 () Int  639)
(define-fun int3 () Int  0)
(define-fun int5 () Int  0)
(define-fun int2 () Int  0)
(define-fun int6 () Int  2)
*************************************
Satisfiable: true
*************************************

$$$$$$$$$$$$$$$$$$$$$$$$$$$$$$$$
Calling Z3str3

Returned solutions: 
(define-fun int1 () Int  1)
(define-fun int4 () Int  600)
(define-fun int0 () Int  301)
(define-fun int10 () Int  2)
(define-fun int11 () Int  1)
(define-fun int7 () Int  540)
(define-fun int8 () Int  639)
(define-fun int3 () Int  0)
(define-fun int5 () Int  0)
(define-fun int2 () Int  0)
(define-fun int6 () Int  2)
*************************************
Satisfiable: true
*************************************

$$$$$$$$$$$$$$$$$$$$$$$$$$$$$$$$
Calling Z3str3

Returned solutions: 
(define-fun int1 () Int  1)
(define-fun int4 () Int  600)
(define-fun int0 () Int  301)
(define-fun int10 () Int  2)
(define-fun int11 () Int  1)
(define-fun int7 () Int  540)
(define-fun int8 () Int  639)
(define-fun int3 () Int  0)
(define-fun int5 () Int  0)
(define-fun int2 () Int  0)
(define-fun int6 () Int  2)
*************************************
Satisfiable: true
*************************************

$$$$$$$$$$$$$$$$$$$$$$$$$$$$$$$$
Calling Z3str3

Returned solutions: 
(define-fun int3 () Int  0)
(define-fun int1 () Int  1)
(define-fun int4 () Int  600)
(define-fun int10 () Int  2)
(define-fun int11 () Int  1)
(define-fun int0 () Int  600)
(define-fun int7 () Int  540)
(define-fun int8 () Int  639)
(define-fun int5 () Int  0)
(define-fun int2 () Int  0)
(define-fun int6 () Int  2)
*************************************
Satisfiable: true
*************************************

$$$$$$$$$$$$$$$$$$$$$$$$$$$$$$$$
Calling Z3str3

Returned solutions: 
(define-fun int11 () Int  1)
(define-fun int7 () Int  540)
(define-fun int10 () Int  2)
(define-fun int8 () Int  639)
(define-fun int1 () Int  1)
(define-fun int3 () Int  0)
(define-fun int4 () Int  600)
(define-fun int0 () Int  515)
(define-fun int5 () Int  0)
(define-fun int2 () Int  0)
(define-fun int6 () Int  2)
*************************************
Satisfiable: true
*************************************


====================================================== search constraint
depth limit reached: 13

====================================================== snapshot 
thread java.lang.Thread:{id:0,name:main,status:RUNNING,priority:5,isDaemon:false,lockCount:0,suspendCount:0}
  call stack:
	at Main.Non_Crossing_Biased_Descend(Main.java:124)
	at Main.alt_assign(Main.java:174)
	at Main.alt_sep_test(Main.java:231)
	at Main.mainProcess(Main.java:278)
	at Main.main(Main.java:333)

$$$$$$$$$$$$$$$$$$$$$$$$$$$$$$$$
Calling Z3str3

Returned solutions: 
(define-fun int1 () Int  1)
(define-fun int4 () Int  600)
(define-fun int0 () Int  301)
(define-fun int10 () Int  2)
(define-fun int11 () Int  1)
(define-fun int7 () Int  541)
(define-fun int8 () Int  640)
(define-fun int2 () Int  0)
(define-fun int6 () Int  2)
*************************************
Satisfiable: true
*************************************

$$$$$$$$$$$$$$$$$$$$$$$$$$$$$$$$
Calling Z3str3

Returned solutions: 
(define-fun int1 () Int  1)
(define-fun int4 () Int  600)
(define-fun int0 () Int  301)
(define-fun int10 () Int  2)
(define-fun int11 () Int  1)
(define-fun int7 () Int  541)
(define-fun int8 () Int  640)
(define-fun int2 () Int  0)
(define-fun int6 () Int  2)
*************************************
Satisfiable: true
*************************************

$$$$$$$$$$$$$$$$$$$$$$$$$$$$$$$$
Calling Z3str3

Returned solutions: 
(define-fun int1 () Int  1)
(define-fun int4 () Int  600)
(define-fun int0 () Int  301)
(define-fun int10 () Int  2)
(define-fun int11 () Int  1)
(define-fun int7 () Int  541)
(define-fun int8 () Int  640)
(define-fun int2 () Int  0)
(define-fun int6 () Int  2)
*************************************
Satisfiable: true
*************************************

$$$$$$$$$$$$$$$$$$$$$$$$$$$$$$$$
Calling Z3str3

Returned solutions: 
(define-fun int1 () Int  1)
(define-fun int4 () Int  600)
(define-fun int0 () Int  301)
(define-fun int10 () Int  2)
(define-fun int11 () Int  1)
(define-fun int7 () Int  541)
(define-fun int8 () Int  640)
(define-fun int2 () Int  0)
(define-fun int6 () Int  2)
*************************************
Satisfiable: true
*************************************

$$$$$$$$$$$$$$$$$$$$$$$$$$$$$$$$
Calling Z3str3

Returned solutions: 
(define-fun int1 () Int  1)
(define-fun int4 () Int  600)
(define-fun int0 () Int  301)
(define-fun int10 () Int  2)
(define-fun int11 () Int  1)
(define-fun int7 () Int  541)
(define-fun int8 () Int  640)
(define-fun int2 () Int  0)
(define-fun int6 () Int  2)
*************************************
Satisfiable: true
*************************************

$$$$$$$$$$$$$$$$$$$$$$$$$$$$$$$$
Calling Z3str3

Returned solutions: 
(define-fun int1 () Int  1)
(define-fun int4 () Int  600)
(define-fun int0 () Int  301)
(define-fun int10 () Int  2)
(define-fun int11 () Int  1)
(define-fun int7 () Int  541)
(define-fun int8 () Int  640)
(define-fun int3 () Int  0)
(define-fun int5 () Int  0)
(define-fun int2 () Int  0)
(define-fun int6 () Int  2)
*************************************
Satisfiable: true
*************************************

$$$$$$$$$$$$$$$$$$$$$$$$$$$$$$$$
Calling Z3str3

Returned solutions: 
(define-fun int1 () Int  1)
(define-fun int4 () Int  600)
(define-fun int0 () Int  301)
(define-fun int10 () Int  2)
(define-fun int11 () Int  1)
(define-fun int7 () Int  541)
(define-fun int8 () Int  640)
(define-fun int5 () Int  1)
(define-fun int3 () Int  0)
(define-fun int2 () Int  0)
(define-fun int6 () Int  2)
*************************************
Satisfiable: true
*************************************

$$$$$$$$$$$$$$$$$$$$$$$$$$$$$$$$
Calling Z3str3

Returned solutions: 
(define-fun int10 () Int  2)
(define-fun int4 () Int  600)
(define-fun int11 () Int  1)
(define-fun int7 () Int  541)
(define-fun int0 () Int  600)
(define-fun int8 () Int  640)
(define-fun int5 () Int  1)
(define-fun int1 () Int  1)
(define-fun int3 () Int  0)
(define-fun int2 () Int  0)
(define-fun int6 () Int  2)
*************************************
Satisfiable: true
*************************************

$$$$$$$$$$$$$$$$$$$$$$$$$$$$$$$$
Calling Z3str3

Returned solutions: 
(define-fun int11 () Int  1)
(define-fun int7 () Int  541)
(define-fun int10 () Int  2)
(define-fun int8 () Int  640)
(define-fun int1 () Int  1)
(define-fun int5 () Int  1)
(define-fun int4 () Int  600)
(define-fun int0 () Int  515)
(define-fun int3 () Int  0)
(define-fun int2 () Int  0)
(define-fun int6 () Int  2)
*************************************
Satisfiable: true
*************************************


====================================================== search constraint
depth limit reached: 13

====================================================== snapshot 
thread java.lang.Thread:{id:0,name:main,status:RUNNING,priority:5,isDaemon:false,lockCount:0,suspendCount:0}
  call stack:
	at Main.Non_Crossing_Biased_Descend(Main.java:124)
	at Main.alt_assign(Main.java:174)
	at Main.alt_sep_test(Main.java:231)
	at Main.mainProcess(Main.java:278)
	at Main.main(Main.java:333)

$$$$$$$$$$$$$$$$$$$$$$$$$$$$$$$$
Calling Z3str3

Returned solutions: 
(define-fun int3 () Int  0)
(define-fun int1 () Int  1)
(define-fun int4 () Int  600)
(define-fun int10 () Int  2)
(define-fun int11 () Int  1)
(define-fun int0 () Int  600)
(define-fun int7 () Int  541)
(define-fun int8 () Int  640)
(define-fun int5 () Int  0)
(define-fun int2 () Int  0)
(define-fun int6 () Int  2)
*************************************
Satisfiable: true
*************************************

$$$$$$$$$$$$$$$$$$$$$$$$$$$$$$$$
Calling Z3str3

Returned solutions: 
(define-fun int0 () Int  515)
(define-fun int10 () Int  2)
(define-fun int11 () Int  1)
(define-fun int7 () Int  541)
(define-fun int4 () Int  600)
(define-fun int8 () Int  640)
(define-fun int1 () Int  1)
(define-fun int3 () Int  0)
(define-fun int5 () Int  0)
(define-fun int2 () Int  0)
(define-fun int6 () Int  2)
*************************************
Satisfiable: true
*************************************


====================================================== search constraint
depth limit reached: 13

====================================================== snapshot 
thread java.lang.Thread:{id:0,name:main,status:RUNNING,priority:5,isDaemon:false,lockCount:0,suspendCount:0}
  call stack:
	at Main.Non_Crossing_Biased_Descend(Main.java:124)
	at Main.alt_assign(Main.java:174)
	at Main.alt_sep_test(Main.java:231)
	at Main.mainProcess(Main.java:278)
	at Main.main(Main.java:333)

$$$$$$$$$$$$$$$$$$$$$$$$$$$$$$$$
Calling Z3str3

Returned solutions: 
(define-fun int0 () Int  301)
(define-fun int4 () Int  600)
(define-fun int10 () Int  2)
(define-fun int11 () Int  1)
(define-fun int7 () Int  641)
(define-fun int6 () Int  (- 1))
(define-fun int8 () Int  740)
(define-fun int1 () Int  1)
(define-fun int2 () Int  0)
*************************************
Satisfiable: true
*************************************

$$$$$$$$$$$$$$$$$$$$$$$$$$$$$$$$
Calling Z3str3

Returned solutions: 
(define-fun int0 () Int  301)
(define-fun int4 () Int  600)
(define-fun int10 () Int  2)
(define-fun int11 () Int  1)
(define-fun int7 () Int  640)
(define-fun int8 () Int  739)
(define-fun int6 () Int  (- 1))
(define-fun int1 () Int  1)
(define-fun int2 () Int  0)
*************************************
Satisfiable: true
*************************************

$$$$$$$$$$$$$$$$$$$$$$$$$$$$$$$$
Calling Z3str3

Returned solutions: 
(define-fun int3 () Int  0)
(define-fun int4 () Int  600)
(define-fun int10 () Int  2)
(define-fun int11 () Int  1)
(define-fun int7 () Int  640)
(define-fun int8 () Int  739)
(define-fun int6 () Int  (- 1))
(define-fun int1 () Int  1)
(define-fun int0 () Int  301)
(define-fun int5 () Int  0)
(define-fun int2 () Int  0)
*************************************
Satisfiable: true
*************************************

$$$$$$$$$$$$$$$$$$$$$$$$$$$$$$$$
Calling Z3str3

Returned solutions: 
(define-fun int4 () Int  600)
(define-fun int11 () Int  1)
(define-fun int7 () Int  640)
(define-fun int8 () Int  739)
(define-fun int1 () Int  1)
(define-fun int5 () Int  1)
(define-fun int0 () Int  301)
(define-fun int6 () Int  (- 1))
(define-fun int10 () Int  2)
(define-fun int3 () Int  0)
(define-fun int2 () Int  0)
*************************************
Satisfiable: true
*************************************

$$$$$$$$$$$$$$$$$$$$$$$$$$$$$$$$
Calling Z3str3

Returned solutions: 
(define-fun int4 () Int  600)
(define-fun int11 () Int  1)
(define-fun int7 () Int  640)
(define-fun int8 () Int  739)
(define-fun int1 () Int  1)
(define-fun int5 () Int  1)
(define-fun int0 () Int  301)
(define-fun int6 () Int  (- 1))
(define-fun int10 () Int  2)
(define-fun int3 () Int  0)
(define-fun int2 () Int  0)
*************************************
Satisfiable: true
*************************************

$$$$$$$$$$$$$$$$$$$$$$$$$$$$$$$$
Calling Z3str3

Returned solutions: 
(define-fun int4 () Int  600)
(define-fun int11 () Int  1)
(define-fun int7 () Int  640)
(define-fun int8 () Int  739)
(define-fun int1 () Int  1)
(define-fun int5 () Int  1)
(define-fun int0 () Int  301)
(define-fun int6 () Int  (- 1))
(define-fun int10 () Int  2)
(define-fun int3 () Int  0)
(define-fun int2 () Int  0)
*************************************
Satisfiable: true
*************************************

$$$$$$$$$$$$$$$$$$$$$$$$$$$$$$$$
Calling Z3str3

Returned solutions: 
(define-fun int4 () Int  600)
(define-fun int11 () Int  1)
(define-fun int7 () Int  640)
(define-fun int8 () Int  739)
(define-fun int1 () Int  1)
(define-fun int5 () Int  1)
(define-fun int0 () Int  301)
(define-fun int6 () Int  (- 1))
(define-fun int10 () Int  2)
(define-fun int3 () Int  0)
(define-fun int2 () Int  0)
*************************************
Satisfiable: true
*************************************

$$$$$$$$$$$$$$$$$$$$$$$$$$$$$$$$
Calling Z3str3

Returned solutions: 
(define-fun int4 () Int  600)
(define-fun int11 () Int  1)
(define-fun int7 () Int  640)
(define-fun int8 () Int  739)
(define-fun int1 () Int  1)
(define-fun int5 () Int  1)
(define-fun int0 () Int  301)
(define-fun int6 () Int  (- 1))
(define-fun int10 () Int  2)
(define-fun int3 () Int  0)
(define-fun int2 () Int  0)
*************************************
Satisfiable: true
*************************************

$$$$$$$$$$$$$$$$$$$$$$$$$$$$$$$$
Calling Z3str3

Returned solutions: 
(define-fun int4 () Int  600)
(define-fun int11 () Int  1)
(define-fun int7 () Int  640)
(define-fun int8 () Int  739)
(define-fun int1 () Int  1)
(define-fun int5 () Int  1)
(define-fun int0 () Int  301)
(define-fun int6 () Int  (- 1))
(define-fun int10 () Int  2)
(define-fun int3 () Int  0)
(define-fun int2 () Int  0)
*************************************
Satisfiable: true
*************************************

$$$$$$$$$$$$$$$$$$$$$$$$$$$$$$$$
Calling Z3str3

Returned solutions: 
(define-fun int4 () Int  600)
(define-fun int11 () Int  1)
(define-fun int7 () Int  640)
(define-fun int8 () Int  739)
(define-fun int1 () Int  1)
(define-fun int5 () Int  1)
(define-fun int0 () Int  301)
(define-fun int6 () Int  (- 1))
(define-fun int10 () Int  2)
(define-fun int3 () Int  0)
(define-fun int2 () Int  0)
*************************************
Satisfiable: true
*************************************

$$$$$$$$$$$$$$$$$$$$$$$$$$$$$$$$
Calling Z3str3

Returned solutions: 
(define-fun int10 () Int  2)
(define-fun int4 () Int  600)
(define-fun int11 () Int  1)
(define-fun int7 () Int  640)
(define-fun int0 () Int  600)
(define-fun int6 () Int  (- 1))
(define-fun int8 () Int  739)
(define-fun int5 () Int  1)
(define-fun int1 () Int  1)
(define-fun int3 () Int  0)
(define-fun int2 () Int  0)
*************************************
Satisfiable: true
*************************************

$$$$$$$$$$$$$$$$$$$$$$$$$$$$$$$$
Calling Z3str3

Returned solutions: 
(define-fun int10 () Int  2)
(define-fun int4 () Int  600)
(define-fun int11 () Int  1)
(define-fun int7 () Int  640)
(define-fun int0 () Int  301)
(define-fun int6 () Int  (- 1))
(define-fun int8 () Int  739)
(define-fun int5 () Int  1)
(define-fun int1 () Int  1)
(define-fun int3 () Int  0)
(define-fun int2 () Int  0)
*************************************
Satisfiable: true
*************************************


====================================================== search constraint
depth limit reached: 13

====================================================== snapshot 
thread java.lang.Thread:{id:0,name:main,status:RUNNING,priority:5,isDaemon:false,lockCount:0,suspendCount:0}
  call stack:
	at Main.Non_Crossing_Biased_Descend(Main.java:124)
	at Main.alt_assign(Main.java:174)
	at Main.alt_sep_test(Main.java:231)
	at Main.mainProcess(Main.java:278)
	at Main.main(Main.java:333)

$$$$$$$$$$$$$$$$$$$$$$$$$$$$$$$$
Calling Z3str3

Returned solutions: 
(define-fun int3 () Int  0)
(define-fun int4 () Int  600)
(define-fun int10 () Int  2)
(define-fun int11 () Int  1)
(define-fun int7 () Int  640)
(define-fun int8 () Int  739)
(define-fun int6 () Int  (- 1))
(define-fun int1 () Int  1)
(define-fun int0 () Int  301)
(define-fun int5 () Int  0)
(define-fun int2 () Int  0)
*************************************
Satisfiable: true
*************************************

$$$$$$$$$$$$$$$$$$$$$$$$$$$$$$$$
Calling Z3str3

Returned solutions: 
(define-fun int3 () Int  0)
(define-fun int4 () Int  600)
(define-fun int10 () Int  2)
(define-fun int11 () Int  1)
(define-fun int7 () Int  640)
(define-fun int8 () Int  739)
(define-fun int6 () Int  (- 1))
(define-fun int1 () Int  1)
(define-fun int0 () Int  301)
(define-fun int5 () Int  0)
(define-fun int2 () Int  0)
*************************************
Satisfiable: true
*************************************

$$$$$$$$$$$$$$$$$$$$$$$$$$$$$$$$
Calling Z3str3

Returned solutions: 
(define-fun int3 () Int  0)
(define-fun int4 () Int  600)
(define-fun int10 () Int  2)
(define-fun int11 () Int  1)
(define-fun int7 () Int  640)
(define-fun int8 () Int  739)
(define-fun int6 () Int  (- 1))
(define-fun int1 () Int  1)
(define-fun int0 () Int  301)
(define-fun int5 () Int  0)
(define-fun int2 () Int  0)
*************************************
Satisfiable: true
*************************************

$$$$$$$$$$$$$$$$$$$$$$$$$$$$$$$$
Calling Z3str3

Returned solutions: 
(define-fun int3 () Int  0)
(define-fun int4 () Int  600)
(define-fun int10 () Int  2)
(define-fun int11 () Int  1)
(define-fun int7 () Int  640)
(define-fun int8 () Int  739)
(define-fun int6 () Int  (- 1))
(define-fun int1 () Int  1)
(define-fun int0 () Int  301)
(define-fun int5 () Int  0)
(define-fun int2 () Int  0)
*************************************
Satisfiable: true
*************************************

$$$$$$$$$$$$$$$$$$$$$$$$$$$$$$$$
Calling Z3str3

Returned solutions: 
(define-fun int3 () Int  0)
(define-fun int4 () Int  600)
(define-fun int10 () Int  2)
(define-fun int11 () Int  1)
(define-fun int7 () Int  640)
(define-fun int8 () Int  739)
(define-fun int6 () Int  (- 1))
(define-fun int1 () Int  1)
(define-fun int0 () Int  301)
(define-fun int5 () Int  0)
(define-fun int2 () Int  0)
*************************************
Satisfiable: true
*************************************

$$$$$$$$$$$$$$$$$$$$$$$$$$$$$$$$
Calling Z3str3

Returned solutions: 
(define-fun int3 () Int  0)
(define-fun int4 () Int  600)
(define-fun int10 () Int  2)
(define-fun int11 () Int  1)
(define-fun int7 () Int  640)
(define-fun int8 () Int  739)
(define-fun int6 () Int  (- 1))
(define-fun int1 () Int  1)
(define-fun int0 () Int  301)
(define-fun int5 () Int  0)
(define-fun int2 () Int  0)
*************************************
Satisfiable: true
*************************************

$$$$$$$$$$$$$$$$$$$$$$$$$$$$$$$$
Calling Z3str3

Returned solutions: 
(define-fun int3 () Int  0)
(define-fun int1 () Int  1)
(define-fun int4 () Int  600)
(define-fun int10 () Int  2)
(define-fun int11 () Int  1)
(define-fun int0 () Int  600)
(define-fun int7 () Int  640)
(define-fun int6 () Int  (- 1))
(define-fun int8 () Int  739)
(define-fun int5 () Int  0)
(define-fun int2 () Int  0)
*************************************
Satisfiable: true
*************************************

$$$$$$$$$$$$$$$$$$$$$$$$$$$$$$$$
Calling Z3str3

Returned solutions: 
(define-fun int3 () Int  0)
(define-fun int1 () Int  1)
(define-fun int4 () Int  600)
(define-fun int10 () Int  2)
(define-fun int11 () Int  1)
(define-fun int0 () Int  301)
(define-fun int7 () Int  640)
(define-fun int6 () Int  (- 1))
(define-fun int8 () Int  739)
(define-fun int5 () Int  0)
(define-fun int2 () Int  0)
*************************************
Satisfiable: true
*************************************


====================================================== search constraint
depth limit reached: 13

====================================================== snapshot 
thread java.lang.Thread:{id:0,name:main,status:RUNNING,priority:5,isDaemon:false,lockCount:0,suspendCount:0}
  call stack:
	at Main.Non_Crossing_Biased_Descend(Main.java:124)
	at Main.alt_assign(Main.java:174)
	at Main.alt_sep_test(Main.java:231)
	at Main.mainProcess(Main.java:278)
	at Main.main(Main.java:333)

$$$$$$$$$$$$$$$$$$$$$$$$$$$$$$$$
Calling Z3str3

Returned solutions: 
(define-fun int0 () Int  301)
(define-fun int4 () Int  600)
(define-fun int10 () Int  2)
(define-fun int11 () Int  1)
(define-fun int7 () Int  641)
(define-fun int6 () Int  (- 1))
(define-fun int8 () Int  740)
(define-fun int1 () Int  1)
(define-fun int2 () Int  0)
*************************************
Satisfiable: true
*************************************

$$$$$$$$$$$$$$$$$$$$$$$$$$$$$$$$
Calling Z3str3

Returned solutions: 
(define-fun int0 () Int  301)
(define-fun int4 () Int  600)
(define-fun int10 () Int  2)
(define-fun int11 () Int  1)
(define-fun int7 () Int  641)
(define-fun int6 () Int  (- 1))
(define-fun int8 () Int  740)
(define-fun int1 () Int  1)
(define-fun int2 () Int  0)
*************************************
Satisfiable: true
*************************************

$$$$$$$$$$$$$$$$$$$$$$$$$$$$$$$$
Calling Z3str3

Returned solutions: 
(define-fun int0 () Int  301)
(define-fun int4 () Int  600)
(define-fun int10 () Int  2)
(define-fun int11 () Int  1)
(define-fun int7 () Int  641)
(define-fun int6 () Int  (- 1))
(define-fun int8 () Int  740)
(define-fun int1 () Int  1)
(define-fun int2 () Int  0)
*************************************
Satisfiable: true
*************************************

$$$$$$$$$$$$$$$$$$$$$$$$$$$$$$$$
Calling Z3str3

Returned solutions: 
(define-fun int0 () Int  301)
(define-fun int4 () Int  600)
(define-fun int10 () Int  2)
(define-fun int11 () Int  1)
(define-fun int7 () Int  641)
(define-fun int6 () Int  (- 1))
(define-fun int8 () Int  740)
(define-fun int1 () Int  1)
(define-fun int2 () Int  0)
*************************************
Satisfiable: true
*************************************

$$$$$$$$$$$$$$$$$$$$$$$$$$$$$$$$
Calling Z3str3

Returned solutions: 
(define-fun int0 () Int  301)
(define-fun int4 () Int  600)
(define-fun int10 () Int  2)
(define-fun int11 () Int  1)
(define-fun int7 () Int  641)
(define-fun int6 () Int  (- 1))
(define-fun int8 () Int  740)
(define-fun int1 () Int  1)
(define-fun int2 () Int  0)
*************************************
Satisfiable: true
*************************************

$$$$$$$$$$$$$$$$$$$$$$$$$$$$$$$$
Calling Z3str3

Returned solutions: 
(define-fun int3 () Int  0)
(define-fun int4 () Int  600)
(define-fun int10 () Int  2)
(define-fun int11 () Int  1)
(define-fun int7 () Int  641)
(define-fun int8 () Int  740)
(define-fun int1 () Int  1)
(define-fun int6 () Int  (- 1))
(define-fun int0 () Int  301)
(define-fun int5 () Int  0)
(define-fun int2 () Int  0)
*************************************
Satisfiable: true
*************************************

$$$$$$$$$$$$$$$$$$$$$$$$$$$$$$$$
Calling Z3str3

Returned solutions: 
(define-fun int4 () Int  600)
(define-fun int11 () Int  1)
(define-fun int7 () Int  641)
(define-fun int8 () Int  740)
(define-fun int1 () Int  1)
(define-fun int5 () Int  1)
(define-fun int0 () Int  301)
(define-fun int6 () Int  (- 1))
(define-fun int10 () Int  2)
(define-fun int3 () Int  0)
(define-fun int2 () Int  0)
*************************************
Satisfiable: true
*************************************

$$$$$$$$$$$$$$$$$$$$$$$$$$$$$$$$
Calling Z3str3

Returned solutions: 
(define-fun int10 () Int  2)
(define-fun int4 () Int  600)
(define-fun int11 () Int  1)
(define-fun int7 () Int  641)
(define-fun int0 () Int  600)
(define-fun int8 () Int  740)
(define-fun int6 () Int  (- 1))
(define-fun int5 () Int  1)
(define-fun int1 () Int  1)
(define-fun int3 () Int  0)
(define-fun int2 () Int  0)
*************************************
Satisfiable: true
*************************************

$$$$$$$$$$$$$$$$$$$$$$$$$$$$$$$$
Calling Z3str3

Returned solutions: 
(define-fun int10 () Int  2)
(define-fun int4 () Int  600)
(define-fun int11 () Int  1)
(define-fun int7 () Int  641)
(define-fun int0 () Int  301)
(define-fun int8 () Int  740)
(define-fun int6 () Int  (- 1))
(define-fun int5 () Int  1)
(define-fun int1 () Int  1)
(define-fun int3 () Int  0)
(define-fun int2 () Int  0)
*************************************
Satisfiable: true
*************************************


====================================================== search constraint
depth limit reached: 13

====================================================== snapshot 
thread java.lang.Thread:{id:0,name:main,status:RUNNING,priority:5,isDaemon:false,lockCount:0,suspendCount:0}
  call stack:
	at Main.Non_Crossing_Biased_Descend(Main.java:124)
	at Main.alt_assign(Main.java:174)
	at Main.alt_sep_test(Main.java:231)
	at Main.mainProcess(Main.java:278)
	at Main.main(Main.java:333)

$$$$$$$$$$$$$$$$$$$$$$$$$$$$$$$$
Calling Z3str3

Returned solutions: 
(define-fun int3 () Int  0)
(define-fun int1 () Int  1)
(define-fun int4 () Int  600)
(define-fun int10 () Int  2)
(define-fun int11 () Int  1)
(define-fun int0 () Int  600)
(define-fun int7 () Int  641)
(define-fun int6 () Int  (- 1))
(define-fun int8 () Int  740)
(define-fun int5 () Int  0)
(define-fun int2 () Int  0)
*************************************
Satisfiable: true
*************************************

$$$$$$$$$$$$$$$$$$$$$$$$$$$$$$$$
Calling Z3str3

Returned solutions: 
(define-fun int3 () Int  0)
(define-fun int1 () Int  1)
(define-fun int4 () Int  600)
(define-fun int10 () Int  2)
(define-fun int11 () Int  1)
(define-fun int0 () Int  301)
(define-fun int7 () Int  641)
(define-fun int6 () Int  (- 1))
(define-fun int8 () Int  740)
(define-fun int5 () Int  0)
(define-fun int2 () Int  0)
*************************************
Satisfiable: true
*************************************


====================================================== search constraint
depth limit reached: 13

====================================================== snapshot 
thread java.lang.Thread:{id:0,name:main,status:RUNNING,priority:5,isDaemon:false,lockCount:0,suspendCount:0}
  call stack:
	at Main.Non_Crossing_Biased_Descend(Main.java:124)
	at Main.alt_assign(Main.java:174)
	at Main.alt_sep_test(Main.java:231)
	at Main.mainProcess(Main.java:278)
	at Main.main(Main.java:333)

$$$$$$$$$$$$$$$$$$$$$$$$$$$$$$$$
Calling Z3str3

Returned solutions: 
(define-fun int1 () Int  1)
(define-fun int0 () Int  600)
(define-fun int10 () Int  2)
(define-fun int4 () Int  600)
(define-fun int7 () Int  0)
(define-fun int11 () Int  1)
(define-fun int8 () Int  100)
(define-fun int2 () Int  0)
*************************************
Satisfiable: true
*************************************

$$$$$$$$$$$$$$$$$$$$$$$$$$$$$$$$
Calling Z3str3

Returned solutions: 
(define-fun int11 () Int  1)
(define-fun int10 () Int  2)
(define-fun int7 () Int  0)
(define-fun int4 () Int  600)
(define-fun int0 () Int  515)
(define-fun int1 () Int  1)
(define-fun int8 () Int  100)
(define-fun int2 () Int  0)
*************************************
Satisfiable: true
*************************************

$$$$$$$$$$$$$$$$$$$$$$$$$$$$$$$$
Calling Z3str3

Returned solutions: 
(define-fun int11 () Int  1)
(define-fun int10 () Int  2)
(define-fun int7 () Int  0)
(define-fun int4 () Int  600)
(define-fun int0 () Int  515)
(define-fun int1 () Int  1)
(define-fun int8 () Int  100)
(define-fun int2 () Int  0)
*************************************
Satisfiable: true
*************************************

$$$$$$$$$$$$$$$$$$$$$$$$$$$$$$$$
Calling Z3str3

Returned solutions: 
(define-fun int11 () Int  1)
(define-fun int10 () Int  2)
(define-fun int7 () Int  0)
(define-fun int4 () Int  600)
(define-fun int0 () Int  515)
(define-fun int1 () Int  1)
(define-fun int8 () Int  100)
(define-fun int2 () Int  0)
*************************************
Satisfiable: true
*************************************

$$$$$$$$$$$$$$$$$$$$$$$$$$$$$$$$
Calling Z3str3

Returned solutions: 
(define-fun int0 () Int  515)
(define-fun int4 () Int  600)
(define-fun int10 () Int  2)
(define-fun int11 () Int  1)
(define-fun int6 () Int  1)
(define-fun int7 () Int  0)
(define-fun int1 () Int  1)
(define-fun int8 () Int  100)
(define-fun int2 () Int  0)
*************************************
Satisfiable: true
*************************************

$$$$$$$$$$$$$$$$$$$$$$$$$$$$$$$$
Calling Z3str3

Returned solutions: 
(define-fun int11 () Int  1)
(define-fun int10 () Int  2)
(define-fun int7 () Int  0)
(define-fun int4 () Int  600)
(define-fun int0 () Int  515)
(define-fun int1 () Int  1)
(define-fun int8 () Int  100)
(define-fun int2 () Int  0)
(define-fun int6 () Int  0)
*************************************
Satisfiable: true
*************************************

$$$$$$$$$$$$$$$$$$$$$$$$$$$$$$$$
Calling Z3str3

Returned solutions: 
(define-fun int5 () Int  0)
(define-fun int1 () Int  1)
(define-fun int0 () Int  515)
(define-fun int4 () Int  600)
(define-fun int10 () Int  2)
(define-fun int11 () Int  1)
(define-fun int7 () Int  0)
(define-fun int8 () Int  100)
(define-fun int3 () Int  0)
(define-fun int2 () Int  0)
(define-fun int6 () Int  0)
*************************************
Satisfiable: true
*************************************

$$$$$$$$$$$$$$$$$$$$$$$$$$$$$$$$
Calling Z3str3

Returned solutions: 
(define-fun int0 () Int  515)
(define-fun int4 () Int  600)
(define-fun int10 () Int  2)
(define-fun int11 () Int  1)
(define-fun int3 () Int  1)
(define-fun int7 () Int  0)
(define-fun int1 () Int  1)
(define-fun int8 () Int  100)
(define-fun int5 () Int  0)
(define-fun int2 () Int  0)
(define-fun int6 () Int  0)
*************************************
Satisfiable: true
*************************************

$$$$$$$$$$$$$$$$$$$$$$$$$$$$$$$$
Calling Z3str3

Returned solutions: 
(define-fun int11 () Int  1)
(define-fun int8 () Int  500)
(define-fun int10 () Int  2)
(define-fun int3 () Int  1)
(define-fun int1 () Int  1)
(define-fun int7 () Int  400)
(define-fun int4 () Int  600)
(define-fun int0 () Int  515)
(define-fun int5 () Int  0)
(define-fun int2 () Int  0)
(define-fun int6 () Int  0)
*************************************
Satisfiable: true
*************************************

$$$$$$$$$$$$$$$$$$$$$$$$$$$$$$$$
Calling Z3str3

Returned solutions: 
(define-fun int8 () Int  499)
(define-fun int11 () Int  1)
(define-fun int3 () Int  1)
(define-fun int1 () Int  1)
(define-fun int7 () Int  399)
(define-fun int4 () Int  600)
(define-fun int0 () Int  515)
(define-fun int10 () Int  2)
(define-fun int5 () Int  0)
(define-fun int2 () Int  0)
(define-fun int6 () Int  0)
*************************************
Satisfiable: true
*************************************

$$$$$$$$$$$$$$$$$$$$$$$$$$$$$$$$
Calling Z3str3

Returned solutions: 
(define-fun int8 () Int  499)
(define-fun int11 () Int  1)
(define-fun int3 () Int  1)
(define-fun int1 () Int  1)
(define-fun int7 () Int  399)
(define-fun int4 () Int  600)
(define-fun int0 () Int  515)
(define-fun int10 () Int  2)
(define-fun int5 () Int  0)
(define-fun int2 () Int  0)
(define-fun int6 () Int  0)
*************************************
Satisfiable: true
*************************************

$$$$$$$$$$$$$$$$$$$$$$$$$$$$$$$$
Calling Z3str3

Returned solutions: 
(define-fun int7 () Int  0)
(define-fun int1 () Int  1)
(define-fun int4 () Int  600)
(define-fun int10 () Int  2)
(define-fun int11 () Int  1)
(define-fun int0 () Int  301)
(define-fun int8 () Int  100)
(define-fun int3 () Int  1)
(define-fun int5 () Int  0)
(define-fun int2 () Int  0)
(define-fun int6 () Int  0)
*************************************
Satisfiable: true
*************************************

$$$$$$$$$$$$$$$$$$$$$$$$$$$$$$$$
Calling Z3str3

Returned solutions: 
(define-fun int11 () Int  1)
(define-fun int8 () Int  500)
(define-fun int10 () Int  2)
(define-fun int3 () Int  1)
(define-fun int1 () Int  1)
(define-fun int7 () Int  400)
(define-fun int4 () Int  600)
(define-fun int0 () Int  515)
(define-fun int5 () Int  0)
(define-fun int2 () Int  0)
(define-fun int6 () Int  0)
*************************************
Satisfiable: true
*************************************

$$$$$$$$$$$$$$$$$$$$$$$$$$$$$$$$
Calling Z3str3

Returned solutions: 
(define-fun int11 () Int  1)
(define-fun int8 () Int  500)
(define-fun int10 () Int  2)
(define-fun int3 () Int  1)
(define-fun int1 () Int  1)
(define-fun int7 () Int  400)
(define-fun int4 () Int  600)
(define-fun int0 () Int  515)
(define-fun int5 () Int  0)
(define-fun int2 () Int  0)
(define-fun int6 () Int  0)
*************************************
Satisfiable: true
*************************************

$$$$$$$$$$$$$$$$$$$$$$$$$$$$$$$$
Calling Z3str3

Returned solutions: 
(define-fun int7 () Int  400)
(define-fun int1 () Int  1)
(define-fun int4 () Int  600)
(define-fun int10 () Int  2)
(define-fun int11 () Int  1)
(define-fun int0 () Int  301)
(define-fun int8 () Int  500)
(define-fun int3 () Int  1)
(define-fun int5 () Int  0)
(define-fun int2 () Int  0)
(define-fun int6 () Int  0)
*************************************
Satisfiable: true
*************************************

$$$$$$$$$$$$$$$$$$$$$$$$$$$$$$$$
Calling Z3str3

Returned solutions: 
(define-fun int7 () Int  401)
(define-fun int1 () Int  1)
(define-fun int4 () Int  600)
(define-fun int10 () Int  2)
(define-fun int11 () Int  1)
(define-fun int0 () Int  301)
(define-fun int8 () Int  501)
(define-fun int3 () Int  1)
(define-fun int5 () Int  0)
(define-fun int2 () Int  0)
(define-fun int6 () Int  0)
*************************************
Satisfiable: true
*************************************

$$$$$$$$$$$$$$$$$$$$$$$$$$$$$$$$
Calling Z3str3

Returned solutions: 
(define-fun int7 () Int  401)
(define-fun int3 () Int  1)
(define-fun int4 () Int  600)
(define-fun int1 () Int  1)
(define-fun int0 () Int  301)
(define-fun int10 () Int  2)
(define-fun int8 () Int  501)
(define-fun int11 () Int  1)
(define-fun int5 () Int  0)
(define-fun int2 () Int  0)
(define-fun int6 () Int  0)
*************************************
Satisfiable: true
*************************************

$$$$$$$$$$$$$$$$$$$$$$$$$$$$$$$$
Calling Z3str3

Returned solutions: 
(define-fun int7 () Int  401)
(define-fun int1 () Int  1)
(define-fun int4 () Int  600)
(define-fun int10 () Int  2)
(define-fun int11 () Int  1)
(define-fun int0 () Int  301)
(define-fun int8 () Int  501)
(define-fun int3 () Int  1)
(define-fun int5 () Int  0)
(define-fun int2 () Int  0)
(define-fun int6 () Int  0)
*************************************
Satisfiable: true
*************************************

$$$$$$$$$$$$$$$$$$$$$$$$$$$$$$$$
Calling Z3str3

Returned solutions: 
(define-fun int7 () Int  401)
(define-fun int1 () Int  1)
(define-fun int4 () Int  600)
(define-fun int10 () Int  2)
(define-fun int11 () Int  1)
(define-fun int0 () Int  301)
(define-fun int8 () Int  501)
(define-fun int3 () Int  1)
(define-fun int5 () Int  0)
(define-fun int2 () Int  0)
(define-fun int6 () Int  0)
*************************************
Satisfiable: true
*************************************

Property Violated: PC is constraint # = 12
int7[1073741778] > CONST_400 &&
int7[1073741778] >= CONST_400 &&
int5[0] < int3[1] &&
int6[0] == CONST_0 &&
int0[301] < CONST_600 &&
(int7[1073741778] + CONST_100) <= int8[1610612736] &&
int11[1] > CONST_0 &&
int10[-2147483648] != CONST_1 &&
int0[301] > CONST_300 &&
int4[-2147483047] <= CONST_600 &&
int2[0] == CONST_0 &&
int1[-2147483648] != CONST_0
Property Violated: result is  "java.lang.AssertionError..."
****************************

====================================================== error 1
gov.nasa.jpf.vm.NoUncaughtExceptionsProperty
java.lang.AssertionError
	at Main.mainProcess(Main.java:284)
	at Main.main(Main.java:333)


====================================================== snapshot #1
thread java.lang.Thread:{id:0,name:main,status:RUNNING,priority:5,isDaemon:false,lockCount:0,suspendCount:0}
  call stack:
	at Main.mainProcess(Main.java:284)
	at Main.main(Main.java:333)


====================================================== Method Summaries
Inputs: 

()  --> "java.lang.AssertionError..."

====================================================== Method Summaries (HTML)
<h1>Test Cases Generated by Symbolic JavaPath Finder for  (Path Coverage) </h1>
<table border=1>
<tr><td>RETURN</td></tr>
<tr><td>"java.lang.AssertionError..."</td></tr>
</table>

====================================================== results
error #1: gov.nasa.jpf.vm.NoUncaughtExceptionsProperty "java.lang.AssertionError  at Main.mainProcess(Main..."

====================================================== statistics
elapsed time:       00:00:11
states:             new=171,visited=0,backtracked=158,end=63
search:             maxDepth=13,constraints=32
choice generators:  thread=1 (signal=0,lock=1,sharedRef=0,threadApi=0,reschedule=0), data=89
heap:               new=526,released=619,maxLive=458,gcCycles=64
instructions:       8867
max memory:         44MB
loaded code:        classes=89,methods=1880

====================================================== search finished: 7/8/25 3:03 AM
inside runtime_exception_mode=true
UNKNOWN
