./jpf-sv-comp --propertyfile ../../sv-benchmarks/java/properties/assert_java.prp ../../sv-benchmarks/java/common ../../sv-benchmarks/java/securibench/micro ../../sv-benchmarks/java/securibench/Sanitizers6


--------------------------------------------------------------------------------


PROP_FILE=../../sv-benchmarks/java/properties/assert_java.prp
CHECK( init(Main.main()), LTL(G assert) )
ASSERTION_MODE=TRUE
RUNTIME_EXCEPTION_MODE=FALSE
Note: Some input files use unchecked or unsafe operations.
Note: Recompile with -Xlint:unchecked for details.
/tmp/jpf-benchmark.wq96ek/config.jpf
LD_LIBRARY_PATH=/home/f8/Desktop/bench-defs/bin/spf-x7QRTWdPtu/jpf-symbc/lib:/home/f8/Desktop/SPF/jpf-symbc/lib:
symbolic.min_int=-2147483648
symbolic.min_long=-9223372036854775808
symbolic.min_short=-32768
symbolic.min_byte=-128
symbolic.min_char=0
symbolic.max_int=2147483647
symbolic.max_long=9223372036854775807
symbolic.max_short=32767
symbolic.max_byte=127
symbolic.max_char=65535
symbolic.min_double=4.9E-324
symbolic.max_double=1.7976931348623157E308
JavaPathfinder core system v8.0 (rev a9cfdfd20e921dacd2aaa6e92103681eb28cc81d) - (C) 2005-2014 United States Government. All rights reserved.


====================================================== system under test
Main.main()

====================================================== search started: 7/8/25 4:51 AM
$$$$$$$$$$$$$$$$$$$$$$$$$$$$$$$$
Calling Z3str3

Returned solutions: 
(define-fun string0 () String  "")
*************************************
Satisfiable: true
string0 => ""
*************************************

$$$$$$$$$$$$$$$$$$$$$$$$$$$$$$$$
Calling Z3str3

Returned solutions: 
(define-fun string0 () String  "A")
*************************************
Satisfiable: true
string0 => "A"
*************************************

$$$$$$$$$$$$$$$$$$$$$$$$$$$$$$$$
Calling Z3str3

Returned solutions: 
(define-fun string0 () String  "A")
*************************************
Satisfiable: true
string0 => "A"
*************************************

$$$$$$$$$$$$$$$$$$$$$$$$$$$$$$$$
Calling Z3str3

Returned solutions: 
(define-fun string0 () String  "_")
*************************************
Satisfiable: true
string0 => "_"
*************************************

$$$$$$$$$$$$$$$$$$$$$$$$$$$$$$$$
Calling Z3str3

Returned solutions: 
(define-fun string0 () String  "_")
*************************************
Satisfiable: true
string0 => "_"
*************************************

$$$$$$$$$$$$$$$$$$$$$$$$$$$$$$$$
Calling Z3str3

Returned solutions: 
(define-fun string0 () String  "_A")
*************************************
Satisfiable: true
string0 => "_A"
*************************************

$$$$$$$$$$$$$$$$$$$$$$$$$$$$$$$$
Calling Z3str3

Returned solutions: 
(define-fun string0 () String  "_A")
*************************************
Satisfiable: true
string0 => "_A"
*************************************

$$$$$$$$$$$$$$$$$$$$$$$$$$$$$$$$
Calling Z3str3

Returned solutions: 
(define-fun string0 () String  "__")
*************************************
Satisfiable: true
string0 => "__"
*************************************

$$$$$$$$$$$$$$$$$$$$$$$$$$$$$$$$
Calling Z3str3

Returned solutions: 
(define-fun string0 () String  "__")
*************************************
Satisfiable: true
string0 => "__"
*************************************

$$$$$$$$$$$$$$$$$$$$$$$$$$$$$$$$
Calling Z3str3

Returned solutions: 
(define-fun string0 () String  "__A")
*************************************
Satisfiable: true
string0 => "__A"
*************************************

$$$$$$$$$$$$$$$$$$$$$$$$$$$$$$$$
Calling Z3str3

Returned solutions: 
(define-fun string0 () String  "__A")
*************************************
Satisfiable: true
string0 => "__A"
*************************************

$$$$$$$$$$$$$$$$$$$$$$$$$$$$$$$$
Calling Z3str3

Returned solutions: 
(define-fun string0 () String  "___")
*************************************
Satisfiable: true
string0 => "___"
*************************************

$$$$$$$$$$$$$$$$$$$$$$$$$$$$$$$$
Calling Z3str3

Returned solutions: 
(define-fun string0 () String  "___")
*************************************
Satisfiable: true
string0 => "___"
*************************************

$$$$$$$$$$$$$$$$$$$$$$$$$$$$$$$$
Calling Z3str3

Returned solutions: 
(define-fun string0 () String  "___A")
*************************************
Satisfiable: true
string0 => "___A"
*************************************

$$$$$$$$$$$$$$$$$$$$$$$$$$$$$$$$
Calling Z3str3

Returned solutions: 
(define-fun string0 () String  "___A")
*************************************
Satisfiable: true
string0 => "___A"
*************************************

$$$$$$$$$$$$$$$$$$$$$$$$$$$$$$$$
Calling Z3str3

Returned solutions: 
(define-fun string0 () String  "____")
*************************************
Satisfiable: true
string0 => "____"
*************************************

$$$$$$$$$$$$$$$$$$$$$$$$$$$$$$$$
Calling Z3str3

Returned solutions: 
(define-fun string0 () String  "____")
*************************************
Satisfiable: true
string0 => "____"
*************************************

$$$$$$$$$$$$$$$$$$$$$$$$$$$$$$$$
Calling Z3str3

Returned solutions: 
(define-fun string0 () String  "____AB")
*************************************
Satisfiable: true
string0 => "____AB"
*************************************

$$$$$$$$$$$$$$$$$$$$$$$$$$$$$$$$
Calling Z3str3

Returned solutions: 
(define-fun string0 () String  "____A")
*************************************
Satisfiable: true
string0 => "____A"
*************************************

$$$$$$$$$$$$$$$$$$$$$$$$$$$$$$$$
Calling Z3str3

Returned solutions: 
(define-fun string0 () String  "_____")
*************************************
Satisfiable: true
string0 => "_____"
*************************************

$$$$$$$$$$$$$$$$$$$$$$$$$$$$$$$$
Calling Z3str3

Returned solutions: 
(define-fun string0 () String  "_____")
*************************************
Satisfiable: true
string0 => "_____"
*************************************

$$$$$$$$$$$$$$$$$$$$$$$$$$$$$$$$
Calling Z3str3

Returned solutions: 
(define-fun string0 () String  "_____A")
*************************************
Satisfiable: true
string0 => "_____A"
*************************************

$$$$$$$$$$$$$$$$$$$$$$$$$$$$$$$$
Calling Z3str3

Returned solutions: 
(define-fun string0 () String  "_____A")
*************************************
Satisfiable: true
string0 => "_____A"
*************************************

$$$$$$$$$$$$$$$$$$$$$$$$$$$$$$$$
Calling Z3str3

Returned solutions: 
(define-fun string0 () String  "______")
*************************************
Satisfiable: true
string0 => "______"
*************************************

$$$$$$$$$$$$$$$$$$$$$$$$$$$$$$$$
Calling Z3str3

Returned solutions: 
(define-fun string0 () String  "______")
*************************************
Satisfiable: true
string0 => "______"
*************************************

$$$$$$$$$$$$$$$$$$$$$$$$$$$$$$$$
Calling Z3str3

Returned solutions: 
(define-fun string0 () String  "______A")
*************************************
Satisfiable: true
string0 => "______A"
*************************************


====================================================== search constraint
depth limit reached: 13

====================================================== snapshot 
thread java.lang.Thread:{id:0,name:main,status:RUNNING,priority:5,isDaemon:false,lockCount:0,suspendCount:0}
  call stack:
	at securibench.micro.sanitizers.Sanitizers6.clean(Sanitizers6.java:45)
	at securibench.micro.sanitizers.Sanitizers6.doGet(Sanitizers6.java:31)
	at Main.main(Main.java:23)

$$$$$$$$$$$$$$$$$$$$$$$$$$$$$$$$
Calling Z3str3

Returned solutions: 
(define-fun string0 () String  "_____A")
*************************************
Satisfiable: true
string0 => "_____A"
*************************************

$$$$$$$$$$$$$$$$$$$$$$$$$$$$$$$$
Calling Z3str3

Returned solutions: 
(define-fun string0 () String  "_____AB")
*************************************
Satisfiable: true
string0 => "_____AB"
*************************************


====================================================== search constraint
depth limit reached: 13

====================================================== snapshot 
thread java.lang.Thread:{id:0,name:main,status:RUNNING,priority:5,isDaemon:false,lockCount:0,suspendCount:0}
  call stack:
	at securibench.micro.sanitizers.Sanitizers6.clean(Sanitizers6.java:45)
	at securibench.micro.sanitizers.Sanitizers6.doGet(Sanitizers6.java:31)
	at Main.main(Main.java:23)

$$$$$$$$$$$$$$$$$$$$$$$$$$$$$$$$
Calling Z3str3

*************************************
Satisfiable: false
*************************************


====================================================== search constraint
depth limit reached: 13

====================================================== snapshot 
thread java.lang.Thread:{id:0,name:main,status:RUNNING,priority:5,isDaemon:false,lockCount:0,suspendCount:0}
  call stack:
	at mockx.servlet.http.HttpServletResponse.checkNoSymbolic(HttpServletResponse.java:40)
	at mockx.servlet.http.HttpServletResponse.access$000(HttpServletResponse.java:12)
	at mockx.servlet.http.HttpServletResponse$1.println(HttpServletResponse.java:22)
	at securibench.micro.sanitizers.Sanitizers6.doGet(Sanitizers6.java:36)
	at Main.main(Main.java:23)

$$$$$$$$$$$$$$$$$$$$$$$$$$$$$$$$
Calling Z3str3

Returned solutions: 
(define-fun string0 () String  "_____")
*************************************
Satisfiable: true
string0 => "_____"
*************************************


====================================================== search constraint
depth limit reached: 13

====================================================== snapshot 
thread java.lang.Thread:{id:0,name:main,status:RUNNING,priority:5,isDaemon:false,lockCount:0,suspendCount:0}
  call stack:
	at mockx.servlet.http.HttpServletResponse.checkNoSymbolic(HttpServletResponse.java:37)
	at mockx.servlet.http.HttpServletResponse.access$000(HttpServletResponse.java:12)
	at mockx.servlet.http.HttpServletResponse$1.println(HttpServletResponse.java:22)
	at securibench.micro.sanitizers.Sanitizers6.doGet(Sanitizers6.java:36)
	at Main.main(Main.java:23)

$$$$$$$$$$$$$$$$$$$$$$$$$$$$$$$$
Calling Z3str3

Returned solutions: 
(define-fun string0 () String  "____A")
*************************************
Satisfiable: true
string0 => "____A"
*************************************

$$$$$$$$$$$$$$$$$$$$$$$$$$$$$$$$
Calling Z3str3

Returned solutions: 
(define-fun string0 () String  "____AB")
*************************************
Satisfiable: true
string0 => "____AB"
*************************************

$$$$$$$$$$$$$$$$$$$$$$$$$$$$$$$$
Calling Z3str3

Returned solutions: 
(define-fun string0 () String  "____AB")
*************************************
Satisfiable: true
string0 => "____AB"
*************************************

$$$$$$$$$$$$$$$$$$$$$$$$$$$$$$$$
Calling Z3str3

Returned solutions: 
(define-fun string0 () String  "____A_")
*************************************
Satisfiable: true
string0 => "____A_"
*************************************

$$$$$$$$$$$$$$$$$$$$$$$$$$$$$$$$
Calling Z3str3

Returned solutions: 
(define-fun string0 () String  "____A_")
*************************************
Satisfiable: true
string0 => "____A_"
*************************************

$$$$$$$$$$$$$$$$$$$$$$$$$$$$$$$$
Calling Z3str3

Returned solutions: 
(define-fun string0 () String  "____A_B")
*************************************
Satisfiable: true
string0 => "____A_B"
*************************************


====================================================== search constraint
depth limit reached: 13

====================================================== snapshot 
thread java.lang.Thread:{id:0,name:main,status:RUNNING,priority:5,isDaemon:false,lockCount:0,suspendCount:0}
  call stack:
	at securibench.micro.sanitizers.Sanitizers6.clean(Sanitizers6.java:45)
	at securibench.micro.sanitizers.Sanitizers6.doGet(Sanitizers6.java:31)
	at Main.main(Main.java:23)

$$$$$$$$$$$$$$$$$$$$$$$$$$$$$$$$
Calling Z3str3

Returned solutions: 
(define-fun string0 () String  "____AB")
*************************************
Satisfiable: true
string0 => "____AB"
*************************************

$$$$$$$$$$$$$$$$$$$$$$$$$$$$$$$$
Calling Z3str3

Returned solutions: 
(define-fun string0 () String  "____ABC")
*************************************
Satisfiable: true
string0 => "____ABC"
*************************************


====================================================== search constraint
depth limit reached: 13

====================================================== snapshot 
thread java.lang.Thread:{id:0,name:main,status:RUNNING,priority:5,isDaemon:false,lockCount:0,suspendCount:0}
  call stack:
	at securibench.micro.sanitizers.Sanitizers6.clean(Sanitizers6.java:45)
	at securibench.micro.sanitizers.Sanitizers6.doGet(Sanitizers6.java:31)
	at Main.main(Main.java:23)

$$$$$$$$$$$$$$$$$$$$$$$$$$$$$$$$
Calling Z3str3

*************************************
Satisfiable: false
*************************************


====================================================== search constraint
depth limit reached: 13

====================================================== snapshot 
thread java.lang.Thread:{id:0,name:main,status:RUNNING,priority:5,isDaemon:false,lockCount:0,suspendCount:0}
  call stack:
	at mockx.servlet.http.HttpServletResponse.checkNoSymbolic(HttpServletResponse.java:40)
	at mockx.servlet.http.HttpServletResponse.access$000(HttpServletResponse.java:12)
	at mockx.servlet.http.HttpServletResponse$1.println(HttpServletResponse.java:22)
	at securibench.micro.sanitizers.Sanitizers6.doGet(Sanitizers6.java:36)
	at Main.main(Main.java:23)

$$$$$$$$$$$$$$$$$$$$$$$$$$$$$$$$
Calling Z3str3

Returned solutions: 
(define-fun string0 () String  "____A")
*************************************
Satisfiable: true
string0 => "____A"
*************************************


====================================================== search constraint
depth limit reached: 13

====================================================== snapshot 
thread java.lang.Thread:{id:0,name:main,status:RUNNING,priority:5,isDaemon:false,lockCount:0,suspendCount:0}
  call stack:
	at mockx.servlet.http.HttpServletResponse.checkNoSymbolic(HttpServletResponse.java:37)
	at mockx.servlet.http.HttpServletResponse.access$000(HttpServletResponse.java:12)
	at mockx.servlet.http.HttpServletResponse$1.println(HttpServletResponse.java:22)
	at securibench.micro.sanitizers.Sanitizers6.doGet(Sanitizers6.java:36)
	at Main.main(Main.java:23)

$$$$$$$$$$$$$$$$$$$$$$$$$$$$$$$$
Calling Z3str3

*************************************
Satisfiable: false
*************************************

$$$$$$$$$$$$$$$$$$$$$$$$$$$$$$$$
Calling Z3str3

Returned solutions: 
(define-fun string0 () String  "____")
*************************************
Satisfiable: true
string0 => "____"
*************************************

$$$$$$$$$$$$$$$$$$$$$$$$$$$$$$$$
Calling Z3str3

Returned solutions: 
(define-fun string0 () String  "____")
*************************************
Satisfiable: true
string0 => "____"
*************************************

$$$$$$$$$$$$$$$$$$$$$$$$$$$$$$$$
Calling Z3str3

*************************************
Satisfiable: false
*************************************

$$$$$$$$$$$$$$$$$$$$$$$$$$$$$$$$
Calling Z3str3

Returned solutions: 
(define-fun string0 () String  "___A")
*************************************
Satisfiable: true
string0 => "___A"
*************************************

$$$$$$$$$$$$$$$$$$$$$$$$$$$$$$$$
Calling Z3str3

Returned solutions: 
(define-fun string0 () String  "___AB")
*************************************
Satisfiable: true
string0 => "___AB"
*************************************

$$$$$$$$$$$$$$$$$$$$$$$$$$$$$$$$
Calling Z3str3

Returned solutions: 
(define-fun string0 () String  "___AB")
*************************************
Satisfiable: true
string0 => "___AB"
*************************************

$$$$$$$$$$$$$$$$$$$$$$$$$$$$$$$$
Calling Z3str3

Returned solutions: 
(define-fun string0 () String  "___A_")
*************************************
Satisfiable: true
string0 => "___A_"
*************************************

$$$$$$$$$$$$$$$$$$$$$$$$$$$$$$$$
Calling Z3str3

Returned solutions: 
(define-fun string0 () String  "___A_")
*************************************
Satisfiable: true
string0 => "___A_"
*************************************

$$$$$$$$$$$$$$$$$$$$$$$$$$$$$$$$
Calling Z3str3

Returned solutions: 
(define-fun string0 () String  "___A_B")
*************************************
Satisfiable: true
string0 => "___A_B"
*************************************

$$$$$$$$$$$$$$$$$$$$$$$$$$$$$$$$
Calling Z3str3

Returned solutions: 
(define-fun string0 () String  "___A_B")
*************************************
Satisfiable: true
string0 => "___A_B"
*************************************

$$$$$$$$$$$$$$$$$$$$$$$$$$$$$$$$
Calling Z3str3

Returned solutions: 
(define-fun string0 () String  "___A__")
*************************************
Satisfiable: true
string0 => "___A__"
*************************************

$$$$$$$$$$$$$$$$$$$$$$$$$$$$$$$$
Calling Z3str3

Returned solutions: 
(define-fun string0 () String  "___A__")
*************************************
Satisfiable: true
string0 => "___A__"
*************************************

$$$$$$$$$$$$$$$$$$$$$$$$$$$$$$$$
Calling Z3str3

Returned solutions: 
(define-fun string0 () String  "___A__B")
*************************************
Satisfiable: true
string0 => "___A__B"
*************************************


====================================================== search constraint
depth limit reached: 13

====================================================== snapshot 
thread java.lang.Thread:{id:0,name:main,status:RUNNING,priority:5,isDaemon:false,lockCount:0,suspendCount:0}
  call stack:
	at securibench.micro.sanitizers.Sanitizers6.clean(Sanitizers6.java:45)
	at securibench.micro.sanitizers.Sanitizers6.doGet(Sanitizers6.java:31)
	at Main.main(Main.java:23)

$$$$$$$$$$$$$$$$$$$$$$$$$$$$$$$$
Calling Z3str3

Returned solutions: 
(define-fun string0 () String  "___A_B")
*************************************
Satisfiable: true
string0 => "___A_B"
*************************************

$$$$$$$$$$$$$$$$$$$$$$$$$$$$$$$$
Calling Z3str3

Returned solutions: 
(define-fun string0 () String  "___A_BC")
*************************************
Satisfiable: true
string0 => "___A_BC"
*************************************


====================================================== search constraint
depth limit reached: 13

====================================================== snapshot 
thread java.lang.Thread:{id:0,name:main,status:RUNNING,priority:5,isDaemon:false,lockCount:0,suspendCount:0}
  call stack:
	at securibench.micro.sanitizers.Sanitizers6.clean(Sanitizers6.java:45)
	at securibench.micro.sanitizers.Sanitizers6.doGet(Sanitizers6.java:31)
	at Main.main(Main.java:23)

$$$$$$$$$$$$$$$$$$$$$$$$$$$$$$$$
Calling Z3str3

*************************************
Satisfiable: false
*************************************


====================================================== search constraint
depth limit reached: 13

====================================================== snapshot 
thread java.lang.Thread:{id:0,name:main,status:RUNNING,priority:5,isDaemon:false,lockCount:0,suspendCount:0}
  call stack:
	at mockx.servlet.http.HttpServletResponse.checkNoSymbolic(HttpServletResponse.java:40)
	at mockx.servlet.http.HttpServletResponse.access$000(HttpServletResponse.java:12)
	at mockx.servlet.http.HttpServletResponse$1.println(HttpServletResponse.java:22)
	at securibench.micro.sanitizers.Sanitizers6.doGet(Sanitizers6.java:36)
	at Main.main(Main.java:23)

$$$$$$$$$$$$$$$$$$$$$$$$$$$$$$$$
Calling Z3str3

Returned solutions: 
(define-fun string0 () String  "___A_")
*************************************
Satisfiable: true
string0 => "___A_"
*************************************


====================================================== search constraint
depth limit reached: 13

====================================================== snapshot 
thread java.lang.Thread:{id:0,name:main,status:RUNNING,priority:5,isDaemon:false,lockCount:0,suspendCount:0}
  call stack:
	at mockx.servlet.http.HttpServletResponse.checkNoSymbolic(HttpServletResponse.java:37)
	at mockx.servlet.http.HttpServletResponse.access$000(HttpServletResponse.java:12)
	at mockx.servlet.http.HttpServletResponse$1.println(HttpServletResponse.java:22)
	at securibench.micro.sanitizers.Sanitizers6.doGet(Sanitizers6.java:36)
	at Main.main(Main.java:23)

$$$$$$$$$$$$$$$$$$$$$$$$$$$$$$$$
Calling Z3str3

Returned solutions: 
(define-fun string0 () String  "___AB")
*************************************
Satisfiable: true
string0 => "___AB"
*************************************

$$$$$$$$$$$$$$$$$$$$$$$$$$$$$$$$
Calling Z3str3

Returned solutions: 
(define-fun string0 () String  "___ABC")
*************************************
Satisfiable: true
string0 => "___ABC"
*************************************

$$$$$$$$$$$$$$$$$$$$$$$$$$$$$$$$
Calling Z3str3

Returned solutions: 
(define-fun string0 () String  "___ABC")
*************************************
Satisfiable: true
string0 => "___ABC"
*************************************

$$$$$$$$$$$$$$$$$$$$$$$$$$$$$$$$
Calling Z3str3

Returned solutions: 
(define-fun string0 () String  "___AB_")
*************************************
Satisfiable: true
string0 => "___AB_"
*************************************

$$$$$$$$$$$$$$$$$$$$$$$$$$$$$$$$
Calling Z3str3

Returned solutions: 
(define-fun string0 () String  "___AB_")
*************************************
Satisfiable: true
string0 => "___AB_"
*************************************

$$$$$$$$$$$$$$$$$$$$$$$$$$$$$$$$
Calling Z3str3

Returned solutions: 
(define-fun string0 () String  "___AB_C")
*************************************
Satisfiable: true
string0 => "___AB_C"
*************************************


====================================================== search constraint
depth limit reached: 13

====================================================== snapshot 
thread java.lang.Thread:{id:0,name:main,status:RUNNING,priority:5,isDaemon:false,lockCount:0,suspendCount:0}
  call stack:
	at securibench.micro.sanitizers.Sanitizers6.clean(Sanitizers6.java:45)
	at securibench.micro.sanitizers.Sanitizers6.doGet(Sanitizers6.java:31)
	at Main.main(Main.java:23)

$$$$$$$$$$$$$$$$$$$$$$$$$$$$$$$$
Calling Z3str3

Returned solutions: 
(define-fun string0 () String  "___ABC")
*************************************
Satisfiable: true
string0 => "___ABC"
*************************************

$$$$$$$$$$$$$$$$$$$$$$$$$$$$$$$$
Calling Z3str3

Returned solutions: 
(define-fun string0 () String  "___ABCD")
*************************************
Satisfiable: true
string0 => "___ABCD"
*************************************


====================================================== search constraint
depth limit reached: 13

====================================================== snapshot 
thread java.lang.Thread:{id:0,name:main,status:RUNNING,priority:5,isDaemon:false,lockCount:0,suspendCount:0}
  call stack:
	at securibench.micro.sanitizers.Sanitizers6.clean(Sanitizers6.java:45)
	at securibench.micro.sanitizers.Sanitizers6.doGet(Sanitizers6.java:31)
	at Main.main(Main.java:23)

$$$$$$$$$$$$$$$$$$$$$$$$$$$$$$$$
Calling Z3str3

*************************************
Satisfiable: false
*************************************


====================================================== search constraint
depth limit reached: 13

====================================================== snapshot 
thread java.lang.Thread:{id:0,name:main,status:RUNNING,priority:5,isDaemon:false,lockCount:0,suspendCount:0}
  call stack:
	at mockx.servlet.http.HttpServletResponse.checkNoSymbolic(HttpServletResponse.java:40)
	at mockx.servlet.http.HttpServletResponse.access$000(HttpServletResponse.java:12)
	at mockx.servlet.http.HttpServletResponse$1.println(HttpServletResponse.java:22)
	at securibench.micro.sanitizers.Sanitizers6.doGet(Sanitizers6.java:36)
	at Main.main(Main.java:23)

$$$$$$$$$$$$$$$$$$$$$$$$$$$$$$$$
Calling Z3str3

Returned solutions: 
(define-fun string0 () String  "___AB")
*************************************
Satisfiable: true
string0 => "___AB"
*************************************


====================================================== search constraint
depth limit reached: 13

====================================================== snapshot 
thread java.lang.Thread:{id:0,name:main,status:RUNNING,priority:5,isDaemon:false,lockCount:0,suspendCount:0}
  call stack:
	at mockx.servlet.http.HttpServletResponse.checkNoSymbolic(HttpServletResponse.java:37)
	at mockx.servlet.http.HttpServletResponse.access$000(HttpServletResponse.java:12)
	at mockx.servlet.http.HttpServletResponse$1.println(HttpServletResponse.java:22)
	at securibench.micro.sanitizers.Sanitizers6.doGet(Sanitizers6.java:36)
	at Main.main(Main.java:23)

$$$$$$$$$$$$$$$$$$$$$$$$$$$$$$$$
Calling Z3str3

*************************************
Satisfiable: false
*************************************

$$$$$$$$$$$$$$$$$$$$$$$$$$$$$$$$
Calling Z3str3

Returned solutions: 
(define-fun string0 () String  "___A")
*************************************
Satisfiable: true
string0 => "___A"
*************************************

$$$$$$$$$$$$$$$$$$$$$$$$$$$$$$$$
Calling Z3str3

Returned solutions: 
(define-fun string0 () String  "___A")
*************************************
Satisfiable: true
string0 => "___A"
*************************************

$$$$$$$$$$$$$$$$$$$$$$$$$$$$$$$$
Calling Z3str3

*************************************
Satisfiable: false
*************************************

$$$$$$$$$$$$$$$$$$$$$$$$$$$$$$$$
Calling Z3str3

*************************************
Satisfiable: false
*************************************

$$$$$$$$$$$$$$$$$$$$$$$$$$$$$$$$
Calling Z3str3

Returned solutions: 
(define-fun string0 () String  "___")
*************************************
Satisfiable: true
string0 => "___"
*************************************

$$$$$$$$$$$$$$$$$$$$$$$$$$$$$$$$
Calling Z3str3

Returned solutions: 
(define-fun string0 () String  "___")
*************************************
Satisfiable: true
string0 => "___"
*************************************

$$$$$$$$$$$$$$$$$$$$$$$$$$$$$$$$
Calling Z3str3

*************************************
Satisfiable: false
*************************************

$$$$$$$$$$$$$$$$$$$$$$$$$$$$$$$$
Calling Z3str3

Returned solutions: 
(define-fun string0 () String  "__A")
*************************************
Satisfiable: true
string0 => "__A"
*************************************

$$$$$$$$$$$$$$$$$$$$$$$$$$$$$$$$
Calling Z3str3

Returned solutions: 
(define-fun string0 () String  "__AB")
*************************************
Satisfiable: true
string0 => "__AB"
*************************************

$$$$$$$$$$$$$$$$$$$$$$$$$$$$$$$$
Calling Z3str3

Returned solutions: 
(define-fun string0 () String  "__AB")
*************************************
Satisfiable: true
string0 => "__AB"
*************************************

$$$$$$$$$$$$$$$$$$$$$$$$$$$$$$$$
Calling Z3str3

Returned solutions: 
(define-fun string0 () String  "__A_")
*************************************
Satisfiable: true
string0 => "__A_"
*************************************

$$$$$$$$$$$$$$$$$$$$$$$$$$$$$$$$
Calling Z3str3

Returned solutions: 
(define-fun string0 () String  "__A_")
*************************************
Satisfiable: true
string0 => "__A_"
*************************************

$$$$$$$$$$$$$$$$$$$$$$$$$$$$$$$$
Calling Z3str3

Returned solutions: 
(define-fun string0 () String  "__A_B")
*************************************
Satisfiable: true
string0 => "__A_B"
*************************************

$$$$$$$$$$$$$$$$$$$$$$$$$$$$$$$$
Calling Z3str3

Returned solutions: 
(define-fun string0 () String  "__A_B")
*************************************
Satisfiable: true
string0 => "__A_B"
*************************************

$$$$$$$$$$$$$$$$$$$$$$$$$$$$$$$$
Calling Z3str3

Returned solutions: 
(define-fun string0 () String  "__A__")
*************************************
Satisfiable: true
string0 => "__A__"
*************************************

$$$$$$$$$$$$$$$$$$$$$$$$$$$$$$$$
Calling Z3str3

Returned solutions: 
(define-fun string0 () String  "__A__")
*************************************
Satisfiable: true
string0 => "__A__"
*************************************

$$$$$$$$$$$$$$$$$$$$$$$$$$$$$$$$
Calling Z3str3

Returned solutions: 
(define-fun string0 () String  "__A__B")
*************************************
Satisfiable: true
string0 => "__A__B"
*************************************

$$$$$$$$$$$$$$$$$$$$$$$$$$$$$$$$
Calling Z3str3

Returned solutions: 
(define-fun string0 () String  "__A__B")
*************************************
Satisfiable: true
string0 => "__A__B"
*************************************

$$$$$$$$$$$$$$$$$$$$$$$$$$$$$$$$
Calling Z3str3

Returned solutions: 
(define-fun string0 () String  "__A___")
*************************************
Satisfiable: true
string0 => "__A___"
*************************************

$$$$$$$$$$$$$$$$$$$$$$$$$$$$$$$$
Calling Z3str3

Returned solutions: 
(define-fun string0 () String  "__A___")
*************************************
Satisfiable: true
string0 => "__A___"
*************************************

$$$$$$$$$$$$$$$$$$$$$$$$$$$$$$$$
Calling Z3str3

Returned solutions: 
(define-fun string0 () String  "__A___B")
*************************************
Satisfiable: true
string0 => "__A___B"
*************************************


====================================================== search constraint
depth limit reached: 13

====================================================== snapshot 
thread java.lang.Thread:{id:0,name:main,status:RUNNING,priority:5,isDaemon:false,lockCount:0,suspendCount:0}
  call stack:
	at securibench.micro.sanitizers.Sanitizers6.clean(Sanitizers6.java:45)
	at securibench.micro.sanitizers.Sanitizers6.doGet(Sanitizers6.java:31)
	at Main.main(Main.java:23)

$$$$$$$$$$$$$$$$$$$$$$$$$$$$$$$$
Calling Z3str3

Returned solutions: 
(define-fun string0 () String  "__A__B")
*************************************
Satisfiable: true
string0 => "__A__B"
*************************************

$$$$$$$$$$$$$$$$$$$$$$$$$$$$$$$$
Calling Z3str3

Returned solutions: 
(define-fun string0 () String  "__A__BC")
*************************************
Satisfiable: true
string0 => "__A__BC"
*************************************


====================================================== search constraint
depth limit reached: 13

====================================================== snapshot 
thread java.lang.Thread:{id:0,name:main,status:RUNNING,priority:5,isDaemon:false,lockCount:0,suspendCount:0}
  call stack:
	at securibench.micro.sanitizers.Sanitizers6.clean(Sanitizers6.java:45)
	at securibench.micro.sanitizers.Sanitizers6.doGet(Sanitizers6.java:31)
	at Main.main(Main.java:23)

$$$$$$$$$$$$$$$$$$$$$$$$$$$$$$$$
Calling Z3str3

*************************************
Satisfiable: false
*************************************


====================================================== search constraint
depth limit reached: 13

====================================================== snapshot 
thread java.lang.Thread:{id:0,name:main,status:RUNNING,priority:5,isDaemon:false,lockCount:0,suspendCount:0}
  call stack:
	at mockx.servlet.http.HttpServletResponse.checkNoSymbolic(HttpServletResponse.java:40)
	at mockx.servlet.http.HttpServletResponse.access$000(HttpServletResponse.java:12)
	at mockx.servlet.http.HttpServletResponse$1.println(HttpServletResponse.java:22)
	at securibench.micro.sanitizers.Sanitizers6.doGet(Sanitizers6.java:36)
	at Main.main(Main.java:23)

$$$$$$$$$$$$$$$$$$$$$$$$$$$$$$$$
Calling Z3str3

Returned solutions: 
(define-fun string0 () String  "__A__")
*************************************
Satisfiable: true
string0 => "__A__"
*************************************


====================================================== search constraint
depth limit reached: 13

====================================================== snapshot 
thread java.lang.Thread:{id:0,name:main,status:RUNNING,priority:5,isDaemon:false,lockCount:0,suspendCount:0}
  call stack:
	at mockx.servlet.http.HttpServletResponse.checkNoSymbolic(HttpServletResponse.java:37)
	at mockx.servlet.http.HttpServletResponse.access$000(HttpServletResponse.java:12)
	at mockx.servlet.http.HttpServletResponse$1.println(HttpServletResponse.java:22)
	at securibench.micro.sanitizers.Sanitizers6.doGet(Sanitizers6.java:36)
	at Main.main(Main.java:23)

$$$$$$$$$$$$$$$$$$$$$$$$$$$$$$$$
Calling Z3str3

Returned solutions: 
(define-fun string0 () String  "__A_B")
*************************************
Satisfiable: true
string0 => "__A_B"
*************************************

$$$$$$$$$$$$$$$$$$$$$$$$$$$$$$$$
Calling Z3str3

Returned solutions: 
(define-fun string0 () String  "__A_BC")
*************************************
Satisfiable: true
string0 => "__A_BC"
*************************************

$$$$$$$$$$$$$$$$$$$$$$$$$$$$$$$$
Calling Z3str3

Returned solutions: 
(define-fun string0 () String  "__A_BC")
*************************************
Satisfiable: true
string0 => "__A_BC"
*************************************

$$$$$$$$$$$$$$$$$$$$$$$$$$$$$$$$
Calling Z3str3

Returned solutions: 
(define-fun string0 () String  "__A_B_")
*************************************
Satisfiable: true
string0 => "__A_B_"
*************************************

$$$$$$$$$$$$$$$$$$$$$$$$$$$$$$$$
Calling Z3str3

Returned solutions: 
(define-fun string0 () String  "__A_B_")
*************************************
Satisfiable: true
string0 => "__A_B_"
*************************************

$$$$$$$$$$$$$$$$$$$$$$$$$$$$$$$$
Calling Z3str3

Returned solutions: 
(define-fun string0 () String  "__A_B_C")
*************************************
Satisfiable: true
string0 => "__A_B_C"
*************************************


====================================================== search constraint
depth limit reached: 13

====================================================== snapshot 
thread java.lang.Thread:{id:0,name:main,status:RUNNING,priority:5,isDaemon:false,lockCount:0,suspendCount:0}
  call stack:
	at securibench.micro.sanitizers.Sanitizers6.clean(Sanitizers6.java:45)
	at securibench.micro.sanitizers.Sanitizers6.doGet(Sanitizers6.java:31)
	at Main.main(Main.java:23)

$$$$$$$$$$$$$$$$$$$$$$$$$$$$$$$$
Calling Z3str3

Returned solutions: 
(define-fun string0 () String  "__A_BC")
*************************************
Satisfiable: true
string0 => "__A_BC"
*************************************

$$$$$$$$$$$$$$$$$$$$$$$$$$$$$$$$
Calling Z3str3

Returned solutions: 
(define-fun string0 () String  "__A_BCD")
*************************************
Satisfiable: true
string0 => "__A_BCD"
*************************************


====================================================== search constraint
depth limit reached: 13

====================================================== snapshot 
thread java.lang.Thread:{id:0,name:main,status:RUNNING,priority:5,isDaemon:false,lockCount:0,suspendCount:0}
  call stack:
	at securibench.micro.sanitizers.Sanitizers6.clean(Sanitizers6.java:45)
	at securibench.micro.sanitizers.Sanitizers6.doGet(Sanitizers6.java:31)
	at Main.main(Main.java:23)

$$$$$$$$$$$$$$$$$$$$$$$$$$$$$$$$
Calling Z3str3

*************************************
Satisfiable: false
*************************************


====================================================== search constraint
depth limit reached: 13

====================================================== snapshot 
thread java.lang.Thread:{id:0,name:main,status:RUNNING,priority:5,isDaemon:false,lockCount:0,suspendCount:0}
  call stack:
	at mockx.servlet.http.HttpServletResponse.checkNoSymbolic(HttpServletResponse.java:40)
	at mockx.servlet.http.HttpServletResponse.access$000(HttpServletResponse.java:12)
	at mockx.servlet.http.HttpServletResponse$1.println(HttpServletResponse.java:22)
	at securibench.micro.sanitizers.Sanitizers6.doGet(Sanitizers6.java:36)
	at Main.main(Main.java:23)

$$$$$$$$$$$$$$$$$$$$$$$$$$$$$$$$
Calling Z3str3

Returned solutions: 
(define-fun string0 () String  "__A_B")
*************************************
Satisfiable: true
string0 => "__A_B"
*************************************


====================================================== search constraint
depth limit reached: 13

====================================================== snapshot 
thread java.lang.Thread:{id:0,name:main,status:RUNNING,priority:5,isDaemon:false,lockCount:0,suspendCount:0}
  call stack:
	at mockx.servlet.http.HttpServletResponse.checkNoSymbolic(HttpServletResponse.java:37)
	at mockx.servlet.http.HttpServletResponse.access$000(HttpServletResponse.java:12)
	at mockx.servlet.http.HttpServletResponse$1.println(HttpServletResponse.java:22)
	at securibench.micro.sanitizers.Sanitizers6.doGet(Sanitizers6.java:36)
	at Main.main(Main.java:23)

$$$$$$$$$$$$$$$$$$$$$$$$$$$$$$$$
Calling Z3str3

*************************************
Satisfiable: false
*************************************

$$$$$$$$$$$$$$$$$$$$$$$$$$$$$$$$
Calling Z3str3

Returned solutions: 
(define-fun string0 () String  "__A_")
*************************************
Satisfiable: true
string0 => "__A_"
*************************************

$$$$$$$$$$$$$$$$$$$$$$$$$$$$$$$$
Calling Z3str3

Returned solutions: 
(define-fun string0 () String  "__A_")
*************************************
Satisfiable: true
string0 => "__A_"
*************************************

$$$$$$$$$$$$$$$$$$$$$$$$$$$$$$$$
Calling Z3str3

*************************************
Satisfiable: false
*************************************

$$$$$$$$$$$$$$$$$$$$$$$$$$$$$$$$
Calling Z3str3

Returned solutions: 
(define-fun string0 () String  "__AB")
*************************************
Satisfiable: true
string0 => "__AB"
*************************************

$$$$$$$$$$$$$$$$$$$$$$$$$$$$$$$$
Calling Z3str3

Returned solutions: 
(define-fun string0 () String  "__ABCD")
*************************************
Satisfiable: true
string0 => "__ABCD"
*************************************

$$$$$$$$$$$$$$$$$$$$$$$$$$$$$$$$
Calling Z3str3

Returned solutions: 
(define-fun string0 () String  "__ABC")
*************************************
Satisfiable: true
string0 => "__ABC"
*************************************

$$$$$$$$$$$$$$$$$$$$$$$$$$$$$$$$
Calling Z3str3

Returned solutions: 
(define-fun string0 () String  "__AB_")
*************************************
Satisfiable: true
string0 => "__AB_"
*************************************

$$$$$$$$$$$$$$$$$$$$$$$$$$$$$$$$
Calling Z3str3

Returned solutions: 
(define-fun string0 () String  "__AB_")
*************************************
Satisfiable: true
string0 => "__AB_"
*************************************

$$$$$$$$$$$$$$$$$$$$$$$$$$$$$$$$
Calling Z3str3

Returned solutions: 
(define-fun string0 () String  "__AB_C")
*************************************
Satisfiable: true
string0 => "__AB_C"
*************************************

$$$$$$$$$$$$$$$$$$$$$$$$$$$$$$$$
Calling Z3str3

Returned solutions: 
(define-fun string0 () String  "__AB_C")
*************************************
Satisfiable: true
string0 => "__AB_C"
*************************************

$$$$$$$$$$$$$$$$$$$$$$$$$$$$$$$$
Calling Z3str3

Returned solutions: 
(define-fun string0 () String  "__AB__")
*************************************
Satisfiable: true
string0 => "__AB__"
*************************************

$$$$$$$$$$$$$$$$$$$$$$$$$$$$$$$$
Calling Z3str3

Returned solutions: 
(define-fun string0 () String  "__AB__")
*************************************
Satisfiable: true
string0 => "__AB__"
*************************************

$$$$$$$$$$$$$$$$$$$$$$$$$$$$$$$$
Calling Z3str3

Returned solutions: 
(define-fun string0 () String  "__AB__C")
*************************************
Satisfiable: true
string0 => "__AB__C"
*************************************


====================================================== search constraint
depth limit reached: 13

====================================================== snapshot 
thread java.lang.Thread:{id:0,name:main,status:RUNNING,priority:5,isDaemon:false,lockCount:0,suspendCount:0}
  call stack:
	at securibench.micro.sanitizers.Sanitizers6.clean(Sanitizers6.java:45)
	at securibench.micro.sanitizers.Sanitizers6.doGet(Sanitizers6.java:31)
	at Main.main(Main.java:23)

$$$$$$$$$$$$$$$$$$$$$$$$$$$$$$$$
Calling Z3str3

Returned solutions: 
(define-fun string0 () String  "__AB_C")
*************************************
Satisfiable: true
string0 => "__AB_C"
*************************************

$$$$$$$$$$$$$$$$$$$$$$$$$$$$$$$$
Calling Z3str3

Returned solutions: 
(define-fun string0 () String  "__AB_CD")
*************************************
Satisfiable: true
string0 => "__AB_CD"
*************************************


====================================================== search constraint
depth limit reached: 13

====================================================== snapshot 
thread java.lang.Thread:{id:0,name:main,status:RUNNING,priority:5,isDaemon:false,lockCount:0,suspendCount:0}
  call stack:
	at securibench.micro.sanitizers.Sanitizers6.clean(Sanitizers6.java:45)
	at securibench.micro.sanitizers.Sanitizers6.doGet(Sanitizers6.java:31)
	at Main.main(Main.java:23)

$$$$$$$$$$$$$$$$$$$$$$$$$$$$$$$$
Calling Z3str3

*************************************
Satisfiable: false
*************************************


====================================================== search constraint
depth limit reached: 13

====================================================== snapshot 
thread java.lang.Thread:{id:0,name:main,status:RUNNING,priority:5,isDaemon:false,lockCount:0,suspendCount:0}
  call stack:
	at mockx.servlet.http.HttpServletResponse.checkNoSymbolic(HttpServletResponse.java:40)
	at mockx.servlet.http.HttpServletResponse.access$000(HttpServletResponse.java:12)
	at mockx.servlet.http.HttpServletResponse$1.println(HttpServletResponse.java:22)
	at securibench.micro.sanitizers.Sanitizers6.doGet(Sanitizers6.java:36)
	at Main.main(Main.java:23)

$$$$$$$$$$$$$$$$$$$$$$$$$$$$$$$$
Calling Z3str3

Returned solutions: 
(define-fun string0 () String  "__AB_")
*************************************
Satisfiable: true
string0 => "__AB_"
*************************************


====================================================== search constraint
depth limit reached: 13

====================================================== snapshot 
thread java.lang.Thread:{id:0,name:main,status:RUNNING,priority:5,isDaemon:false,lockCount:0,suspendCount:0}
  call stack:
	at mockx.servlet.http.HttpServletResponse.checkNoSymbolic(HttpServletResponse.java:37)
	at mockx.servlet.http.HttpServletResponse.access$000(HttpServletResponse.java:12)
	at mockx.servlet.http.HttpServletResponse$1.println(HttpServletResponse.java:22)
	at securibench.micro.sanitizers.Sanitizers6.doGet(Sanitizers6.java:36)
	at Main.main(Main.java:23)

$$$$$$$$$$$$$$$$$$$$$$$$$$$$$$$$
Calling Z3str3

Returned solutions: 
(define-fun string0 () String  "__ABC")
*************************************
Satisfiable: true
string0 => "__ABC"
*************************************

$$$$$$$$$$$$$$$$$$$$$$$$$$$$$$$$
Calling Z3str3

Returned solutions: 
(define-fun string0 () String  "__ABCD")
*************************************
Satisfiable: true
string0 => "__ABCD"
*************************************

$$$$$$$$$$$$$$$$$$$$$$$$$$$$$$$$
Calling Z3str3

Returned solutions: 
(define-fun string0 () String  "__ABCD")
*************************************
Satisfiable: true
string0 => "__ABCD"
*************************************

$$$$$$$$$$$$$$$$$$$$$$$$$$$$$$$$
Calling Z3str3

Returned solutions: 
(define-fun string0 () String  "__ABC_")
*************************************
Satisfiable: true
string0 => "__ABC_"
*************************************

$$$$$$$$$$$$$$$$$$$$$$$$$$$$$$$$
Calling Z3str3

Returned solutions: 
(define-fun string0 () String  "__ABC_")
*************************************
Satisfiable: true
string0 => "__ABC_"
*************************************

$$$$$$$$$$$$$$$$$$$$$$$$$$$$$$$$
Calling Z3str3

Returned solutions: 
(define-fun string0 () String  "__ABC_D")
*************************************
Satisfiable: true
string0 => "__ABC_D"
*************************************


====================================================== search constraint
depth limit reached: 13

====================================================== snapshot 
thread java.lang.Thread:{id:0,name:main,status:RUNNING,priority:5,isDaemon:false,lockCount:0,suspendCount:0}
  call stack:
	at securibench.micro.sanitizers.Sanitizers6.clean(Sanitizers6.java:45)
	at securibench.micro.sanitizers.Sanitizers6.doGet(Sanitizers6.java:31)
	at Main.main(Main.java:23)

$$$$$$$$$$$$$$$$$$$$$$$$$$$$$$$$
Calling Z3str3

Returned solutions: 
(define-fun string0 () String  "__ABCD")
*************************************
Satisfiable: true
string0 => "__ABCD"
*************************************

$$$$$$$$$$$$$$$$$$$$$$$$$$$$$$$$
Calling Z3str3

Returned solutions: 
(define-fun string0 () String  "__ABCDE")
*************************************
Satisfiable: true
string0 => "__ABCDE"
*************************************


====================================================== search constraint
depth limit reached: 13

====================================================== snapshot 
thread java.lang.Thread:{id:0,name:main,status:RUNNING,priority:5,isDaemon:false,lockCount:0,suspendCount:0}
  call stack:
	at securibench.micro.sanitizers.Sanitizers6.clean(Sanitizers6.java:45)
	at securibench.micro.sanitizers.Sanitizers6.doGet(Sanitizers6.java:31)
	at Main.main(Main.java:23)

$$$$$$$$$$$$$$$$$$$$$$$$$$$$$$$$
Calling Z3str3

*************************************
Satisfiable: false
*************************************


====================================================== search constraint
depth limit reached: 13

====================================================== snapshot 
thread java.lang.Thread:{id:0,name:main,status:RUNNING,priority:5,isDaemon:false,lockCount:0,suspendCount:0}
  call stack:
	at mockx.servlet.http.HttpServletResponse.checkNoSymbolic(HttpServletResponse.java:40)
	at mockx.servlet.http.HttpServletResponse.access$000(HttpServletResponse.java:12)
	at mockx.servlet.http.HttpServletResponse$1.println(HttpServletResponse.java:22)
	at securibench.micro.sanitizers.Sanitizers6.doGet(Sanitizers6.java:36)
	at Main.main(Main.java:23)

$$$$$$$$$$$$$$$$$$$$$$$$$$$$$$$$
Calling Z3str3

Returned solutions: 
(define-fun string0 () String  "__ABC")
*************************************
Satisfiable: true
string0 => "__ABC"
*************************************


====================================================== search constraint
depth limit reached: 13

====================================================== snapshot 
thread java.lang.Thread:{id:0,name:main,status:RUNNING,priority:5,isDaemon:false,lockCount:0,suspendCount:0}
  call stack:
	at mockx.servlet.http.HttpServletResponse.checkNoSymbolic(HttpServletResponse.java:37)
	at mockx.servlet.http.HttpServletResponse.access$000(HttpServletResponse.java:12)
	at mockx.servlet.http.HttpServletResponse$1.println(HttpServletResponse.java:22)
	at securibench.micro.sanitizers.Sanitizers6.doGet(Sanitizers6.java:36)
	at Main.main(Main.java:23)

$$$$$$$$$$$$$$$$$$$$$$$$$$$$$$$$
Calling Z3str3

*************************************
Satisfiable: false
*************************************

$$$$$$$$$$$$$$$$$$$$$$$$$$$$$$$$
Calling Z3str3

Returned solutions: 
(define-fun string0 () String  "__AB")
*************************************
Satisfiable: true
string0 => "__AB"
*************************************

$$$$$$$$$$$$$$$$$$$$$$$$$$$$$$$$
Calling Z3str3

Returned solutions: 
(define-fun string0 () String  "__AB")
*************************************
Satisfiable: true
string0 => "__AB"
*************************************

$$$$$$$$$$$$$$$$$$$$$$$$$$$$$$$$
Calling Z3str3

*************************************
Satisfiable: false
*************************************

$$$$$$$$$$$$$$$$$$$$$$$$$$$$$$$$
Calling Z3str3

*************************************
Satisfiable: false
*************************************

$$$$$$$$$$$$$$$$$$$$$$$$$$$$$$$$
Calling Z3str3

Returned solutions: 
(define-fun string0 () String  "__A")
*************************************
Satisfiable: true
string0 => "__A"
*************************************

$$$$$$$$$$$$$$$$$$$$$$$$$$$$$$$$
Calling Z3str3

Returned solutions: 
(define-fun string0 () String  "__A")
*************************************
Satisfiable: true
string0 => "__A"
*************************************

$$$$$$$$$$$$$$$$$$$$$$$$$$$$$$$$
Calling Z3str3

*************************************
Satisfiable: false
*************************************

$$$$$$$$$$$$$$$$$$$$$$$$$$$$$$$$
Calling Z3str3

*************************************
Satisfiable: false
*************************************

$$$$$$$$$$$$$$$$$$$$$$$$$$$$$$$$
Calling Z3str3

Returned solutions: 
(define-fun string0 () String  "__")
*************************************
Satisfiable: true
string0 => "__"
*************************************

$$$$$$$$$$$$$$$$$$$$$$$$$$$$$$$$
Calling Z3str3

Returned solutions: 
(define-fun string0 () String  "__")
*************************************
Satisfiable: true
string0 => "__"
*************************************

$$$$$$$$$$$$$$$$$$$$$$$$$$$$$$$$
Calling Z3str3

*************************************
Satisfiable: false
*************************************

$$$$$$$$$$$$$$$$$$$$$$$$$$$$$$$$
Calling Z3str3

Returned solutions: 
(define-fun string0 () String  "_A")
*************************************
Satisfiable: true
string0 => "_A"
*************************************

$$$$$$$$$$$$$$$$$$$$$$$$$$$$$$$$
Calling Z3str3

Returned solutions: 
(define-fun string0 () String  "_AB")
*************************************
Satisfiable: true
string0 => "_AB"
*************************************

$$$$$$$$$$$$$$$$$$$$$$$$$$$$$$$$
Calling Z3str3

Returned solutions: 
(define-fun string0 () String  "_AB")
*************************************
Satisfiable: true
string0 => "_AB"
*************************************

$$$$$$$$$$$$$$$$$$$$$$$$$$$$$$$$
Calling Z3str3

Returned solutions: 
(define-fun string0 () String  "_A_")
*************************************
Satisfiable: true
string0 => "_A_"
*************************************

$$$$$$$$$$$$$$$$$$$$$$$$$$$$$$$$
Calling Z3str3

Returned solutions: 
(define-fun string0 () String  "_A_")
*************************************
Satisfiable: true
string0 => "_A_"
*************************************

$$$$$$$$$$$$$$$$$$$$$$$$$$$$$$$$
Calling Z3str3

Returned solutions: 
(define-fun string0 () String  "_A_B")
*************************************
Satisfiable: true
string0 => "_A_B"
*************************************

$$$$$$$$$$$$$$$$$$$$$$$$$$$$$$$$
Calling Z3str3

Returned solutions: 
(define-fun string0 () String  "_A_B")
*************************************
Satisfiable: true
string0 => "_A_B"
*************************************

$$$$$$$$$$$$$$$$$$$$$$$$$$$$$$$$
Calling Z3str3

Returned solutions: 
(define-fun string0 () String  "_A__")
*************************************
Satisfiable: true
string0 => "_A__"
*************************************

$$$$$$$$$$$$$$$$$$$$$$$$$$$$$$$$
Calling Z3str3

Returned solutions: 
(define-fun string0 () String  "_A__")
*************************************
Satisfiable: true
string0 => "_A__"
*************************************

$$$$$$$$$$$$$$$$$$$$$$$$$$$$$$$$
Calling Z3str3

Returned solutions: 
(define-fun string0 () String  "_A__B")
*************************************
Satisfiable: true
string0 => "_A__B"
*************************************

$$$$$$$$$$$$$$$$$$$$$$$$$$$$$$$$
Calling Z3str3

Returned solutions: 
(define-fun string0 () String  "_A__B")
*************************************
Satisfiable: true
string0 => "_A__B"
*************************************

$$$$$$$$$$$$$$$$$$$$$$$$$$$$$$$$
Calling Z3str3

Returned solutions: 
(define-fun string0 () String  "_A___")
*************************************
Satisfiable: true
string0 => "_A___"
*************************************

$$$$$$$$$$$$$$$$$$$$$$$$$$$$$$$$
Calling Z3str3

Returned solutions: 
(define-fun string0 () String  "_A___")
*************************************
Satisfiable: true
string0 => "_A___"
*************************************

$$$$$$$$$$$$$$$$$$$$$$$$$$$$$$$$
Calling Z3str3

Returned solutions: 
(define-fun string0 () String  "_A___B")
*************************************
Satisfiable: true
string0 => "_A___B"
*************************************

$$$$$$$$$$$$$$$$$$$$$$$$$$$$$$$$
Calling Z3str3

Returned solutions: 
(define-fun string0 () String  "_A___B")
*************************************
Satisfiable: true
string0 => "_A___B"
*************************************

$$$$$$$$$$$$$$$$$$$$$$$$$$$$$$$$
Calling Z3str3

Returned solutions: 
(define-fun string0 () String  "_A____")
*************************************
Satisfiable: true
string0 => "_A____"
*************************************

$$$$$$$$$$$$$$$$$$$$$$$$$$$$$$$$
Calling Z3str3

Returned solutions: 
(define-fun string0 () String  "_A____")
*************************************
Satisfiable: true
string0 => "_A____"
*************************************

$$$$$$$$$$$$$$$$$$$$$$$$$$$$$$$$
Calling Z3str3

Returned solutions: 
(define-fun string0 () String  "_A____B")
*************************************
Satisfiable: true
string0 => "_A____B"
*************************************


====================================================== search constraint
depth limit reached: 13

====================================================== snapshot 
thread java.lang.Thread:{id:0,name:main,status:RUNNING,priority:5,isDaemon:false,lockCount:0,suspendCount:0}
  call stack:
	at securibench.micro.sanitizers.Sanitizers6.clean(Sanitizers6.java:45)
	at securibench.micro.sanitizers.Sanitizers6.doGet(Sanitizers6.java:31)
	at Main.main(Main.java:23)

$$$$$$$$$$$$$$$$$$$$$$$$$$$$$$$$
Calling Z3str3

Returned solutions: 
(define-fun string0 () String  "_A___B")
*************************************
Satisfiable: true
string0 => "_A___B"
*************************************

$$$$$$$$$$$$$$$$$$$$$$$$$$$$$$$$
Calling Z3str3

Returned solutions: 
(define-fun string0 () String  "_A___BC")
*************************************
Satisfiable: true
string0 => "_A___BC"
*************************************


====================================================== search constraint
depth limit reached: 13

====================================================== snapshot 
thread java.lang.Thread:{id:0,name:main,status:RUNNING,priority:5,isDaemon:false,lockCount:0,suspendCount:0}
  call stack:
	at securibench.micro.sanitizers.Sanitizers6.clean(Sanitizers6.java:45)
	at securibench.micro.sanitizers.Sanitizers6.doGet(Sanitizers6.java:31)
	at Main.main(Main.java:23)

$$$$$$$$$$$$$$$$$$$$$$$$$$$$$$$$
Calling Z3str3

*************************************
Satisfiable: false
*************************************


====================================================== search constraint
depth limit reached: 13

====================================================== snapshot 
thread java.lang.Thread:{id:0,name:main,status:RUNNING,priority:5,isDaemon:false,lockCount:0,suspendCount:0}
  call stack:
	at mockx.servlet.http.HttpServletResponse.checkNoSymbolic(HttpServletResponse.java:40)
	at mockx.servlet.http.HttpServletResponse.access$000(HttpServletResponse.java:12)
	at mockx.servlet.http.HttpServletResponse$1.println(HttpServletResponse.java:22)
	at securibench.micro.sanitizers.Sanitizers6.doGet(Sanitizers6.java:36)
	at Main.main(Main.java:23)

$$$$$$$$$$$$$$$$$$$$$$$$$$$$$$$$
Calling Z3str3

Returned solutions: 
(define-fun string0 () String  "_A___")
*************************************
Satisfiable: true
string0 => "_A___"
*************************************


====================================================== search constraint
depth limit reached: 13

====================================================== snapshot 
thread java.lang.Thread:{id:0,name:main,status:RUNNING,priority:5,isDaemon:false,lockCount:0,suspendCount:0}
  call stack:
	at mockx.servlet.http.HttpServletResponse.checkNoSymbolic(HttpServletResponse.java:37)
	at mockx.servlet.http.HttpServletResponse.access$000(HttpServletResponse.java:12)
	at mockx.servlet.http.HttpServletResponse$1.println(HttpServletResponse.java:22)
	at securibench.micro.sanitizers.Sanitizers6.doGet(Sanitizers6.java:36)
	at Main.main(Main.java:23)

$$$$$$$$$$$$$$$$$$$$$$$$$$$$$$$$
Calling Z3str3

Returned solutions: 
(define-fun string0 () String  "_A__B")
*************************************
Satisfiable: true
string0 => "_A__B"
*************************************

$$$$$$$$$$$$$$$$$$$$$$$$$$$$$$$$
Calling Z3str3

Returned solutions: 
(define-fun string0 () String  "_A__BC")
*************************************
Satisfiable: true
string0 => "_A__BC"
*************************************

$$$$$$$$$$$$$$$$$$$$$$$$$$$$$$$$
Calling Z3str3

Returned solutions: 
(define-fun string0 () String  "_A__BC")
*************************************
Satisfiable: true
string0 => "_A__BC"
*************************************

$$$$$$$$$$$$$$$$$$$$$$$$$$$$$$$$
Calling Z3str3

Returned solutions: 
(define-fun string0 () String  "_A__B_")
*************************************
Satisfiable: true
string0 => "_A__B_"
*************************************

$$$$$$$$$$$$$$$$$$$$$$$$$$$$$$$$
Calling Z3str3

Returned solutions: 
(define-fun string0 () String  "_A__B_")
*************************************
Satisfiable: true
string0 => "_A__B_"
*************************************

$$$$$$$$$$$$$$$$$$$$$$$$$$$$$$$$
Calling Z3str3

Returned solutions: 
(define-fun string0 () String  "_A__B_C")
*************************************
Satisfiable: true
string0 => "_A__B_C"
*************************************


====================================================== search constraint
depth limit reached: 13

====================================================== snapshot 
thread java.lang.Thread:{id:0,name:main,status:RUNNING,priority:5,isDaemon:false,lockCount:0,suspendCount:0}
  call stack:
	at securibench.micro.sanitizers.Sanitizers6.clean(Sanitizers6.java:45)
	at securibench.micro.sanitizers.Sanitizers6.doGet(Sanitizers6.java:31)
	at Main.main(Main.java:23)

$$$$$$$$$$$$$$$$$$$$$$$$$$$$$$$$
Calling Z3str3

Returned solutions: 
(define-fun string0 () String  "_A__BC")
*************************************
Satisfiable: true
string0 => "_A__BC"
*************************************

$$$$$$$$$$$$$$$$$$$$$$$$$$$$$$$$
Calling Z3str3

Returned solutions: 
(define-fun string0 () String  "_A__BCD")
*************************************
Satisfiable: true
string0 => "_A__BCD"
*************************************


====================================================== search constraint
depth limit reached: 13

====================================================== snapshot 
thread java.lang.Thread:{id:0,name:main,status:RUNNING,priority:5,isDaemon:false,lockCount:0,suspendCount:0}
  call stack:
	at securibench.micro.sanitizers.Sanitizers6.clean(Sanitizers6.java:45)
	at securibench.micro.sanitizers.Sanitizers6.doGet(Sanitizers6.java:31)
	at Main.main(Main.java:23)

$$$$$$$$$$$$$$$$$$$$$$$$$$$$$$$$
Calling Z3str3

*************************************
Satisfiable: false
*************************************


====================================================== search constraint
depth limit reached: 13

====================================================== snapshot 
thread java.lang.Thread:{id:0,name:main,status:RUNNING,priority:5,isDaemon:false,lockCount:0,suspendCount:0}
  call stack:
	at mockx.servlet.http.HttpServletResponse.checkNoSymbolic(HttpServletResponse.java:40)
	at mockx.servlet.http.HttpServletResponse.access$000(HttpServletResponse.java:12)
	at mockx.servlet.http.HttpServletResponse$1.println(HttpServletResponse.java:22)
	at securibench.micro.sanitizers.Sanitizers6.doGet(Sanitizers6.java:36)
	at Main.main(Main.java:23)

$$$$$$$$$$$$$$$$$$$$$$$$$$$$$$$$
Calling Z3str3

Returned solutions: 
(define-fun string0 () String  "_A__B")
*************************************
Satisfiable: true
string0 => "_A__B"
*************************************


====================================================== search constraint
depth limit reached: 13

====================================================== snapshot 
thread java.lang.Thread:{id:0,name:main,status:RUNNING,priority:5,isDaemon:false,lockCount:0,suspendCount:0}
  call stack:
	at mockx.servlet.http.HttpServletResponse.checkNoSymbolic(HttpServletResponse.java:37)
	at mockx.servlet.http.HttpServletResponse.access$000(HttpServletResponse.java:12)
	at mockx.servlet.http.HttpServletResponse$1.println(HttpServletResponse.java:22)
	at securibench.micro.sanitizers.Sanitizers6.doGet(Sanitizers6.java:36)
	at Main.main(Main.java:23)

$$$$$$$$$$$$$$$$$$$$$$$$$$$$$$$$
Calling Z3str3

*************************************
Satisfiable: false
*************************************

$$$$$$$$$$$$$$$$$$$$$$$$$$$$$$$$
Calling Z3str3

Returned solutions: 
(define-fun string0 () String  "_A__")
*************************************
Satisfiable: true
string0 => "_A__"
*************************************

$$$$$$$$$$$$$$$$$$$$$$$$$$$$$$$$
Calling Z3str3

Returned solutions: 
(define-fun string0 () String  "_A__")
*************************************
Satisfiable: true
string0 => "_A__"
*************************************

$$$$$$$$$$$$$$$$$$$$$$$$$$$$$$$$
Calling Z3str3

*************************************
Satisfiable: false
*************************************

$$$$$$$$$$$$$$$$$$$$$$$$$$$$$$$$
Calling Z3str3

Returned solutions: 
(define-fun string0 () String  "_A_B")
*************************************
Satisfiable: true
string0 => "_A_B"
*************************************

$$$$$$$$$$$$$$$$$$$$$$$$$$$$$$$$
Calling Z3str3

Returned solutions: 
(define-fun string0 () String  "_A_BCD")
*************************************
Satisfiable: true
string0 => "_A_BCD"
*************************************

$$$$$$$$$$$$$$$$$$$$$$$$$$$$$$$$
Calling Z3str3

Returned solutions: 
(define-fun string0 () String  "_A_BC")
*************************************
Satisfiable: true
string0 => "_A_BC"
*************************************

$$$$$$$$$$$$$$$$$$$$$$$$$$$$$$$$
Calling Z3str3

Returned solutions: 
(define-fun string0 () String  "_A_B_")
*************************************
Satisfiable: true
string0 => "_A_B_"
*************************************

$$$$$$$$$$$$$$$$$$$$$$$$$$$$$$$$
Calling Z3str3

Returned solutions: 
(define-fun string0 () String  "_A_B_")
*************************************
Satisfiable: true
string0 => "_A_B_"
*************************************

$$$$$$$$$$$$$$$$$$$$$$$$$$$$$$$$
Calling Z3str3

Returned solutions: 
(define-fun string0 () String  "_A_B_C")
*************************************
Satisfiable: true
string0 => "_A_B_C"
*************************************

$$$$$$$$$$$$$$$$$$$$$$$$$$$$$$$$
Calling Z3str3

Returned solutions: 
(define-fun string0 () String  "_A_B_C")
*************************************
Satisfiable: true
string0 => "_A_B_C"
*************************************

$$$$$$$$$$$$$$$$$$$$$$$$$$$$$$$$
Calling Z3str3

Returned solutions: 
(define-fun string0 () String  "_A_B__")
*************************************
Satisfiable: true
string0 => "_A_B__"
*************************************

$$$$$$$$$$$$$$$$$$$$$$$$$$$$$$$$
Calling Z3str3

Returned solutions: 
(define-fun string0 () String  "_A_B__")
*************************************
Satisfiable: true
string0 => "_A_B__"
*************************************

$$$$$$$$$$$$$$$$$$$$$$$$$$$$$$$$
Calling Z3str3

Returned solutions: 
(define-fun string0 () String  "_A_B__C")
*************************************
Satisfiable: true
string0 => "_A_B__C"
*************************************


====================================================== search constraint
depth limit reached: 13

====================================================== snapshot 
thread java.lang.Thread:{id:0,name:main,status:RUNNING,priority:5,isDaemon:false,lockCount:0,suspendCount:0}
  call stack:
	at securibench.micro.sanitizers.Sanitizers6.clean(Sanitizers6.java:45)
	at securibench.micro.sanitizers.Sanitizers6.doGet(Sanitizers6.java:31)
	at Main.main(Main.java:23)

$$$$$$$$$$$$$$$$$$$$$$$$$$$$$$$$
Calling Z3str3

Returned solutions: 
(define-fun string0 () String  "_A_B_C")
*************************************
Satisfiable: true
string0 => "_A_B_C"
*************************************

$$$$$$$$$$$$$$$$$$$$$$$$$$$$$$$$
Calling Z3str3

Returned solutions: 
(define-fun string0 () String  "_A_B_CD")
*************************************
Satisfiable: true
string0 => "_A_B_CD"
*************************************


====================================================== search constraint
depth limit reached: 13

====================================================== snapshot 
thread java.lang.Thread:{id:0,name:main,status:RUNNING,priority:5,isDaemon:false,lockCount:0,suspendCount:0}
  call stack:
	at securibench.micro.sanitizers.Sanitizers6.clean(Sanitizers6.java:45)
	at securibench.micro.sanitizers.Sanitizers6.doGet(Sanitizers6.java:31)
	at Main.main(Main.java:23)

$$$$$$$$$$$$$$$$$$$$$$$$$$$$$$$$
Calling Z3str3

*************************************
Satisfiable: false
*************************************


====================================================== search constraint
depth limit reached: 13

====================================================== snapshot 
thread java.lang.Thread:{id:0,name:main,status:RUNNING,priority:5,isDaemon:false,lockCount:0,suspendCount:0}
  call stack:
	at mockx.servlet.http.HttpServletResponse.checkNoSymbolic(HttpServletResponse.java:40)
	at mockx.servlet.http.HttpServletResponse.access$000(HttpServletResponse.java:12)
	at mockx.servlet.http.HttpServletResponse$1.println(HttpServletResponse.java:22)
	at securibench.micro.sanitizers.Sanitizers6.doGet(Sanitizers6.java:36)
	at Main.main(Main.java:23)

$$$$$$$$$$$$$$$$$$$$$$$$$$$$$$$$
Calling Z3str3

Returned solutions: 
(define-fun string0 () String  "_A_B_")
*************************************
Satisfiable: true
string0 => "_A_B_"
*************************************


====================================================== search constraint
depth limit reached: 13

====================================================== snapshot 
thread java.lang.Thread:{id:0,name:main,status:RUNNING,priority:5,isDaemon:false,lockCount:0,suspendCount:0}
  call stack:
	at mockx.servlet.http.HttpServletResponse.checkNoSymbolic(HttpServletResponse.java:37)
	at mockx.servlet.http.HttpServletResponse.access$000(HttpServletResponse.java:12)
	at mockx.servlet.http.HttpServletResponse$1.println(HttpServletResponse.java:22)
	at securibench.micro.sanitizers.Sanitizers6.doGet(Sanitizers6.java:36)
	at Main.main(Main.java:23)

$$$$$$$$$$$$$$$$$$$$$$$$$$$$$$$$
Calling Z3str3

Returned solutions: 
(define-fun string0 () String  "_A_BC")
*************************************
Satisfiable: true
string0 => "_A_BC"
*************************************

$$$$$$$$$$$$$$$$$$$$$$$$$$$$$$$$
Calling Z3str3

Returned solutions: 
(define-fun string0 () String  "_A_BCD")
*************************************
Satisfiable: true
string0 => "_A_BCD"
*************************************

$$$$$$$$$$$$$$$$$$$$$$$$$$$$$$$$
Calling Z3str3

Returned solutions: 
(define-fun string0 () String  "_A_BCD")
*************************************
Satisfiable: true
string0 => "_A_BCD"
*************************************

$$$$$$$$$$$$$$$$$$$$$$$$$$$$$$$$
Calling Z3str3

Returned solutions: 
(define-fun string0 () String  "_A_BC_")
*************************************
Satisfiable: true
string0 => "_A_BC_"
*************************************

$$$$$$$$$$$$$$$$$$$$$$$$$$$$$$$$
Calling Z3str3

Returned solutions: 
(define-fun string0 () String  "_A_BC_")
*************************************
Satisfiable: true
string0 => "_A_BC_"
*************************************

$$$$$$$$$$$$$$$$$$$$$$$$$$$$$$$$
Calling Z3str3

Returned solutions: 
(define-fun string0 () String  "_A_BC_D")
*************************************
Satisfiable: true
string0 => "_A_BC_D"
*************************************


====================================================== search constraint
depth limit reached: 13

====================================================== snapshot 
thread java.lang.Thread:{id:0,name:main,status:RUNNING,priority:5,isDaemon:false,lockCount:0,suspendCount:0}
  call stack:
	at securibench.micro.sanitizers.Sanitizers6.clean(Sanitizers6.java:45)
	at securibench.micro.sanitizers.Sanitizers6.doGet(Sanitizers6.java:31)
	at Main.main(Main.java:23)

$$$$$$$$$$$$$$$$$$$$$$$$$$$$$$$$
Calling Z3str3

Returned solutions: 
(define-fun string0 () String  "_A_BCD")
*************************************
Satisfiable: true
string0 => "_A_BCD"
*************************************

$$$$$$$$$$$$$$$$$$$$$$$$$$$$$$$$
Calling Z3str3

Returned solutions: 
(define-fun string0 () String  "_A_BCDE")
*************************************
Satisfiable: true
string0 => "_A_BCDE"
*************************************


====================================================== search constraint
depth limit reached: 13

====================================================== snapshot 
thread java.lang.Thread:{id:0,name:main,status:RUNNING,priority:5,isDaemon:false,lockCount:0,suspendCount:0}
  call stack:
	at securibench.micro.sanitizers.Sanitizers6.clean(Sanitizers6.java:45)
	at securibench.micro.sanitizers.Sanitizers6.doGet(Sanitizers6.java:31)
	at Main.main(Main.java:23)

$$$$$$$$$$$$$$$$$$$$$$$$$$$$$$$$
Calling Z3str3

*************************************
Satisfiable: false
*************************************


====================================================== search constraint
depth limit reached: 13

====================================================== snapshot 
thread java.lang.Thread:{id:0,name:main,status:RUNNING,priority:5,isDaemon:false,lockCount:0,suspendCount:0}
  call stack:
	at mockx.servlet.http.HttpServletResponse.checkNoSymbolic(HttpServletResponse.java:40)
	at mockx.servlet.http.HttpServletResponse.access$000(HttpServletResponse.java:12)
	at mockx.servlet.http.HttpServletResponse$1.println(HttpServletResponse.java:22)
	at securibench.micro.sanitizers.Sanitizers6.doGet(Sanitizers6.java:36)
	at Main.main(Main.java:23)

$$$$$$$$$$$$$$$$$$$$$$$$$$$$$$$$
Calling Z3str3

Returned solutions: 
(define-fun string0 () String  "_A_BC")
*************************************
Satisfiable: true
string0 => "_A_BC"
*************************************


====================================================== search constraint
depth limit reached: 13

====================================================== snapshot 
thread java.lang.Thread:{id:0,name:main,status:RUNNING,priority:5,isDaemon:false,lockCount:0,suspendCount:0}
  call stack:
	at mockx.servlet.http.HttpServletResponse.checkNoSymbolic(HttpServletResponse.java:37)
	at mockx.servlet.http.HttpServletResponse.access$000(HttpServletResponse.java:12)
	at mockx.servlet.http.HttpServletResponse$1.println(HttpServletResponse.java:22)
	at securibench.micro.sanitizers.Sanitizers6.doGet(Sanitizers6.java:36)
	at Main.main(Main.java:23)

$$$$$$$$$$$$$$$$$$$$$$$$$$$$$$$$
Calling Z3str3

*************************************
Satisfiable: false
*************************************

$$$$$$$$$$$$$$$$$$$$$$$$$$$$$$$$
Calling Z3str3

Returned solutions: 
(define-fun string0 () String  "_A_B")
*************************************
Satisfiable: true
string0 => "_A_B"
*************************************

$$$$$$$$$$$$$$$$$$$$$$$$$$$$$$$$
Calling Z3str3

Returned solutions: 
(define-fun string0 () String  "_A_B")
*************************************
Satisfiable: true
string0 => "_A_B"
*************************************

$$$$$$$$$$$$$$$$$$$$$$$$$$$$$$$$
Calling Z3str3

*************************************
Satisfiable: false
*************************************

$$$$$$$$$$$$$$$$$$$$$$$$$$$$$$$$
Calling Z3str3

*************************************
Satisfiable: false
*************************************

$$$$$$$$$$$$$$$$$$$$$$$$$$$$$$$$
Calling Z3str3

Returned solutions: 
(define-fun string0 () String  "_A_")
*************************************
Satisfiable: true
string0 => "_A_"
*************************************

$$$$$$$$$$$$$$$$$$$$$$$$$$$$$$$$
Calling Z3str3

Returned solutions: 
(define-fun string0 () String  "_A_")
*************************************
Satisfiable: true
string0 => "_A_"
*************************************

$$$$$$$$$$$$$$$$$$$$$$$$$$$$$$$$
Calling Z3str3

*************************************
Satisfiable: false
*************************************

$$$$$$$$$$$$$$$$$$$$$$$$$$$$$$$$
Calling Z3str3

Returned solutions: 
(define-fun string0 () String  "_AB")
*************************************
Satisfiable: true
string0 => "_AB"
*************************************

$$$$$$$$$$$$$$$$$$$$$$$$$$$$$$$$
Calling Z3str3

Returned solutions: 
(define-fun string0 () String  "_ABC")
*************************************
Satisfiable: true
string0 => "_ABC"
*************************************

$$$$$$$$$$$$$$$$$$$$$$$$$$$$$$$$
Calling Z3str3

Returned solutions: 
(define-fun string0 () String  "_ABC")
*************************************
Satisfiable: true
string0 => "_ABC"
*************************************

$$$$$$$$$$$$$$$$$$$$$$$$$$$$$$$$
Calling Z3str3

Returned solutions: 
(define-fun string0 () String  "_AB_")
*************************************
Satisfiable: true
string0 => "_AB_"
*************************************

$$$$$$$$$$$$$$$$$$$$$$$$$$$$$$$$
Calling Z3str3

Returned solutions: 
(define-fun string0 () String  "_AB_")
*************************************
Satisfiable: true
string0 => "_AB_"
*************************************

$$$$$$$$$$$$$$$$$$$$$$$$$$$$$$$$
Calling Z3str3

Returned solutions: 
(define-fun string0 () String  "_AB_CD")
*************************************
Satisfiable: true
string0 => "_AB_CD"
*************************************

$$$$$$$$$$$$$$$$$$$$$$$$$$$$$$$$
Calling Z3str3

Returned solutions: 
(define-fun string0 () String  "_AB_C")
*************************************
Satisfiable: true
string0 => "_AB_C"
*************************************

$$$$$$$$$$$$$$$$$$$$$$$$$$$$$$$$
Calling Z3str3

Returned solutions: 
(define-fun string0 () String  "_AB__")
*************************************
Satisfiable: true
string0 => "_AB__"
*************************************

$$$$$$$$$$$$$$$$$$$$$$$$$$$$$$$$
Calling Z3str3

Returned solutions: 
(define-fun string0 () String  "_AB__")
*************************************
Satisfiable: true
string0 => "_AB__"
*************************************

$$$$$$$$$$$$$$$$$$$$$$$$$$$$$$$$
Calling Z3str3

Returned solutions: 
(define-fun string0 () String  "_AB__C")
*************************************
Satisfiable: true
string0 => "_AB__C"
*************************************

$$$$$$$$$$$$$$$$$$$$$$$$$$$$$$$$
Calling Z3str3

Returned solutions: 
(define-fun string0 () String  "_AB__C")
*************************************
Satisfiable: true
string0 => "_AB__C"
*************************************

$$$$$$$$$$$$$$$$$$$$$$$$$$$$$$$$
Calling Z3str3

Returned solutions: 
(define-fun string0 () String  "_AB___")
*************************************
Satisfiable: true
string0 => "_AB___"
*************************************

$$$$$$$$$$$$$$$$$$$$$$$$$$$$$$$$
Calling Z3str3

Returned solutions: 
(define-fun string0 () String  "_AB___")
*************************************
Satisfiable: true
string0 => "_AB___"
*************************************

$$$$$$$$$$$$$$$$$$$$$$$$$$$$$$$$
Calling Z3str3

Returned solutions: 
(define-fun string0 () String  "_AB___C")
*************************************
Satisfiable: true
string0 => "_AB___C"
*************************************


====================================================== search constraint
depth limit reached: 13

====================================================== snapshot 
thread java.lang.Thread:{id:0,name:main,status:RUNNING,priority:5,isDaemon:false,lockCount:0,suspendCount:0}
  call stack:
	at securibench.micro.sanitizers.Sanitizers6.clean(Sanitizers6.java:45)
	at securibench.micro.sanitizers.Sanitizers6.doGet(Sanitizers6.java:31)
	at Main.main(Main.java:23)

$$$$$$$$$$$$$$$$$$$$$$$$$$$$$$$$
Calling Z3str3

Returned solutions: 
(define-fun string0 () String  "_AB__C")
*************************************
Satisfiable: true
string0 => "_AB__C"
*************************************

$$$$$$$$$$$$$$$$$$$$$$$$$$$$$$$$
Calling Z3str3

Returned solutions: 
(define-fun string0 () String  "_AB__CD")
*************************************
Satisfiable: true
string0 => "_AB__CD"
*************************************


====================================================== search constraint
depth limit reached: 13

====================================================== snapshot 
thread java.lang.Thread:{id:0,name:main,status:RUNNING,priority:5,isDaemon:false,lockCount:0,suspendCount:0}
  call stack:
	at securibench.micro.sanitizers.Sanitizers6.clean(Sanitizers6.java:45)
	at securibench.micro.sanitizers.Sanitizers6.doGet(Sanitizers6.java:31)
	at Main.main(Main.java:23)

$$$$$$$$$$$$$$$$$$$$$$$$$$$$$$$$
Calling Z3str3

*************************************
Satisfiable: false
*************************************


====================================================== search constraint
depth limit reached: 13

====================================================== snapshot 
thread java.lang.Thread:{id:0,name:main,status:RUNNING,priority:5,isDaemon:false,lockCount:0,suspendCount:0}
  call stack:
	at mockx.servlet.http.HttpServletResponse.checkNoSymbolic(HttpServletResponse.java:40)
	at mockx.servlet.http.HttpServletResponse.access$000(HttpServletResponse.java:12)
	at mockx.servlet.http.HttpServletResponse$1.println(HttpServletResponse.java:22)
	at securibench.micro.sanitizers.Sanitizers6.doGet(Sanitizers6.java:36)
	at Main.main(Main.java:23)

$$$$$$$$$$$$$$$$$$$$$$$$$$$$$$$$
Calling Z3str3

Returned solutions: 
(define-fun string0 () String  "_AB__")
*************************************
Satisfiable: true
string0 => "_AB__"
*************************************


====================================================== search constraint
depth limit reached: 13

====================================================== snapshot 
thread java.lang.Thread:{id:0,name:main,status:RUNNING,priority:5,isDaemon:false,lockCount:0,suspendCount:0}
  call stack:
	at mockx.servlet.http.HttpServletResponse.checkNoSymbolic(HttpServletResponse.java:37)
	at mockx.servlet.http.HttpServletResponse.access$000(HttpServletResponse.java:12)
	at mockx.servlet.http.HttpServletResponse$1.println(HttpServletResponse.java:22)
	at securibench.micro.sanitizers.Sanitizers6.doGet(Sanitizers6.java:36)
	at Main.main(Main.java:23)

$$$$$$$$$$$$$$$$$$$$$$$$$$$$$$$$
Calling Z3str3

Returned solutions: 
(define-fun string0 () String  "_AB_C")
*************************************
Satisfiable: true
string0 => "_AB_C"
*************************************

$$$$$$$$$$$$$$$$$$$$$$$$$$$$$$$$
Calling Z3str3

Returned solutions: 
(define-fun string0 () String  "_AB_CD")
*************************************
Satisfiable: true
string0 => "_AB_CD"
*************************************

$$$$$$$$$$$$$$$$$$$$$$$$$$$$$$$$
Calling Z3str3

Returned solutions: 
(define-fun string0 () String  "_AB_CD")
*************************************
Satisfiable: true
string0 => "_AB_CD"
*************************************

$$$$$$$$$$$$$$$$$$$$$$$$$$$$$$$$
Calling Z3str3

Returned solutions: 
(define-fun string0 () String  "_AB_C_")
*************************************
Satisfiable: true
string0 => "_AB_C_"
*************************************

$$$$$$$$$$$$$$$$$$$$$$$$$$$$$$$$
Calling Z3str3

Returned solutions: 
(define-fun string0 () String  "_AB_C_")
*************************************
Satisfiable: true
string0 => "_AB_C_"
*************************************

$$$$$$$$$$$$$$$$$$$$$$$$$$$$$$$$
Calling Z3str3

Returned solutions: 
(define-fun string0 () String  "_AB_C_D")
*************************************
Satisfiable: true
string0 => "_AB_C_D"
*************************************


====================================================== search constraint
depth limit reached: 13

====================================================== snapshot 
thread java.lang.Thread:{id:0,name:main,status:RUNNING,priority:5,isDaemon:false,lockCount:0,suspendCount:0}
  call stack:
	at securibench.micro.sanitizers.Sanitizers6.clean(Sanitizers6.java:45)
	at securibench.micro.sanitizers.Sanitizers6.doGet(Sanitizers6.java:31)
	at Main.main(Main.java:23)

$$$$$$$$$$$$$$$$$$$$$$$$$$$$$$$$
Calling Z3str3

Returned solutions: 
(define-fun string0 () String  "_AB_CD")
*************************************
Satisfiable: true
string0 => "_AB_CD"
*************************************

$$$$$$$$$$$$$$$$$$$$$$$$$$$$$$$$
Calling Z3str3

Returned solutions: 
(define-fun string0 () String  "_AB_CDE")
*************************************
Satisfiable: true
string0 => "_AB_CDE"
*************************************


====================================================== search constraint
depth limit reached: 13

====================================================== snapshot 
thread java.lang.Thread:{id:0,name:main,status:RUNNING,priority:5,isDaemon:false,lockCount:0,suspendCount:0}
  call stack:
	at securibench.micro.sanitizers.Sanitizers6.clean(Sanitizers6.java:45)
	at securibench.micro.sanitizers.Sanitizers6.doGet(Sanitizers6.java:31)
	at Main.main(Main.java:23)

$$$$$$$$$$$$$$$$$$$$$$$$$$$$$$$$
Calling Z3str3

*************************************
Satisfiable: false
*************************************


====================================================== search constraint
depth limit reached: 13

====================================================== snapshot 
thread java.lang.Thread:{id:0,name:main,status:RUNNING,priority:5,isDaemon:false,lockCount:0,suspendCount:0}
  call stack:
	at mockx.servlet.http.HttpServletResponse.checkNoSymbolic(HttpServletResponse.java:40)
	at mockx.servlet.http.HttpServletResponse.access$000(HttpServletResponse.java:12)
	at mockx.servlet.http.HttpServletResponse$1.println(HttpServletResponse.java:22)
	at securibench.micro.sanitizers.Sanitizers6.doGet(Sanitizers6.java:36)
	at Main.main(Main.java:23)

$$$$$$$$$$$$$$$$$$$$$$$$$$$$$$$$
Calling Z3str3

Returned solutions: 
(define-fun string0 () String  "_AB_C")
*************************************
Satisfiable: true
string0 => "_AB_C"
*************************************


====================================================== search constraint
depth limit reached: 13

====================================================== snapshot 
thread java.lang.Thread:{id:0,name:main,status:RUNNING,priority:5,isDaemon:false,lockCount:0,suspendCount:0}
  call stack:
	at mockx.servlet.http.HttpServletResponse.checkNoSymbolic(HttpServletResponse.java:37)
	at mockx.servlet.http.HttpServletResponse.access$000(HttpServletResponse.java:12)
	at mockx.servlet.http.HttpServletResponse$1.println(HttpServletResponse.java:22)
	at securibench.micro.sanitizers.Sanitizers6.doGet(Sanitizers6.java:36)
	at Main.main(Main.java:23)

$$$$$$$$$$$$$$$$$$$$$$$$$$$$$$$$
Calling Z3str3

*************************************
Satisfiable: false
*************************************

$$$$$$$$$$$$$$$$$$$$$$$$$$$$$$$$
Calling Z3str3

Returned solutions: 
(define-fun string0 () String  "_AB_")
*************************************
Satisfiable: true
string0 => "_AB_"
*************************************

$$$$$$$$$$$$$$$$$$$$$$$$$$$$$$$$
Calling Z3str3

Returned solutions: 
(define-fun string0 () String  "_AB_")
*************************************
Satisfiable: true
string0 => "_AB_"
*************************************

$$$$$$$$$$$$$$$$$$$$$$$$$$$$$$$$
Calling Z3str3

*************************************
Satisfiable: false
*************************************

$$$$$$$$$$$$$$$$$$$$$$$$$$$$$$$$
Calling Z3str3

Returned solutions: 
(define-fun string0 () String  "_ABC")
*************************************
Satisfiable: true
string0 => "_ABC"
*************************************

$$$$$$$$$$$$$$$$$$$$$$$$$$$$$$$$
Calling Z3str3

Returned solutions: 
(define-fun string0 () String  "_ABCDE")
*************************************
Satisfiable: true
string0 => "_ABCDE"
*************************************

$$$$$$$$$$$$$$$$$$$$$$$$$$$$$$$$
Calling Z3str3

Returned solutions: 
(define-fun string0 () String  "_ABCD")
*************************************
Satisfiable: true
string0 => "_ABCD"
*************************************

$$$$$$$$$$$$$$$$$$$$$$$$$$$$$$$$
Calling Z3str3

Returned solutions: 
(define-fun string0 () String  "_ABC_")
*************************************
Satisfiable: true
string0 => "_ABC_"
*************************************

$$$$$$$$$$$$$$$$$$$$$$$$$$$$$$$$
Calling Z3str3

Returned solutions: 
(define-fun string0 () String  "_ABC_")
*************************************
Satisfiable: true
string0 => "_ABC_"
*************************************

$$$$$$$$$$$$$$$$$$$$$$$$$$$$$$$$
Calling Z3str3

Returned solutions: 
(define-fun string0 () String  "_ABC_D")
*************************************
Satisfiable: true
string0 => "_ABC_D"
*************************************

$$$$$$$$$$$$$$$$$$$$$$$$$$$$$$$$
Calling Z3str3

Returned solutions: 
(define-fun string0 () String  "_ABC_D")
*************************************
Satisfiable: true
string0 => "_ABC_D"
*************************************

$$$$$$$$$$$$$$$$$$$$$$$$$$$$$$$$
Calling Z3str3

Returned solutions: 
(define-fun string0 () String  "_ABC__")
*************************************
Satisfiable: true
string0 => "_ABC__"
*************************************

$$$$$$$$$$$$$$$$$$$$$$$$$$$$$$$$
Calling Z3str3

Returned solutions: 
(define-fun string0 () String  "_ABC__")
*************************************
Satisfiable: true
string0 => "_ABC__"
*************************************

$$$$$$$$$$$$$$$$$$$$$$$$$$$$$$$$
Calling Z3str3

Returned solutions: 
(define-fun string0 () String  "_ABC__D")
*************************************
Satisfiable: true
string0 => "_ABC__D"
*************************************


====================================================== search constraint
depth limit reached: 13

====================================================== snapshot 
thread java.lang.Thread:{id:0,name:main,status:RUNNING,priority:5,isDaemon:false,lockCount:0,suspendCount:0}
  call stack:
	at securibench.micro.sanitizers.Sanitizers6.clean(Sanitizers6.java:45)
	at securibench.micro.sanitizers.Sanitizers6.doGet(Sanitizers6.java:31)
	at Main.main(Main.java:23)

$$$$$$$$$$$$$$$$$$$$$$$$$$$$$$$$
Calling Z3str3

Returned solutions: 
(define-fun string0 () String  "_ABC_D")
*************************************
Satisfiable: true
string0 => "_ABC_D"
*************************************

$$$$$$$$$$$$$$$$$$$$$$$$$$$$$$$$
Calling Z3str3

Returned solutions: 
(define-fun string0 () String  "_ABC_DE")
*************************************
Satisfiable: true
string0 => "_ABC_DE"
*************************************


====================================================== search constraint
depth limit reached: 13

====================================================== snapshot 
thread java.lang.Thread:{id:0,name:main,status:RUNNING,priority:5,isDaemon:false,lockCount:0,suspendCount:0}
  call stack:
	at securibench.micro.sanitizers.Sanitizers6.clean(Sanitizers6.java:45)
	at securibench.micro.sanitizers.Sanitizers6.doGet(Sanitizers6.java:31)
	at Main.main(Main.java:23)

$$$$$$$$$$$$$$$$$$$$$$$$$$$$$$$$
Calling Z3str3

*************************************
Satisfiable: false
*************************************


====================================================== search constraint
depth limit reached: 13

====================================================== snapshot 
thread java.lang.Thread:{id:0,name:main,status:RUNNING,priority:5,isDaemon:false,lockCount:0,suspendCount:0}
  call stack:
	at mockx.servlet.http.HttpServletResponse.checkNoSymbolic(HttpServletResponse.java:40)
	at mockx.servlet.http.HttpServletResponse.access$000(HttpServletResponse.java:12)
	at mockx.servlet.http.HttpServletResponse$1.println(HttpServletResponse.java:22)
	at securibench.micro.sanitizers.Sanitizers6.doGet(Sanitizers6.java:36)
	at Main.main(Main.java:23)

$$$$$$$$$$$$$$$$$$$$$$$$$$$$$$$$
Calling Z3str3

Returned solutions: 
(define-fun string0 () String  "_ABC_")
*************************************
Satisfiable: true
string0 => "_ABC_"
*************************************


====================================================== search constraint
depth limit reached: 13

====================================================== snapshot 
thread java.lang.Thread:{id:0,name:main,status:RUNNING,priority:5,isDaemon:false,lockCount:0,suspendCount:0}
  call stack:
	at mockx.servlet.http.HttpServletResponse.checkNoSymbolic(HttpServletResponse.java:37)
	at mockx.servlet.http.HttpServletResponse.access$000(HttpServletResponse.java:12)
	at mockx.servlet.http.HttpServletResponse$1.println(HttpServletResponse.java:22)
	at securibench.micro.sanitizers.Sanitizers6.doGet(Sanitizers6.java:36)
	at Main.main(Main.java:23)

$$$$$$$$$$$$$$$$$$$$$$$$$$$$$$$$
Calling Z3str3

Returned solutions: 
(define-fun string0 () String  "_ABCD")
*************************************
Satisfiable: true
string0 => "_ABCD"
*************************************

$$$$$$$$$$$$$$$$$$$$$$$$$$$$$$$$
Calling Z3str3

Returned solutions: 
(define-fun string0 () String  "_ABCDE")
*************************************
Satisfiable: true
string0 => "_ABCDE"
*************************************

$$$$$$$$$$$$$$$$$$$$$$$$$$$$$$$$
Calling Z3str3

Returned solutions: 
(define-fun string0 () String  "_ABCDE")
*************************************
Satisfiable: true
string0 => "_ABCDE"
*************************************

$$$$$$$$$$$$$$$$$$$$$$$$$$$$$$$$
Calling Z3str3

Returned solutions: 
(define-fun string0 () String  "_ABCD_")
*************************************
Satisfiable: true
string0 => "_ABCD_"
*************************************

$$$$$$$$$$$$$$$$$$$$$$$$$$$$$$$$
Calling Z3str3

Returned solutions: 
(define-fun string0 () String  "_ABCD_")
*************************************
Satisfiable: true
string0 => "_ABCD_"
*************************************

$$$$$$$$$$$$$$$$$$$$$$$$$$$$$$$$
Calling Z3str3

Returned solutions: 
(define-fun string0 () String  "_ABCD_E")
*************************************
Satisfiable: true
string0 => "_ABCD_E"
*************************************


====================================================== search constraint
depth limit reached: 13

====================================================== snapshot 
thread java.lang.Thread:{id:0,name:main,status:RUNNING,priority:5,isDaemon:false,lockCount:0,suspendCount:0}
  call stack:
	at securibench.micro.sanitizers.Sanitizers6.clean(Sanitizers6.java:45)
	at securibench.micro.sanitizers.Sanitizers6.doGet(Sanitizers6.java:31)
	at Main.main(Main.java:23)

$$$$$$$$$$$$$$$$$$$$$$$$$$$$$$$$
Calling Z3str3

Returned solutions: 
(define-fun string0 () String  "_ABCDE")
*************************************
Satisfiable: true
string0 => "_ABCDE"
*************************************

$$$$$$$$$$$$$$$$$$$$$$$$$$$$$$$$
Calling Z3str3

Returned solutions: 
(define-fun string0 () String  "_ABCDEF")
*************************************
Satisfiable: true
string0 => "_ABCDEF"
*************************************


====================================================== search constraint
depth limit reached: 13

====================================================== snapshot 
thread java.lang.Thread:{id:0,name:main,status:RUNNING,priority:5,isDaemon:false,lockCount:0,suspendCount:0}
  call stack:
	at securibench.micro.sanitizers.Sanitizers6.clean(Sanitizers6.java:45)
	at securibench.micro.sanitizers.Sanitizers6.doGet(Sanitizers6.java:31)
	at Main.main(Main.java:23)

$$$$$$$$$$$$$$$$$$$$$$$$$$$$$$$$
Calling Z3str3

*************************************
Satisfiable: false
*************************************


====================================================== search constraint
depth limit reached: 13

====================================================== snapshot 
thread java.lang.Thread:{id:0,name:main,status:RUNNING,priority:5,isDaemon:false,lockCount:0,suspendCount:0}
  call stack:
	at mockx.servlet.http.HttpServletResponse.checkNoSymbolic(HttpServletResponse.java:40)
	at mockx.servlet.http.HttpServletResponse.access$000(HttpServletResponse.java:12)
	at mockx.servlet.http.HttpServletResponse$1.println(HttpServletResponse.java:22)
	at securibench.micro.sanitizers.Sanitizers6.doGet(Sanitizers6.java:36)
	at Main.main(Main.java:23)

$$$$$$$$$$$$$$$$$$$$$$$$$$$$$$$$
Calling Z3str3

Returned solutions: 
(define-fun string0 () String  "_ABCD")
*************************************
Satisfiable: true
string0 => "_ABCD"
*************************************


====================================================== search constraint
depth limit reached: 13

====================================================== snapshot 
thread java.lang.Thread:{id:0,name:main,status:RUNNING,priority:5,isDaemon:false,lockCount:0,suspendCount:0}
  call stack:
	at mockx.servlet.http.HttpServletResponse.checkNoSymbolic(HttpServletResponse.java:37)
	at mockx.servlet.http.HttpServletResponse.access$000(HttpServletResponse.java:12)
	at mockx.servlet.http.HttpServletResponse$1.println(HttpServletResponse.java:22)
	at securibench.micro.sanitizers.Sanitizers6.doGet(Sanitizers6.java:36)
	at Main.main(Main.java:23)

$$$$$$$$$$$$$$$$$$$$$$$$$$$$$$$$
Calling Z3str3

*************************************
Satisfiable: false
*************************************

$$$$$$$$$$$$$$$$$$$$$$$$$$$$$$$$
Calling Z3str3

Returned solutions: 
(define-fun string0 () String  "_ABC")
*************************************
Satisfiable: true
string0 => "_ABC"
*************************************

$$$$$$$$$$$$$$$$$$$$$$$$$$$$$$$$
Calling Z3str3

Returned solutions: 
(define-fun string0 () String  "_ABC")
*************************************
Satisfiable: true
string0 => "_ABC"
*************************************

$$$$$$$$$$$$$$$$$$$$$$$$$$$$$$$$
Calling Z3str3

*************************************
Satisfiable: false
*************************************

$$$$$$$$$$$$$$$$$$$$$$$$$$$$$$$$
Calling Z3str3

*************************************
Satisfiable: false
*************************************

$$$$$$$$$$$$$$$$$$$$$$$$$$$$$$$$
Calling Z3str3

Returned solutions: 
(define-fun string0 () String  "_AB")
*************************************
Satisfiable: true
string0 => "_AB"
*************************************

$$$$$$$$$$$$$$$$$$$$$$$$$$$$$$$$
Calling Z3str3

Returned solutions: 
(define-fun string0 () String  "_AB")
*************************************
Satisfiable: true
string0 => "_AB"
*************************************

$$$$$$$$$$$$$$$$$$$$$$$$$$$$$$$$
Calling Z3str3

*************************************
Satisfiable: false
*************************************

$$$$$$$$$$$$$$$$$$$$$$$$$$$$$$$$
Calling Z3str3

*************************************
Satisfiable: false
*************************************

$$$$$$$$$$$$$$$$$$$$$$$$$$$$$$$$
Calling Z3str3

Returned solutions: 
(define-fun string0 () String  "_A")
*************************************
Satisfiable: true
string0 => "_A"
*************************************

$$$$$$$$$$$$$$$$$$$$$$$$$$$$$$$$
Calling Z3str3

Returned solutions: 
(define-fun string0 () String  "_E")
*************************************
Satisfiable: true
string0 => "_E"
*************************************

$$$$$$$$$$$$$$$$$$$$$$$$$$$$$$$$
Calling Z3str3

*************************************
Satisfiable: false
*************************************

$$$$$$$$$$$$$$$$$$$$$$$$$$$$$$$$
Calling Z3str3

*************************************
Satisfiable: false
*************************************

$$$$$$$$$$$$$$$$$$$$$$$$$$$$$$$$
Calling Z3str3

Returned solutions: 
(define-fun string0 () String  "_")
*************************************
Satisfiable: true
string0 => "_"
*************************************

$$$$$$$$$$$$$$$$$$$$$$$$$$$$$$$$
Calling Z3str3

Returned solutions: 
(define-fun string0 () String  "_")
*************************************
Satisfiable: true
string0 => "_"
*************************************

$$$$$$$$$$$$$$$$$$$$$$$$$$$$$$$$
Calling Z3str3

*************************************
Satisfiable: false
*************************************

$$$$$$$$$$$$$$$$$$$$$$$$$$$$$$$$
Calling Z3str3

Returned solutions: 
(define-fun string0 () String  "A")
*************************************
Satisfiable: true
string0 => "A"
*************************************

$$$$$$$$$$$$$$$$$$$$$$$$$$$$$$$$
Calling Z3str3

Returned solutions: 
(define-fun string0 () String  "AB")
*************************************
Satisfiable: true
string0 => "AB"
*************************************

$$$$$$$$$$$$$$$$$$$$$$$$$$$$$$$$
Calling Z3str3

Returned solutions: 
(define-fun string0 () String  "AB")
*************************************
Satisfiable: true
string0 => "AB"
*************************************

$$$$$$$$$$$$$$$$$$$$$$$$$$$$$$$$
Calling Z3str3

Returned solutions: 
(define-fun string0 () String  "A_")
*************************************
Satisfiable: true
string0 => "A_"
*************************************

$$$$$$$$$$$$$$$$$$$$$$$$$$$$$$$$
Calling Z3str3

Returned solutions: 
(define-fun string0 () String  "A_")
*************************************
Satisfiable: true
string0 => "A_"
*************************************

$$$$$$$$$$$$$$$$$$$$$$$$$$$$$$$$
Calling Z3str3

Returned solutions: 
(define-fun string0 () String  "A_B")
*************************************
Satisfiable: true
string0 => "A_B"
*************************************

$$$$$$$$$$$$$$$$$$$$$$$$$$$$$$$$
Calling Z3str3

Returned solutions: 
(define-fun string0 () String  "A_B")
*************************************
Satisfiable: true
string0 => "A_B"
*************************************

$$$$$$$$$$$$$$$$$$$$$$$$$$$$$$$$
Calling Z3str3

Returned solutions: 
(define-fun string0 () String  "A__")
*************************************
Satisfiable: true
string0 => "A__"
*************************************

$$$$$$$$$$$$$$$$$$$$$$$$$$$$$$$$
Calling Z3str3

Returned solutions: 
(define-fun string0 () String  "A__")
*************************************
Satisfiable: true
string0 => "A__"
*************************************

$$$$$$$$$$$$$$$$$$$$$$$$$$$$$$$$
Calling Z3str3

Returned solutions: 
(define-fun string0 () String  "A__B")
*************************************
Satisfiable: true
string0 => "A__B"
*************************************

$$$$$$$$$$$$$$$$$$$$$$$$$$$$$$$$
Calling Z3str3

Returned solutions: 
(define-fun string0 () String  "A__B")
*************************************
Satisfiable: true
string0 => "A__B"
*************************************

$$$$$$$$$$$$$$$$$$$$$$$$$$$$$$$$
Calling Z3str3

Returned solutions: 
(define-fun string0 () String  "A___")
*************************************
Satisfiable: true
string0 => "A___"
*************************************

$$$$$$$$$$$$$$$$$$$$$$$$$$$$$$$$
Calling Z3str3

Returned solutions: 
(define-fun string0 () String  "A___")
*************************************
Satisfiable: true
string0 => "A___"
*************************************

$$$$$$$$$$$$$$$$$$$$$$$$$$$$$$$$
Calling Z3str3

Returned solutions: 
(define-fun string0 () String  "A___B")
*************************************
Satisfiable: true
string0 => "A___B"
*************************************

$$$$$$$$$$$$$$$$$$$$$$$$$$$$$$$$
Calling Z3str3

Returned solutions: 
(define-fun string0 () String  "A___B")
*************************************
Satisfiable: true
string0 => "A___B"
*************************************

$$$$$$$$$$$$$$$$$$$$$$$$$$$$$$$$
Calling Z3str3

Returned solutions: 
(define-fun string0 () String  "A____")
*************************************
Satisfiable: true
string0 => "A____"
*************************************

$$$$$$$$$$$$$$$$$$$$$$$$$$$$$$$$
Calling Z3str3

Returned solutions: 
(define-fun string0 () String  "A____")
*************************************
Satisfiable: true
string0 => "A____"
*************************************

$$$$$$$$$$$$$$$$$$$$$$$$$$$$$$$$
Calling Z3str3

Returned solutions: 
(define-fun string0 () String  "A____B")
*************************************
Satisfiable: true
string0 => "A____B"
*************************************

$$$$$$$$$$$$$$$$$$$$$$$$$$$$$$$$
Calling Z3str3

Returned solutions: 
(define-fun string0 () String  "A____B")
*************************************
Satisfiable: true
string0 => "A____B"
*************************************

$$$$$$$$$$$$$$$$$$$$$$$$$$$$$$$$
Calling Z3str3

Returned solutions: 
(define-fun string0 () String  "A_____")
*************************************
Satisfiable: true
string0 => "A_____"
*************************************

$$$$$$$$$$$$$$$$$$$$$$$$$$$$$$$$
Calling Z3str3

Returned solutions: 
(define-fun string0 () String  "A_____")
*************************************
Satisfiable: true
string0 => "A_____"
*************************************

$$$$$$$$$$$$$$$$$$$$$$$$$$$$$$$$
Calling Z3str3

Returned solutions: 
(define-fun string0 () String  "A_____B")
*************************************
Satisfiable: true
string0 => "A_____B"
*************************************


====================================================== search constraint
depth limit reached: 13

====================================================== snapshot 
thread java.lang.Thread:{id:0,name:main,status:RUNNING,priority:5,isDaemon:false,lockCount:0,suspendCount:0}
  call stack:
	at securibench.micro.sanitizers.Sanitizers6.clean(Sanitizers6.java:45)
	at securibench.micro.sanitizers.Sanitizers6.doGet(Sanitizers6.java:31)
	at Main.main(Main.java:23)

$$$$$$$$$$$$$$$$$$$$$$$$$$$$$$$$
Calling Z3str3

Returned solutions: 
(define-fun string0 () String  "A____B")
*************************************
Satisfiable: true
string0 => "A____B"
*************************************

$$$$$$$$$$$$$$$$$$$$$$$$$$$$$$$$
Calling Z3str3

Returned solutions: 
(define-fun string0 () String  "A____BC")
*************************************
Satisfiable: true
string0 => "A____BC"
*************************************


====================================================== search constraint
depth limit reached: 13

====================================================== snapshot 
thread java.lang.Thread:{id:0,name:main,status:RUNNING,priority:5,isDaemon:false,lockCount:0,suspendCount:0}
  call stack:
	at securibench.micro.sanitizers.Sanitizers6.clean(Sanitizers6.java:45)
	at securibench.micro.sanitizers.Sanitizers6.doGet(Sanitizers6.java:31)
	at Main.main(Main.java:23)

$$$$$$$$$$$$$$$$$$$$$$$$$$$$$$$$
Calling Z3str3

*************************************
Satisfiable: false
*************************************


====================================================== search constraint
depth limit reached: 13

====================================================== snapshot 
thread java.lang.Thread:{id:0,name:main,status:RUNNING,priority:5,isDaemon:false,lockCount:0,suspendCount:0}
  call stack:
	at mockx.servlet.http.HttpServletResponse.checkNoSymbolic(HttpServletResponse.java:40)
	at mockx.servlet.http.HttpServletResponse.access$000(HttpServletResponse.java:12)
	at mockx.servlet.http.HttpServletResponse$1.println(HttpServletResponse.java:22)
	at securibench.micro.sanitizers.Sanitizers6.doGet(Sanitizers6.java:36)
	at Main.main(Main.java:23)

$$$$$$$$$$$$$$$$$$$$$$$$$$$$$$$$
Calling Z3str3

Returned solutions: 
(define-fun string0 () String  "A____")
*************************************
Satisfiable: true
string0 => "A____"
*************************************


====================================================== search constraint
depth limit reached: 13

====================================================== snapshot 
thread java.lang.Thread:{id:0,name:main,status:RUNNING,priority:5,isDaemon:false,lockCount:0,suspendCount:0}
  call stack:
	at mockx.servlet.http.HttpServletResponse.checkNoSymbolic(HttpServletResponse.java:37)
	at mockx.servlet.http.HttpServletResponse.access$000(HttpServletResponse.java:12)
	at mockx.servlet.http.HttpServletResponse$1.println(HttpServletResponse.java:22)
	at securibench.micro.sanitizers.Sanitizers6.doGet(Sanitizers6.java:36)
	at Main.main(Main.java:23)

$$$$$$$$$$$$$$$$$$$$$$$$$$$$$$$$
Calling Z3str3

Returned solutions: 
(define-fun string0 () String  "A___B")
*************************************
Satisfiable: true
string0 => "A___B"
*************************************

$$$$$$$$$$$$$$$$$$$$$$$$$$$$$$$$
Calling Z3str3

Returned solutions: 
(define-fun string0 () String  "A___BC")
*************************************
Satisfiable: true
string0 => "A___BC"
*************************************

$$$$$$$$$$$$$$$$$$$$$$$$$$$$$$$$
Calling Z3str3

Returned solutions: 
(define-fun string0 () String  "A___BC")
*************************************
Satisfiable: true
string0 => "A___BC"
*************************************

$$$$$$$$$$$$$$$$$$$$$$$$$$$$$$$$
Calling Z3str3

Returned solutions: 
(define-fun string0 () String  "A___B_")
*************************************
Satisfiable: true
string0 => "A___B_"
*************************************

$$$$$$$$$$$$$$$$$$$$$$$$$$$$$$$$
Calling Z3str3

Returned solutions: 
(define-fun string0 () String  "A___B_")
*************************************
Satisfiable: true
string0 => "A___B_"
*************************************

$$$$$$$$$$$$$$$$$$$$$$$$$$$$$$$$
Calling Z3str3

Returned solutions: 
(define-fun string0 () String  "A___B_C")
*************************************
Satisfiable: true
string0 => "A___B_C"
*************************************


====================================================== search constraint
depth limit reached: 13

====================================================== snapshot 
thread java.lang.Thread:{id:0,name:main,status:RUNNING,priority:5,isDaemon:false,lockCount:0,suspendCount:0}
  call stack:
	at securibench.micro.sanitizers.Sanitizers6.clean(Sanitizers6.java:45)
	at securibench.micro.sanitizers.Sanitizers6.doGet(Sanitizers6.java:31)
	at Main.main(Main.java:23)

$$$$$$$$$$$$$$$$$$$$$$$$$$$$$$$$
Calling Z3str3

Returned solutions: 
(define-fun string0 () String  "A___BC")
*************************************
Satisfiable: true
string0 => "A___BC"
*************************************

$$$$$$$$$$$$$$$$$$$$$$$$$$$$$$$$
Calling Z3str3

Returned solutions: 
(define-fun string0 () String  "A___BCD")
*************************************
Satisfiable: true
string0 => "A___BCD"
*************************************


====================================================== search constraint
depth limit reached: 13

====================================================== snapshot 
thread java.lang.Thread:{id:0,name:main,status:RUNNING,priority:5,isDaemon:false,lockCount:0,suspendCount:0}
  call stack:
	at securibench.micro.sanitizers.Sanitizers6.clean(Sanitizers6.java:45)
	at securibench.micro.sanitizers.Sanitizers6.doGet(Sanitizers6.java:31)
	at Main.main(Main.java:23)

$$$$$$$$$$$$$$$$$$$$$$$$$$$$$$$$
Calling Z3str3

*************************************
Satisfiable: false
*************************************


====================================================== search constraint
depth limit reached: 13

====================================================== snapshot 
thread java.lang.Thread:{id:0,name:main,status:RUNNING,priority:5,isDaemon:false,lockCount:0,suspendCount:0}
  call stack:
	at mockx.servlet.http.HttpServletResponse.checkNoSymbolic(HttpServletResponse.java:40)
	at mockx.servlet.http.HttpServletResponse.access$000(HttpServletResponse.java:12)
	at mockx.servlet.http.HttpServletResponse$1.println(HttpServletResponse.java:22)
	at securibench.micro.sanitizers.Sanitizers6.doGet(Sanitizers6.java:36)
	at Main.main(Main.java:23)

$$$$$$$$$$$$$$$$$$$$$$$$$$$$$$$$
Calling Z3str3

Returned solutions: 
(define-fun string0 () String  "A___B")
*************************************
Satisfiable: true
string0 => "A___B"
*************************************


====================================================== search constraint
depth limit reached: 13

====================================================== snapshot 
thread java.lang.Thread:{id:0,name:main,status:RUNNING,priority:5,isDaemon:false,lockCount:0,suspendCount:0}
  call stack:
	at mockx.servlet.http.HttpServletResponse.checkNoSymbolic(HttpServletResponse.java:37)
	at mockx.servlet.http.HttpServletResponse.access$000(HttpServletResponse.java:12)
	at mockx.servlet.http.HttpServletResponse$1.println(HttpServletResponse.java:22)
	at securibench.micro.sanitizers.Sanitizers6.doGet(Sanitizers6.java:36)
	at Main.main(Main.java:23)

$$$$$$$$$$$$$$$$$$$$$$$$$$$$$$$$
Calling Z3str3

*************************************
Satisfiable: false
*************************************

$$$$$$$$$$$$$$$$$$$$$$$$$$$$$$$$
Calling Z3str3

Returned solutions: 
(define-fun string0 () String  "A___")
*************************************
Satisfiable: true
string0 => "A___"
*************************************

$$$$$$$$$$$$$$$$$$$$$$$$$$$$$$$$
Calling Z3str3

Returned solutions: 
(define-fun string0 () String  "A___")
*************************************
Satisfiable: true
string0 => "A___"
*************************************

$$$$$$$$$$$$$$$$$$$$$$$$$$$$$$$$
Calling Z3str3

*************************************
Satisfiable: false
*************************************

$$$$$$$$$$$$$$$$$$$$$$$$$$$$$$$$
Calling Z3str3

Returned solutions: 
(define-fun string0 () String  "A__B")
*************************************
Satisfiable: true
string0 => "A__B"
*************************************

$$$$$$$$$$$$$$$$$$$$$$$$$$$$$$$$
Calling Z3str3

Returned solutions: 
(define-fun string0 () String  "A__BCD")
*************************************
Satisfiable: true
string0 => "A__BCD"
*************************************

$$$$$$$$$$$$$$$$$$$$$$$$$$$$$$$$
Calling Z3str3

Returned solutions: 
(define-fun string0 () String  "A__BC")
*************************************
Satisfiable: true
string0 => "A__BC"
*************************************

$$$$$$$$$$$$$$$$$$$$$$$$$$$$$$$$
Calling Z3str3

Returned solutions: 
(define-fun string0 () String  "A__B_")
*************************************
Satisfiable: true
string0 => "A__B_"
*************************************

$$$$$$$$$$$$$$$$$$$$$$$$$$$$$$$$
Calling Z3str3

Returned solutions: 
(define-fun string0 () String  "A__B_")
*************************************
Satisfiable: true
string0 => "A__B_"
*************************************

$$$$$$$$$$$$$$$$$$$$$$$$$$$$$$$$
Calling Z3str3

Returned solutions: 
(define-fun string0 () String  "A__B_C")
*************************************
Satisfiable: true
string0 => "A__B_C"
*************************************

$$$$$$$$$$$$$$$$$$$$$$$$$$$$$$$$
Calling Z3str3

Returned solutions: 
(define-fun string0 () String  "A__B_C")
*************************************
Satisfiable: true
string0 => "A__B_C"
*************************************

$$$$$$$$$$$$$$$$$$$$$$$$$$$$$$$$
Calling Z3str3

Returned solutions: 
(define-fun string0 () String  "A__B__")
*************************************
Satisfiable: true
string0 => "A__B__"
*************************************

$$$$$$$$$$$$$$$$$$$$$$$$$$$$$$$$
Calling Z3str3

Returned solutions: 
(define-fun string0 () String  "A__B__")
*************************************
Satisfiable: true
string0 => "A__B__"
*************************************

$$$$$$$$$$$$$$$$$$$$$$$$$$$$$$$$
Calling Z3str3

Returned solutions: 
(define-fun string0 () String  "A__B__C")
*************************************
Satisfiable: true
string0 => "A__B__C"
*************************************


====================================================== search constraint
depth limit reached: 13

====================================================== snapshot 
thread java.lang.Thread:{id:0,name:main,status:RUNNING,priority:5,isDaemon:false,lockCount:0,suspendCount:0}
  call stack:
	at securibench.micro.sanitizers.Sanitizers6.clean(Sanitizers6.java:45)
	at securibench.micro.sanitizers.Sanitizers6.doGet(Sanitizers6.java:31)
	at Main.main(Main.java:23)

$$$$$$$$$$$$$$$$$$$$$$$$$$$$$$$$
Calling Z3str3

Returned solutions: 
(define-fun string0 () String  "A__B_C")
*************************************
Satisfiable: true
string0 => "A__B_C"
*************************************

$$$$$$$$$$$$$$$$$$$$$$$$$$$$$$$$
Calling Z3str3

Returned solutions: 
(define-fun string0 () String  "A__B_CD")
*************************************
Satisfiable: true
string0 => "A__B_CD"
*************************************


====================================================== search constraint
depth limit reached: 13

====================================================== snapshot 
thread java.lang.Thread:{id:0,name:main,status:RUNNING,priority:5,isDaemon:false,lockCount:0,suspendCount:0}
  call stack:
	at securibench.micro.sanitizers.Sanitizers6.clean(Sanitizers6.java:45)
	at securibench.micro.sanitizers.Sanitizers6.doGet(Sanitizers6.java:31)
	at Main.main(Main.java:23)

$$$$$$$$$$$$$$$$$$$$$$$$$$$$$$$$
Calling Z3str3

*************************************
Satisfiable: false
*************************************


====================================================== search constraint
depth limit reached: 13

====================================================== snapshot 
thread java.lang.Thread:{id:0,name:main,status:RUNNING,priority:5,isDaemon:false,lockCount:0,suspendCount:0}
  call stack:
	at mockx.servlet.http.HttpServletResponse.checkNoSymbolic(HttpServletResponse.java:40)
	at mockx.servlet.http.HttpServletResponse.access$000(HttpServletResponse.java:12)
	at mockx.servlet.http.HttpServletResponse$1.println(HttpServletResponse.java:22)
	at securibench.micro.sanitizers.Sanitizers6.doGet(Sanitizers6.java:36)
	at Main.main(Main.java:23)

$$$$$$$$$$$$$$$$$$$$$$$$$$$$$$$$
Calling Z3str3

Returned solutions: 
(define-fun string0 () String  "A__B_")
*************************************
Satisfiable: true
string0 => "A__B_"
*************************************


====================================================== search constraint
depth limit reached: 13

====================================================== snapshot 
thread java.lang.Thread:{id:0,name:main,status:RUNNING,priority:5,isDaemon:false,lockCount:0,suspendCount:0}
  call stack:
	at mockx.servlet.http.HttpServletResponse.checkNoSymbolic(HttpServletResponse.java:37)
	at mockx.servlet.http.HttpServletResponse.access$000(HttpServletResponse.java:12)
	at mockx.servlet.http.HttpServletResponse$1.println(HttpServletResponse.java:22)
	at securibench.micro.sanitizers.Sanitizers6.doGet(Sanitizers6.java:36)
	at Main.main(Main.java:23)

$$$$$$$$$$$$$$$$$$$$$$$$$$$$$$$$
Calling Z3str3

Returned solutions: 
(define-fun string0 () String  "A__BC")
*************************************
Satisfiable: true
string0 => "A__BC"
*************************************

$$$$$$$$$$$$$$$$$$$$$$$$$$$$$$$$
Calling Z3str3

Returned solutions: 
(define-fun string0 () String  "A__BCD")
*************************************
Satisfiable: true
string0 => "A__BCD"
*************************************

$$$$$$$$$$$$$$$$$$$$$$$$$$$$$$$$
Calling Z3str3

Returned solutions: 
(define-fun string0 () String  "A__BCD")
*************************************
Satisfiable: true
string0 => "A__BCD"
*************************************

$$$$$$$$$$$$$$$$$$$$$$$$$$$$$$$$
Calling Z3str3

Returned solutions: 
(define-fun string0 () String  "A__BC_")
*************************************
Satisfiable: true
string0 => "A__BC_"
*************************************

$$$$$$$$$$$$$$$$$$$$$$$$$$$$$$$$
Calling Z3str3

Returned solutions: 
(define-fun string0 () String  "A__BC_")
*************************************
Satisfiable: true
string0 => "A__BC_"
*************************************

$$$$$$$$$$$$$$$$$$$$$$$$$$$$$$$$
Calling Z3str3

Returned solutions: 
(define-fun string0 () String  "A__BC_D")
*************************************
Satisfiable: true
string0 => "A__BC_D"
*************************************


====================================================== search constraint
depth limit reached: 13

====================================================== snapshot 
thread java.lang.Thread:{id:0,name:main,status:RUNNING,priority:5,isDaemon:false,lockCount:0,suspendCount:0}
  call stack:
	at securibench.micro.sanitizers.Sanitizers6.clean(Sanitizers6.java:45)
	at securibench.micro.sanitizers.Sanitizers6.doGet(Sanitizers6.java:31)
	at Main.main(Main.java:23)

$$$$$$$$$$$$$$$$$$$$$$$$$$$$$$$$
Calling Z3str3

Returned solutions: 
(define-fun string0 () String  "A__BCD")
*************************************
Satisfiable: true
string0 => "A__BCD"
*************************************

$$$$$$$$$$$$$$$$$$$$$$$$$$$$$$$$
Calling Z3str3

Returned solutions: 
(define-fun string0 () String  "A__BCDE")
*************************************
Satisfiable: true
string0 => "A__BCDE"
*************************************


====================================================== search constraint
depth limit reached: 13

====================================================== snapshot 
thread java.lang.Thread:{id:0,name:main,status:RUNNING,priority:5,isDaemon:false,lockCount:0,suspendCount:0}
  call stack:
	at securibench.micro.sanitizers.Sanitizers6.clean(Sanitizers6.java:45)
	at securibench.micro.sanitizers.Sanitizers6.doGet(Sanitizers6.java:31)
	at Main.main(Main.java:23)

$$$$$$$$$$$$$$$$$$$$$$$$$$$$$$$$
Calling Z3str3

*************************************
Satisfiable: false
*************************************


====================================================== search constraint
depth limit reached: 13

====================================================== snapshot 
thread java.lang.Thread:{id:0,name:main,status:RUNNING,priority:5,isDaemon:false,lockCount:0,suspendCount:0}
  call stack:
	at mockx.servlet.http.HttpServletResponse.checkNoSymbolic(HttpServletResponse.java:40)
	at mockx.servlet.http.HttpServletResponse.access$000(HttpServletResponse.java:12)
	at mockx.servlet.http.HttpServletResponse$1.println(HttpServletResponse.java:22)
	at securibench.micro.sanitizers.Sanitizers6.doGet(Sanitizers6.java:36)
	at Main.main(Main.java:23)

$$$$$$$$$$$$$$$$$$$$$$$$$$$$$$$$
Calling Z3str3

Returned solutions: 
(define-fun string0 () String  "A__BC")
*************************************
Satisfiable: true
string0 => "A__BC"
*************************************


====================================================== search constraint
depth limit reached: 13

====================================================== snapshot 
thread java.lang.Thread:{id:0,name:main,status:RUNNING,priority:5,isDaemon:false,lockCount:0,suspendCount:0}
  call stack:
	at mockx.servlet.http.HttpServletResponse.checkNoSymbolic(HttpServletResponse.java:37)
	at mockx.servlet.http.HttpServletResponse.access$000(HttpServletResponse.java:12)
	at mockx.servlet.http.HttpServletResponse$1.println(HttpServletResponse.java:22)
	at securibench.micro.sanitizers.Sanitizers6.doGet(Sanitizers6.java:36)
	at Main.main(Main.java:23)

$$$$$$$$$$$$$$$$$$$$$$$$$$$$$$$$
Calling Z3str3

*************************************
Satisfiable: false
*************************************

$$$$$$$$$$$$$$$$$$$$$$$$$$$$$$$$
Calling Z3str3

Returned solutions: 
(define-fun string0 () String  "A__B")
*************************************
Satisfiable: true
string0 => "A__B"
*************************************

$$$$$$$$$$$$$$$$$$$$$$$$$$$$$$$$
Calling Z3str3

Returned solutions: 
(define-fun string0 () String  "A__B")
*************************************
Satisfiable: true
string0 => "A__B"
*************************************

$$$$$$$$$$$$$$$$$$$$$$$$$$$$$$$$
Calling Z3str3

*************************************
Satisfiable: false
*************************************

$$$$$$$$$$$$$$$$$$$$$$$$$$$$$$$$
Calling Z3str3

*************************************
Satisfiable: false
*************************************

$$$$$$$$$$$$$$$$$$$$$$$$$$$$$$$$
Calling Z3str3

Returned solutions: 
(define-fun string0 () String  "A__")
*************************************
Satisfiable: true
string0 => "A__"
*************************************

$$$$$$$$$$$$$$$$$$$$$$$$$$$$$$$$
Calling Z3str3

Returned solutions: 
(define-fun string0 () String  "A__")
*************************************
Satisfiable: true
string0 => "A__"
*************************************

$$$$$$$$$$$$$$$$$$$$$$$$$$$$$$$$
Calling Z3str3

*************************************
Satisfiable: false
*************************************

$$$$$$$$$$$$$$$$$$$$$$$$$$$$$$$$
Calling Z3str3

Returned solutions: 
(define-fun string0 () String  "A_B")
*************************************
Satisfiable: true
string0 => "A_B"
*************************************

$$$$$$$$$$$$$$$$$$$$$$$$$$$$$$$$
Calling Z3str3

Returned solutions: 
(define-fun string0 () String  "A_BC")
*************************************
Satisfiable: true
string0 => "A_BC"
*************************************

$$$$$$$$$$$$$$$$$$$$$$$$$$$$$$$$
Calling Z3str3

Returned solutions: 
(define-fun string0 () String  "A_BC")
*************************************
Satisfiable: true
string0 => "A_BC"
*************************************

$$$$$$$$$$$$$$$$$$$$$$$$$$$$$$$$
Calling Z3str3

Returned solutions: 
(define-fun string0 () String  "A_B_")
*************************************
Satisfiable: true
string0 => "A_B_"
*************************************

$$$$$$$$$$$$$$$$$$$$$$$$$$$$$$$$
Calling Z3str3

Returned solutions: 
(define-fun string0 () String  "A_B_")
*************************************
Satisfiable: true
string0 => "A_B_"
*************************************

$$$$$$$$$$$$$$$$$$$$$$$$$$$$$$$$
Calling Z3str3

Returned solutions: 
(define-fun string0 () String  "A_B_CD")
*************************************
Satisfiable: true
string0 => "A_B_CD"
*************************************

$$$$$$$$$$$$$$$$$$$$$$$$$$$$$$$$
Calling Z3str3

Returned solutions: 
(define-fun string0 () String  "A_B_C")
*************************************
Satisfiable: true
string0 => "A_B_C"
*************************************

$$$$$$$$$$$$$$$$$$$$$$$$$$$$$$$$
Calling Z3str3

Returned solutions: 
(define-fun string0 () String  "A_B__")
*************************************
Satisfiable: true
string0 => "A_B__"
*************************************

$$$$$$$$$$$$$$$$$$$$$$$$$$$$$$$$
Calling Z3str3

Returned solutions: 
(define-fun string0 () String  "A_B__")
*************************************
Satisfiable: true
string0 => "A_B__"
*************************************

$$$$$$$$$$$$$$$$$$$$$$$$$$$$$$$$
Calling Z3str3

Returned solutions: 
(define-fun string0 () String  "A_B__C")
*************************************
Satisfiable: true
string0 => "A_B__C"
*************************************

$$$$$$$$$$$$$$$$$$$$$$$$$$$$$$$$
Calling Z3str3

Returned solutions: 
(define-fun string0 () String  "A_B__C")
*************************************
Satisfiable: true
string0 => "A_B__C"
*************************************

$$$$$$$$$$$$$$$$$$$$$$$$$$$$$$$$
Calling Z3str3

Returned solutions: 
(define-fun string0 () String  "A_B___")
*************************************
Satisfiable: true
string0 => "A_B___"
*************************************

$$$$$$$$$$$$$$$$$$$$$$$$$$$$$$$$
Calling Z3str3

Returned solutions: 
(define-fun string0 () String  "A_B___")
*************************************
Satisfiable: true
string0 => "A_B___"
*************************************

$$$$$$$$$$$$$$$$$$$$$$$$$$$$$$$$
Calling Z3str3

Returned solutions: 
(define-fun string0 () String  "A_B___C")
*************************************
Satisfiable: true
string0 => "A_B___C"
*************************************


====================================================== search constraint
depth limit reached: 13

====================================================== snapshot 
thread java.lang.Thread:{id:0,name:main,status:RUNNING,priority:5,isDaemon:false,lockCount:0,suspendCount:0}
  call stack:
	at securibench.micro.sanitizers.Sanitizers6.clean(Sanitizers6.java:45)
	at securibench.micro.sanitizers.Sanitizers6.doGet(Sanitizers6.java:31)
	at Main.main(Main.java:23)

$$$$$$$$$$$$$$$$$$$$$$$$$$$$$$$$
Calling Z3str3

Returned solutions: 
(define-fun string0 () String  "A_B__C")
*************************************
Satisfiable: true
string0 => "A_B__C"
*************************************

$$$$$$$$$$$$$$$$$$$$$$$$$$$$$$$$
Calling Z3str3

Returned solutions: 
(define-fun string0 () String  "A_B__CD")
*************************************
Satisfiable: true
string0 => "A_B__CD"
*************************************


====================================================== search constraint
depth limit reached: 13

====================================================== snapshot 
thread java.lang.Thread:{id:0,name:main,status:RUNNING,priority:5,isDaemon:false,lockCount:0,suspendCount:0}
  call stack:
	at securibench.micro.sanitizers.Sanitizers6.clean(Sanitizers6.java:45)
	at securibench.micro.sanitizers.Sanitizers6.doGet(Sanitizers6.java:31)
	at Main.main(Main.java:23)

$$$$$$$$$$$$$$$$$$$$$$$$$$$$$$$$
Calling Z3str3

*************************************
Satisfiable: false
*************************************


====================================================== search constraint
depth limit reached: 13

====================================================== snapshot 
thread java.lang.Thread:{id:0,name:main,status:RUNNING,priority:5,isDaemon:false,lockCount:0,suspendCount:0}
  call stack:
	at mockx.servlet.http.HttpServletResponse.checkNoSymbolic(HttpServletResponse.java:40)
	at mockx.servlet.http.HttpServletResponse.access$000(HttpServletResponse.java:12)
	at mockx.servlet.http.HttpServletResponse$1.println(HttpServletResponse.java:22)
	at securibench.micro.sanitizers.Sanitizers6.doGet(Sanitizers6.java:36)
	at Main.main(Main.java:23)

$$$$$$$$$$$$$$$$$$$$$$$$$$$$$$$$
Calling Z3str3

Returned solutions: 
(define-fun string0 () String  "A_B__")
*************************************
Satisfiable: true
string0 => "A_B__"
*************************************


====================================================== search constraint
depth limit reached: 13

====================================================== snapshot 
thread java.lang.Thread:{id:0,name:main,status:RUNNING,priority:5,isDaemon:false,lockCount:0,suspendCount:0}
  call stack:
	at mockx.servlet.http.HttpServletResponse.checkNoSymbolic(HttpServletResponse.java:37)
	at mockx.servlet.http.HttpServletResponse.access$000(HttpServletResponse.java:12)
	at mockx.servlet.http.HttpServletResponse$1.println(HttpServletResponse.java:22)
	at securibench.micro.sanitizers.Sanitizers6.doGet(Sanitizers6.java:36)
	at Main.main(Main.java:23)

$$$$$$$$$$$$$$$$$$$$$$$$$$$$$$$$
Calling Z3str3

Returned solutions: 
(define-fun string0 () String  "A_B_C")
*************************************
Satisfiable: true
string0 => "A_B_C"
*************************************

$$$$$$$$$$$$$$$$$$$$$$$$$$$$$$$$
Calling Z3str3

Returned solutions: 
(define-fun string0 () String  "A_B_CD")
*************************************
Satisfiable: true
string0 => "A_B_CD"
*************************************

$$$$$$$$$$$$$$$$$$$$$$$$$$$$$$$$
Calling Z3str3

Returned solutions: 
(define-fun string0 () String  "A_B_CD")
*************************************
Satisfiable: true
string0 => "A_B_CD"
*************************************

$$$$$$$$$$$$$$$$$$$$$$$$$$$$$$$$
Calling Z3str3

Returned solutions: 
(define-fun string0 () String  "A_B_C_")
*************************************
Satisfiable: true
string0 => "A_B_C_"
*************************************

$$$$$$$$$$$$$$$$$$$$$$$$$$$$$$$$
Calling Z3str3

Returned solutions: 
(define-fun string0 () String  "A_B_C_")
*************************************
Satisfiable: true
string0 => "A_B_C_"
*************************************

$$$$$$$$$$$$$$$$$$$$$$$$$$$$$$$$
Calling Z3str3

Returned solutions: 
(define-fun string0 () String  "A_B_C_D")
*************************************
Satisfiable: true
string0 => "A_B_C_D"
*************************************


====================================================== search constraint
depth limit reached: 13

====================================================== snapshot 
thread java.lang.Thread:{id:0,name:main,status:RUNNING,priority:5,isDaemon:false,lockCount:0,suspendCount:0}
  call stack:
	at securibench.micro.sanitizers.Sanitizers6.clean(Sanitizers6.java:45)
	at securibench.micro.sanitizers.Sanitizers6.doGet(Sanitizers6.java:31)
	at Main.main(Main.java:23)

$$$$$$$$$$$$$$$$$$$$$$$$$$$$$$$$
Calling Z3str3

Returned solutions: 
(define-fun string0 () String  "A_B_CD")
*************************************
Satisfiable: true
string0 => "A_B_CD"
*************************************

$$$$$$$$$$$$$$$$$$$$$$$$$$$$$$$$
Calling Z3str3

Returned solutions: 
(define-fun string0 () String  "A_B_CDE")
*************************************
Satisfiable: true
string0 => "A_B_CDE"
*************************************


====================================================== search constraint
depth limit reached: 13

====================================================== snapshot 
thread java.lang.Thread:{id:0,name:main,status:RUNNING,priority:5,isDaemon:false,lockCount:0,suspendCount:0}
  call stack:
	at securibench.micro.sanitizers.Sanitizers6.clean(Sanitizers6.java:45)
	at securibench.micro.sanitizers.Sanitizers6.doGet(Sanitizers6.java:31)
	at Main.main(Main.java:23)

$$$$$$$$$$$$$$$$$$$$$$$$$$$$$$$$
Calling Z3str3

*************************************
Satisfiable: false
*************************************


====================================================== search constraint
depth limit reached: 13

====================================================== snapshot 
thread java.lang.Thread:{id:0,name:main,status:RUNNING,priority:5,isDaemon:false,lockCount:0,suspendCount:0}
  call stack:
	at mockx.servlet.http.HttpServletResponse.checkNoSymbolic(HttpServletResponse.java:40)
	at mockx.servlet.http.HttpServletResponse.access$000(HttpServletResponse.java:12)
	at mockx.servlet.http.HttpServletResponse$1.println(HttpServletResponse.java:22)
	at securibench.micro.sanitizers.Sanitizers6.doGet(Sanitizers6.java:36)
	at Main.main(Main.java:23)

$$$$$$$$$$$$$$$$$$$$$$$$$$$$$$$$
Calling Z3str3

Returned solutions: 
(define-fun string0 () String  "A_B_C")
*************************************
Satisfiable: true
string0 => "A_B_C"
*************************************


====================================================== search constraint
depth limit reached: 13

====================================================== snapshot 
thread java.lang.Thread:{id:0,name:main,status:RUNNING,priority:5,isDaemon:false,lockCount:0,suspendCount:0}
  call stack:
	at mockx.servlet.http.HttpServletResponse.checkNoSymbolic(HttpServletResponse.java:37)
	at mockx.servlet.http.HttpServletResponse.access$000(HttpServletResponse.java:12)
	at mockx.servlet.http.HttpServletResponse$1.println(HttpServletResponse.java:22)
	at securibench.micro.sanitizers.Sanitizers6.doGet(Sanitizers6.java:36)
	at Main.main(Main.java:23)

$$$$$$$$$$$$$$$$$$$$$$$$$$$$$$$$
Calling Z3str3

*************************************
Satisfiable: false
*************************************

$$$$$$$$$$$$$$$$$$$$$$$$$$$$$$$$
Calling Z3str3

Returned solutions: 
(define-fun string0 () String  "A_B_")
*************************************
Satisfiable: true
string0 => "A_B_"
*************************************

$$$$$$$$$$$$$$$$$$$$$$$$$$$$$$$$
Calling Z3str3

Returned solutions: 
(define-fun string0 () String  "A_B_")
*************************************
Satisfiable: true
string0 => "A_B_"
*************************************

$$$$$$$$$$$$$$$$$$$$$$$$$$$$$$$$
Calling Z3str3

*************************************
Satisfiable: false
*************************************

$$$$$$$$$$$$$$$$$$$$$$$$$$$$$$$$
Calling Z3str3

Returned solutions: 
(define-fun string0 () String  "A_BC")
*************************************
Satisfiable: true
string0 => "A_BC"
*************************************

$$$$$$$$$$$$$$$$$$$$$$$$$$$$$$$$
Calling Z3str3

Returned solutions: 
(define-fun string0 () String  "A_BCDE")
*************************************
Satisfiable: true
string0 => "A_BCDE"
*************************************

$$$$$$$$$$$$$$$$$$$$$$$$$$$$$$$$
Calling Z3str3

Returned solutions: 
(define-fun string0 () String  "A_BCD")
*************************************
Satisfiable: true
string0 => "A_BCD"
*************************************

$$$$$$$$$$$$$$$$$$$$$$$$$$$$$$$$
Calling Z3str3

Returned solutions: 
(define-fun string0 () String  "A_BC_")
*************************************
Satisfiable: true
string0 => "A_BC_"
*************************************

$$$$$$$$$$$$$$$$$$$$$$$$$$$$$$$$
Calling Z3str3

Returned solutions: 
(define-fun string0 () String  "A_BC_")
*************************************
Satisfiable: true
string0 => "A_BC_"
*************************************

$$$$$$$$$$$$$$$$$$$$$$$$$$$$$$$$
Calling Z3str3

Returned solutions: 
(define-fun string0 () String  "A_BC_D")
*************************************
Satisfiable: true
string0 => "A_BC_D"
*************************************

$$$$$$$$$$$$$$$$$$$$$$$$$$$$$$$$
Calling Z3str3

Returned solutions: 
(define-fun string0 () String  "A_BC_D")
*************************************
Satisfiable: true
string0 => "A_BC_D"
*************************************

$$$$$$$$$$$$$$$$$$$$$$$$$$$$$$$$
Calling Z3str3

Returned solutions: 
(define-fun string0 () String  "A_BC__")
*************************************
Satisfiable: true
string0 => "A_BC__"
*************************************

$$$$$$$$$$$$$$$$$$$$$$$$$$$$$$$$
Calling Z3str3

Returned solutions: 
(define-fun string0 () String  "A_BC__")
*************************************
Satisfiable: true
string0 => "A_BC__"
*************************************

$$$$$$$$$$$$$$$$$$$$$$$$$$$$$$$$
Calling Z3str3

Returned solutions: 
(define-fun string0 () String  "A_BC__D")
*************************************
Satisfiable: true
string0 => "A_BC__D"
*************************************


====================================================== search constraint
depth limit reached: 13

====================================================== snapshot 
thread java.lang.Thread:{id:0,name:main,status:RUNNING,priority:5,isDaemon:false,lockCount:0,suspendCount:0}
  call stack:
	at securibench.micro.sanitizers.Sanitizers6.clean(Sanitizers6.java:45)
	at securibench.micro.sanitizers.Sanitizers6.doGet(Sanitizers6.java:31)
	at Main.main(Main.java:23)

$$$$$$$$$$$$$$$$$$$$$$$$$$$$$$$$
Calling Z3str3

Returned solutions: 
(define-fun string0 () String  "A_BC_D")
*************************************
Satisfiable: true
string0 => "A_BC_D"
*************************************

$$$$$$$$$$$$$$$$$$$$$$$$$$$$$$$$
Calling Z3str3

Returned solutions: 
(define-fun string0 () String  "A_BC_DE")
*************************************
Satisfiable: true
string0 => "A_BC_DE"
*************************************


====================================================== search constraint
depth limit reached: 13

====================================================== snapshot 
thread java.lang.Thread:{id:0,name:main,status:RUNNING,priority:5,isDaemon:false,lockCount:0,suspendCount:0}
  call stack:
	at securibench.micro.sanitizers.Sanitizers6.clean(Sanitizers6.java:45)
	at securibench.micro.sanitizers.Sanitizers6.doGet(Sanitizers6.java:31)
	at Main.main(Main.java:23)

$$$$$$$$$$$$$$$$$$$$$$$$$$$$$$$$
Calling Z3str3

*************************************
Satisfiable: false
*************************************


====================================================== search constraint
depth limit reached: 13

====================================================== snapshot 
thread java.lang.Thread:{id:0,name:main,status:RUNNING,priority:5,isDaemon:false,lockCount:0,suspendCount:0}
  call stack:
	at mockx.servlet.http.HttpServletResponse.checkNoSymbolic(HttpServletResponse.java:40)
	at mockx.servlet.http.HttpServletResponse.access$000(HttpServletResponse.java:12)
	at mockx.servlet.http.HttpServletResponse$1.println(HttpServletResponse.java:22)
	at securibench.micro.sanitizers.Sanitizers6.doGet(Sanitizers6.java:36)
	at Main.main(Main.java:23)

$$$$$$$$$$$$$$$$$$$$$$$$$$$$$$$$
Calling Z3str3

Returned solutions: 
(define-fun string0 () String  "A_BC_")
*************************************
Satisfiable: true
string0 => "A_BC_"
*************************************


====================================================== search constraint
depth limit reached: 13

====================================================== snapshot 
thread java.lang.Thread:{id:0,name:main,status:RUNNING,priority:5,isDaemon:false,lockCount:0,suspendCount:0}
  call stack:
	at mockx.servlet.http.HttpServletResponse.checkNoSymbolic(HttpServletResponse.java:37)
	at mockx.servlet.http.HttpServletResponse.access$000(HttpServletResponse.java:12)
	at mockx.servlet.http.HttpServletResponse$1.println(HttpServletResponse.java:22)
	at securibench.micro.sanitizers.Sanitizers6.doGet(Sanitizers6.java:36)
	at Main.main(Main.java:23)

$$$$$$$$$$$$$$$$$$$$$$$$$$$$$$$$
Calling Z3str3

Returned solutions: 
(define-fun string0 () String  "A_BCD")
*************************************
Satisfiable: true
string0 => "A_BCD"
*************************************

$$$$$$$$$$$$$$$$$$$$$$$$$$$$$$$$
Calling Z3str3

Returned solutions: 
(define-fun string0 () String  "A_BCDE")
*************************************
Satisfiable: true
string0 => "A_BCDE"
*************************************

$$$$$$$$$$$$$$$$$$$$$$$$$$$$$$$$
Calling Z3str3

Returned solutions: 
(define-fun string0 () String  "A_BCDE")
*************************************
Satisfiable: true
string0 => "A_BCDE"
*************************************

$$$$$$$$$$$$$$$$$$$$$$$$$$$$$$$$
Calling Z3str3

Returned solutions: 
(define-fun string0 () String  "A_BCD_")
*************************************
Satisfiable: true
string0 => "A_BCD_"
*************************************

$$$$$$$$$$$$$$$$$$$$$$$$$$$$$$$$
Calling Z3str3

Returned solutions: 
(define-fun string0 () String  "A_BCD_")
*************************************
Satisfiable: true
string0 => "A_BCD_"
*************************************

$$$$$$$$$$$$$$$$$$$$$$$$$$$$$$$$
Calling Z3str3

Returned solutions: 
(define-fun string0 () String  "A_BCD_E")
*************************************
Satisfiable: true
string0 => "A_BCD_E"
*************************************


====================================================== search constraint
depth limit reached: 13

====================================================== snapshot 
thread java.lang.Thread:{id:0,name:main,status:RUNNING,priority:5,isDaemon:false,lockCount:0,suspendCount:0}
  call stack:
	at securibench.micro.sanitizers.Sanitizers6.clean(Sanitizers6.java:45)
	at securibench.micro.sanitizers.Sanitizers6.doGet(Sanitizers6.java:31)
	at Main.main(Main.java:23)

$$$$$$$$$$$$$$$$$$$$$$$$$$$$$$$$
Calling Z3str3

Returned solutions: 
(define-fun string0 () String  "A_BCDE")
*************************************
Satisfiable: true
string0 => "A_BCDE"
*************************************

$$$$$$$$$$$$$$$$$$$$$$$$$$$$$$$$
Calling Z3str3

Returned solutions: 
(define-fun string0 () String  "A_BCDEF")
*************************************
Satisfiable: true
string0 => "A_BCDEF"
*************************************


====================================================== search constraint
depth limit reached: 13

====================================================== snapshot 
thread java.lang.Thread:{id:0,name:main,status:RUNNING,priority:5,isDaemon:false,lockCount:0,suspendCount:0}
  call stack:
	at securibench.micro.sanitizers.Sanitizers6.clean(Sanitizers6.java:45)
	at securibench.micro.sanitizers.Sanitizers6.doGet(Sanitizers6.java:31)
	at Main.main(Main.java:23)

$$$$$$$$$$$$$$$$$$$$$$$$$$$$$$$$
Calling Z3str3

*************************************
Satisfiable: false
*************************************


====================================================== search constraint
depth limit reached: 13

====================================================== snapshot 
thread java.lang.Thread:{id:0,name:main,status:RUNNING,priority:5,isDaemon:false,lockCount:0,suspendCount:0}
  call stack:
	at mockx.servlet.http.HttpServletResponse.checkNoSymbolic(HttpServletResponse.java:40)
	at mockx.servlet.http.HttpServletResponse.access$000(HttpServletResponse.java:12)
	at mockx.servlet.http.HttpServletResponse$1.println(HttpServletResponse.java:22)
	at securibench.micro.sanitizers.Sanitizers6.doGet(Sanitizers6.java:36)
	at Main.main(Main.java:23)

$$$$$$$$$$$$$$$$$$$$$$$$$$$$$$$$
Calling Z3str3

Returned solutions: 
(define-fun string0 () String  "A_BCD")
*************************************
Satisfiable: true
string0 => "A_BCD"
*************************************


====================================================== search constraint
depth limit reached: 13

====================================================== snapshot 
thread java.lang.Thread:{id:0,name:main,status:RUNNING,priority:5,isDaemon:false,lockCount:0,suspendCount:0}
  call stack:
	at mockx.servlet.http.HttpServletResponse.checkNoSymbolic(HttpServletResponse.java:37)
	at mockx.servlet.http.HttpServletResponse.access$000(HttpServletResponse.java:12)
	at mockx.servlet.http.HttpServletResponse$1.println(HttpServletResponse.java:22)
	at securibench.micro.sanitizers.Sanitizers6.doGet(Sanitizers6.java:36)
	at Main.main(Main.java:23)

$$$$$$$$$$$$$$$$$$$$$$$$$$$$$$$$
Calling Z3str3

*************************************
Satisfiable: false
*************************************

$$$$$$$$$$$$$$$$$$$$$$$$$$$$$$$$
Calling Z3str3

Returned solutions: 
(define-fun string0 () String  "A_BC")
*************************************
Satisfiable: true
string0 => "A_BC"
*************************************

$$$$$$$$$$$$$$$$$$$$$$$$$$$$$$$$
Calling Z3str3

Returned solutions: 
(define-fun string0 () String  "A_BC")
*************************************
Satisfiable: true
string0 => "A_BC"
*************************************

$$$$$$$$$$$$$$$$$$$$$$$$$$$$$$$$
Calling Z3str3

*************************************
Satisfiable: false
*************************************

$$$$$$$$$$$$$$$$$$$$$$$$$$$$$$$$
Calling Z3str3

*************************************
Satisfiable: false
*************************************

$$$$$$$$$$$$$$$$$$$$$$$$$$$$$$$$
Calling Z3str3

Returned solutions: 
(define-fun string0 () String  "A_B")
*************************************
Satisfiable: true
string0 => "A_B"
*************************************

$$$$$$$$$$$$$$$$$$$$$$$$$$$$$$$$
Calling Z3str3

Returned solutions: 
(define-fun string0 () String  "A_B")
*************************************
Satisfiable: true
string0 => "A_B"
*************************************

$$$$$$$$$$$$$$$$$$$$$$$$$$$$$$$$
Calling Z3str3

*************************************
Satisfiable: false
*************************************

$$$$$$$$$$$$$$$$$$$$$$$$$$$$$$$$
Calling Z3str3

*************************************
Satisfiable: false
*************************************

$$$$$$$$$$$$$$$$$$$$$$$$$$$$$$$$
Calling Z3str3

Returned solutions: 
(define-fun string0 () String  "A_")
*************************************
Satisfiable: true
string0 => "A_"
*************************************

$$$$$$$$$$$$$$$$$$$$$$$$$$$$$$$$
Calling Z3str3

Returned solutions: 
(define-fun string0 () String  "A_")
*************************************
Satisfiable: true
string0 => "A_"
*************************************

$$$$$$$$$$$$$$$$$$$$$$$$$$$$$$$$
Calling Z3str3

*************************************
Satisfiable: false
*************************************

$$$$$$$$$$$$$$$$$$$$$$$$$$$$$$$$
Calling Z3str3

Returned solutions: 
(define-fun string0 () String  "AB")
*************************************
Satisfiable: true
string0 => "AB"
*************************************

$$$$$$$$$$$$$$$$$$$$$$$$$$$$$$$$
Calling Z3str3

Returned solutions: 
(define-fun string0 () String  "ABC")
*************************************
Satisfiable: true
string0 => "ABC"
*************************************

$$$$$$$$$$$$$$$$$$$$$$$$$$$$$$$$
Calling Z3str3

Returned solutions: 
(define-fun string0 () String  "ABC")
*************************************
Satisfiable: true
string0 => "ABC"
*************************************

$$$$$$$$$$$$$$$$$$$$$$$$$$$$$$$$
Calling Z3str3

Returned solutions: 
(define-fun string0 () String  "AB_")
*************************************
Satisfiable: true
string0 => "AB_"
*************************************

$$$$$$$$$$$$$$$$$$$$$$$$$$$$$$$$
Calling Z3str3

Returned solutions: 
(define-fun string0 () String  "AB_")
*************************************
Satisfiable: true
string0 => "AB_"
*************************************

$$$$$$$$$$$$$$$$$$$$$$$$$$$$$$$$
Calling Z3str3

Returned solutions: 
(define-fun string0 () String  "AB_C")
*************************************
Satisfiable: true
string0 => "AB_C"
*************************************

$$$$$$$$$$$$$$$$$$$$$$$$$$$$$$$$
Calling Z3str3

Returned solutions: 
(define-fun string0 () String  "AB_C")
*************************************
Satisfiable: true
string0 => "AB_C"
*************************************

$$$$$$$$$$$$$$$$$$$$$$$$$$$$$$$$
Calling Z3str3

Returned solutions: 
(define-fun string0 () String  "AB__")
*************************************
Satisfiable: true
string0 => "AB__"
*************************************

$$$$$$$$$$$$$$$$$$$$$$$$$$$$$$$$
Calling Z3str3

Returned solutions: 
(define-fun string0 () String  "AB__")
*************************************
Satisfiable: true
string0 => "AB__"
*************************************

$$$$$$$$$$$$$$$$$$$$$$$$$$$$$$$$
Calling Z3str3

Returned solutions: 
(define-fun string0 () String  "AB__CD")
*************************************
Satisfiable: true
string0 => "AB__CD"
*************************************

$$$$$$$$$$$$$$$$$$$$$$$$$$$$$$$$
Calling Z3str3

Returned solutions: 
(define-fun string0 () String  "AB__C")
*************************************
Satisfiable: true
string0 => "AB__C"
*************************************

$$$$$$$$$$$$$$$$$$$$$$$$$$$$$$$$
Calling Z3str3

Returned solutions: 
(define-fun string0 () String  "AB___")
*************************************
Satisfiable: true
string0 => "AB___"
*************************************

$$$$$$$$$$$$$$$$$$$$$$$$$$$$$$$$
Calling Z3str3

Returned solutions: 
(define-fun string0 () String  "AB___")
*************************************
Satisfiable: true
string0 => "AB___"
*************************************

$$$$$$$$$$$$$$$$$$$$$$$$$$$$$$$$
Calling Z3str3

Returned solutions: 
(define-fun string0 () String  "AB___C")
*************************************
Satisfiable: true
string0 => "AB___C"
*************************************

$$$$$$$$$$$$$$$$$$$$$$$$$$$$$$$$
Calling Z3str3

Returned solutions: 
(define-fun string0 () String  "AB___C")
*************************************
Satisfiable: true
string0 => "AB___C"
*************************************

$$$$$$$$$$$$$$$$$$$$$$$$$$$$$$$$
Calling Z3str3

Returned solutions: 
(define-fun string0 () String  "AB____")
*************************************
Satisfiable: true
string0 => "AB____"
*************************************

$$$$$$$$$$$$$$$$$$$$$$$$$$$$$$$$
Calling Z3str3

Returned solutions: 
(define-fun string0 () String  "AB____")
*************************************
Satisfiable: true
string0 => "AB____"
*************************************

$$$$$$$$$$$$$$$$$$$$$$$$$$$$$$$$
Calling Z3str3

Returned solutions: 
(define-fun string0 () String  "AB____C")
*************************************
Satisfiable: true
string0 => "AB____C"
*************************************


====================================================== search constraint
depth limit reached: 13

====================================================== snapshot 
thread java.lang.Thread:{id:0,name:main,status:RUNNING,priority:5,isDaemon:false,lockCount:0,suspendCount:0}
  call stack:
	at securibench.micro.sanitizers.Sanitizers6.clean(Sanitizers6.java:45)
	at securibench.micro.sanitizers.Sanitizers6.doGet(Sanitizers6.java:31)
	at Main.main(Main.java:23)

$$$$$$$$$$$$$$$$$$$$$$$$$$$$$$$$
Calling Z3str3

Returned solutions: 
(define-fun string0 () String  "AB___C")
*************************************
Satisfiable: true
string0 => "AB___C"
*************************************

$$$$$$$$$$$$$$$$$$$$$$$$$$$$$$$$
Calling Z3str3

Returned solutions: 
(define-fun string0 () String  "AB___CD")
*************************************
Satisfiable: true
string0 => "AB___CD"
*************************************


====================================================== search constraint
depth limit reached: 13

====================================================== snapshot 
thread java.lang.Thread:{id:0,name:main,status:RUNNING,priority:5,isDaemon:false,lockCount:0,suspendCount:0}
  call stack:
	at securibench.micro.sanitizers.Sanitizers6.clean(Sanitizers6.java:45)
	at securibench.micro.sanitizers.Sanitizers6.doGet(Sanitizers6.java:31)
	at Main.main(Main.java:23)

$$$$$$$$$$$$$$$$$$$$$$$$$$$$$$$$
Calling Z3str3

*************************************
Satisfiable: false
*************************************


====================================================== search constraint
depth limit reached: 13

====================================================== snapshot 
thread java.lang.Thread:{id:0,name:main,status:RUNNING,priority:5,isDaemon:false,lockCount:0,suspendCount:0}
  call stack:
	at mockx.servlet.http.HttpServletResponse.checkNoSymbolic(HttpServletResponse.java:40)
	at mockx.servlet.http.HttpServletResponse.access$000(HttpServletResponse.java:12)
	at mockx.servlet.http.HttpServletResponse$1.println(HttpServletResponse.java:22)
	at securibench.micro.sanitizers.Sanitizers6.doGet(Sanitizers6.java:36)
	at Main.main(Main.java:23)

$$$$$$$$$$$$$$$$$$$$$$$$$$$$$$$$
Calling Z3str3

Returned solutions: 
(define-fun string0 () String  "AB___")
*************************************
Satisfiable: true
string0 => "AB___"
*************************************


====================================================== search constraint
depth limit reached: 13

====================================================== snapshot 
thread java.lang.Thread:{id:0,name:main,status:RUNNING,priority:5,isDaemon:false,lockCount:0,suspendCount:0}
  call stack:
	at mockx.servlet.http.HttpServletResponse.checkNoSymbolic(HttpServletResponse.java:37)
	at mockx.servlet.http.HttpServletResponse.access$000(HttpServletResponse.java:12)
	at mockx.servlet.http.HttpServletResponse$1.println(HttpServletResponse.java:22)
	at securibench.micro.sanitizers.Sanitizers6.doGet(Sanitizers6.java:36)
	at Main.main(Main.java:23)

$$$$$$$$$$$$$$$$$$$$$$$$$$$$$$$$
Calling Z3str3

Returned solutions: 
(define-fun string0 () String  "AB__C")
*************************************
Satisfiable: true
string0 => "AB__C"
*************************************

$$$$$$$$$$$$$$$$$$$$$$$$$$$$$$$$
Calling Z3str3

Returned solutions: 
(define-fun string0 () String  "AB__CD")
*************************************
Satisfiable: true
string0 => "AB__CD"
*************************************

$$$$$$$$$$$$$$$$$$$$$$$$$$$$$$$$
Calling Z3str3

Returned solutions: 
(define-fun string0 () String  "AB__CD")
*************************************
Satisfiable: true
string0 => "AB__CD"
*************************************

$$$$$$$$$$$$$$$$$$$$$$$$$$$$$$$$
Calling Z3str3

Returned solutions: 
(define-fun string0 () String  "AB__C_")
*************************************
Satisfiable: true
string0 => "AB__C_"
*************************************

$$$$$$$$$$$$$$$$$$$$$$$$$$$$$$$$
Calling Z3str3

Returned solutions: 
(define-fun string0 () String  "AB__C_")
*************************************
Satisfiable: true
string0 => "AB__C_"
*************************************

$$$$$$$$$$$$$$$$$$$$$$$$$$$$$$$$
Calling Z3str3

Returned solutions: 
(define-fun string0 () String  "AB__C_D")
*************************************
Satisfiable: true
string0 => "AB__C_D"
*************************************


====================================================== search constraint
depth limit reached: 13

====================================================== snapshot 
thread java.lang.Thread:{id:0,name:main,status:RUNNING,priority:5,isDaemon:false,lockCount:0,suspendCount:0}
  call stack:
	at securibench.micro.sanitizers.Sanitizers6.clean(Sanitizers6.java:45)
	at securibench.micro.sanitizers.Sanitizers6.doGet(Sanitizers6.java:31)
	at Main.main(Main.java:23)

$$$$$$$$$$$$$$$$$$$$$$$$$$$$$$$$
Calling Z3str3

Returned solutions: 
(define-fun string0 () String  "AB__CD")
*************************************
Satisfiable: true
string0 => "AB__CD"
*************************************

$$$$$$$$$$$$$$$$$$$$$$$$$$$$$$$$
Calling Z3str3

Returned solutions: 
(define-fun string0 () String  "AB__CDE")
*************************************
Satisfiable: true
string0 => "AB__CDE"
*************************************


====================================================== search constraint
depth limit reached: 13

====================================================== snapshot 
thread java.lang.Thread:{id:0,name:main,status:RUNNING,priority:5,isDaemon:false,lockCount:0,suspendCount:0}
  call stack:
	at securibench.micro.sanitizers.Sanitizers6.clean(Sanitizers6.java:45)
	at securibench.micro.sanitizers.Sanitizers6.doGet(Sanitizers6.java:31)
	at Main.main(Main.java:23)

$$$$$$$$$$$$$$$$$$$$$$$$$$$$$$$$
Calling Z3str3

*************************************
Satisfiable: false
*************************************


====================================================== search constraint
depth limit reached: 13

====================================================== snapshot 
thread java.lang.Thread:{id:0,name:main,status:RUNNING,priority:5,isDaemon:false,lockCount:0,suspendCount:0}
  call stack:
	at mockx.servlet.http.HttpServletResponse.checkNoSymbolic(HttpServletResponse.java:40)
	at mockx.servlet.http.HttpServletResponse.access$000(HttpServletResponse.java:12)
	at mockx.servlet.http.HttpServletResponse$1.println(HttpServletResponse.java:22)
	at securibench.micro.sanitizers.Sanitizers6.doGet(Sanitizers6.java:36)
	at Main.main(Main.java:23)

$$$$$$$$$$$$$$$$$$$$$$$$$$$$$$$$
Calling Z3str3

Returned solutions: 
(define-fun string0 () String  "AB__C")
*************************************
Satisfiable: true
string0 => "AB__C"
*************************************


====================================================== search constraint
depth limit reached: 13

====================================================== snapshot 
thread java.lang.Thread:{id:0,name:main,status:RUNNING,priority:5,isDaemon:false,lockCount:0,suspendCount:0}
  call stack:
	at mockx.servlet.http.HttpServletResponse.checkNoSymbolic(HttpServletResponse.java:37)
	at mockx.servlet.http.HttpServletResponse.access$000(HttpServletResponse.java:12)
	at mockx.servlet.http.HttpServletResponse$1.println(HttpServletResponse.java:22)
	at securibench.micro.sanitizers.Sanitizers6.doGet(Sanitizers6.java:36)
	at Main.main(Main.java:23)

$$$$$$$$$$$$$$$$$$$$$$$$$$$$$$$$
Calling Z3str3

*************************************
Satisfiable: false
*************************************

$$$$$$$$$$$$$$$$$$$$$$$$$$$$$$$$
Calling Z3str3

Returned solutions: 
(define-fun string0 () String  "AB__")
*************************************
Satisfiable: true
string0 => "AB__"
*************************************

$$$$$$$$$$$$$$$$$$$$$$$$$$$$$$$$
Calling Z3str3

Returned solutions: 
(define-fun string0 () String  "AB__")
*************************************
Satisfiable: true
string0 => "AB__"
*************************************

$$$$$$$$$$$$$$$$$$$$$$$$$$$$$$$$
Calling Z3str3

*************************************
Satisfiable: false
*************************************

$$$$$$$$$$$$$$$$$$$$$$$$$$$$$$$$
Calling Z3str3

Returned solutions: 
(define-fun string0 () String  "AB_C")
*************************************
Satisfiable: true
string0 => "AB_C"
*************************************

$$$$$$$$$$$$$$$$$$$$$$$$$$$$$$$$
Calling Z3str3

Returned solutions: 
(define-fun string0 () String  "AB_CDE")
*************************************
Satisfiable: true
string0 => "AB_CDE"
*************************************

$$$$$$$$$$$$$$$$$$$$$$$$$$$$$$$$
Calling Z3str3

Returned solutions: 
(define-fun string0 () String  "AB_CD")
*************************************
Satisfiable: true
string0 => "AB_CD"
*************************************

$$$$$$$$$$$$$$$$$$$$$$$$$$$$$$$$
Calling Z3str3

Returned solutions: 
(define-fun string0 () String  "AB_C_")
*************************************
Satisfiable: true
string0 => "AB_C_"
*************************************

$$$$$$$$$$$$$$$$$$$$$$$$$$$$$$$$
Calling Z3str3

Returned solutions: 
(define-fun string0 () String  "AB_C_")
*************************************
Satisfiable: true
string0 => "AB_C_"
*************************************

$$$$$$$$$$$$$$$$$$$$$$$$$$$$$$$$
Calling Z3str3

Returned solutions: 
(define-fun string0 () String  "AB_C_D")
*************************************
Satisfiable: true
string0 => "AB_C_D"
*************************************

$$$$$$$$$$$$$$$$$$$$$$$$$$$$$$$$
Calling Z3str3

Returned solutions: 
(define-fun string0 () String  "AB_C_D")
*************************************
Satisfiable: true
string0 => "AB_C_D"
*************************************

$$$$$$$$$$$$$$$$$$$$$$$$$$$$$$$$
Calling Z3str3

Returned solutions: 
(define-fun string0 () String  "AB_C__")
*************************************
Satisfiable: true
string0 => "AB_C__"
*************************************

$$$$$$$$$$$$$$$$$$$$$$$$$$$$$$$$
Calling Z3str3

Returned solutions: 
(define-fun string0 () String  "AB_C__")
*************************************
Satisfiable: true
string0 => "AB_C__"
*************************************

$$$$$$$$$$$$$$$$$$$$$$$$$$$$$$$$
Calling Z3str3

Returned solutions: 
(define-fun string0 () String  "AB_C__D")
*************************************
Satisfiable: true
string0 => "AB_C__D"
*************************************


====================================================== search constraint
depth limit reached: 13

====================================================== snapshot 
thread java.lang.Thread:{id:0,name:main,status:RUNNING,priority:5,isDaemon:false,lockCount:0,suspendCount:0}
  call stack:
	at securibench.micro.sanitizers.Sanitizers6.clean(Sanitizers6.java:45)
	at securibench.micro.sanitizers.Sanitizers6.doGet(Sanitizers6.java:31)
	at Main.main(Main.java:23)

$$$$$$$$$$$$$$$$$$$$$$$$$$$$$$$$
Calling Z3str3

Returned solutions: 
(define-fun string0 () String  "AB_C_D")
*************************************
Satisfiable: true
string0 => "AB_C_D"
*************************************

$$$$$$$$$$$$$$$$$$$$$$$$$$$$$$$$
Calling Z3str3

Returned solutions: 
(define-fun string0 () String  "AB_C_DE")
*************************************
Satisfiable: true
string0 => "AB_C_DE"
*************************************


====================================================== search constraint
depth limit reached: 13

====================================================== snapshot 
thread java.lang.Thread:{id:0,name:main,status:RUNNING,priority:5,isDaemon:false,lockCount:0,suspendCount:0}
  call stack:
	at securibench.micro.sanitizers.Sanitizers6.clean(Sanitizers6.java:45)
	at securibench.micro.sanitizers.Sanitizers6.doGet(Sanitizers6.java:31)
	at Main.main(Main.java:23)

$$$$$$$$$$$$$$$$$$$$$$$$$$$$$$$$
Calling Z3str3

*************************************
Satisfiable: false
*************************************


====================================================== search constraint
depth limit reached: 13

====================================================== snapshot 
thread java.lang.Thread:{id:0,name:main,status:RUNNING,priority:5,isDaemon:false,lockCount:0,suspendCount:0}
  call stack:
	at mockx.servlet.http.HttpServletResponse.checkNoSymbolic(HttpServletResponse.java:40)
	at mockx.servlet.http.HttpServletResponse.access$000(HttpServletResponse.java:12)
	at mockx.servlet.http.HttpServletResponse$1.println(HttpServletResponse.java:22)
	at securibench.micro.sanitizers.Sanitizers6.doGet(Sanitizers6.java:36)
	at Main.main(Main.java:23)

$$$$$$$$$$$$$$$$$$$$$$$$$$$$$$$$
Calling Z3str3

Returned solutions: 
(define-fun string0 () String  "AB_C_")
*************************************
Satisfiable: true
string0 => "AB_C_"
*************************************


====================================================== search constraint
depth limit reached: 13

====================================================== snapshot 
thread java.lang.Thread:{id:0,name:main,status:RUNNING,priority:5,isDaemon:false,lockCount:0,suspendCount:0}
  call stack:
	at mockx.servlet.http.HttpServletResponse.checkNoSymbolic(HttpServletResponse.java:37)
	at mockx.servlet.http.HttpServletResponse.access$000(HttpServletResponse.java:12)
	at mockx.servlet.http.HttpServletResponse$1.println(HttpServletResponse.java:22)
	at securibench.micro.sanitizers.Sanitizers6.doGet(Sanitizers6.java:36)
	at Main.main(Main.java:23)

$$$$$$$$$$$$$$$$$$$$$$$$$$$$$$$$
Calling Z3str3

Returned solutions: 
(define-fun string0 () String  "AB_CD")
*************************************
Satisfiable: true
string0 => "AB_CD"
*************************************

$$$$$$$$$$$$$$$$$$$$$$$$$$$$$$$$
Calling Z3str3

Returned solutions: 
(define-fun string0 () String  "AB_CDE")
*************************************
Satisfiable: true
string0 => "AB_CDE"
*************************************

$$$$$$$$$$$$$$$$$$$$$$$$$$$$$$$$
Calling Z3str3

Returned solutions: 
(define-fun string0 () String  "AB_CDE")
*************************************
Satisfiable: true
string0 => "AB_CDE"
*************************************

$$$$$$$$$$$$$$$$$$$$$$$$$$$$$$$$
Calling Z3str3

Returned solutions: 
(define-fun string0 () String  "AB_CD_")
*************************************
Satisfiable: true
string0 => "AB_CD_"
*************************************

$$$$$$$$$$$$$$$$$$$$$$$$$$$$$$$$
Calling Z3str3

Returned solutions: 
(define-fun string0 () String  "AB_CD_")
*************************************
Satisfiable: true
string0 => "AB_CD_"
*************************************

$$$$$$$$$$$$$$$$$$$$$$$$$$$$$$$$
Calling Z3str3

Returned solutions: 
(define-fun string0 () String  "AB_CD_E")
*************************************
Satisfiable: true
string0 => "AB_CD_E"
*************************************


====================================================== search constraint
depth limit reached: 13

====================================================== snapshot 
thread java.lang.Thread:{id:0,name:main,status:RUNNING,priority:5,isDaemon:false,lockCount:0,suspendCount:0}
  call stack:
	at securibench.micro.sanitizers.Sanitizers6.clean(Sanitizers6.java:45)
	at securibench.micro.sanitizers.Sanitizers6.doGet(Sanitizers6.java:31)
	at Main.main(Main.java:23)

$$$$$$$$$$$$$$$$$$$$$$$$$$$$$$$$
Calling Z3str3

Returned solutions: 
(define-fun string0 () String  "AB_CDE")
*************************************
Satisfiable: true
string0 => "AB_CDE"
*************************************

$$$$$$$$$$$$$$$$$$$$$$$$$$$$$$$$
Calling Z3str3

Returned solutions: 
(define-fun string0 () String  "AB_CDEF")
*************************************
Satisfiable: true
string0 => "AB_CDEF"
*************************************


====================================================== search constraint
depth limit reached: 13

====================================================== snapshot 
thread java.lang.Thread:{id:0,name:main,status:RUNNING,priority:5,isDaemon:false,lockCount:0,suspendCount:0}
  call stack:
	at securibench.micro.sanitizers.Sanitizers6.clean(Sanitizers6.java:45)
	at securibench.micro.sanitizers.Sanitizers6.doGet(Sanitizers6.java:31)
	at Main.main(Main.java:23)

$$$$$$$$$$$$$$$$$$$$$$$$$$$$$$$$
Calling Z3str3

*************************************
Satisfiable: false
*************************************


====================================================== search constraint
depth limit reached: 13

====================================================== snapshot 
thread java.lang.Thread:{id:0,name:main,status:RUNNING,priority:5,isDaemon:false,lockCount:0,suspendCount:0}
  call stack:
	at mockx.servlet.http.HttpServletResponse.checkNoSymbolic(HttpServletResponse.java:40)
	at mockx.servlet.http.HttpServletResponse.access$000(HttpServletResponse.java:12)
	at mockx.servlet.http.HttpServletResponse$1.println(HttpServletResponse.java:22)
	at securibench.micro.sanitizers.Sanitizers6.doGet(Sanitizers6.java:36)
	at Main.main(Main.java:23)

$$$$$$$$$$$$$$$$$$$$$$$$$$$$$$$$
Calling Z3str3

Returned solutions: 
(define-fun string0 () String  "AB_CD")
*************************************
Satisfiable: true
string0 => "AB_CD"
*************************************


====================================================== search constraint
depth limit reached: 13

====================================================== snapshot 
thread java.lang.Thread:{id:0,name:main,status:RUNNING,priority:5,isDaemon:false,lockCount:0,suspendCount:0}
  call stack:
	at mockx.servlet.http.HttpServletResponse.checkNoSymbolic(HttpServletResponse.java:37)
	at mockx.servlet.http.HttpServletResponse.access$000(HttpServletResponse.java:12)
	at mockx.servlet.http.HttpServletResponse$1.println(HttpServletResponse.java:22)
	at securibench.micro.sanitizers.Sanitizers6.doGet(Sanitizers6.java:36)
	at Main.main(Main.java:23)

$$$$$$$$$$$$$$$$$$$$$$$$$$$$$$$$
Calling Z3str3

*************************************
Satisfiable: false
*************************************

$$$$$$$$$$$$$$$$$$$$$$$$$$$$$$$$
Calling Z3str3

Returned solutions: 
(define-fun string0 () String  "AB_C")
*************************************
Satisfiable: true
string0 => "AB_C"
*************************************

$$$$$$$$$$$$$$$$$$$$$$$$$$$$$$$$
Calling Z3str3

Returned solutions: 
(define-fun string0 () String  "AB_C")
*************************************
Satisfiable: true
string0 => "AB_C"
*************************************

$$$$$$$$$$$$$$$$$$$$$$$$$$$$$$$$
Calling Z3str3

*************************************
Satisfiable: false
*************************************

$$$$$$$$$$$$$$$$$$$$$$$$$$$$$$$$
Calling Z3str3

*************************************
Satisfiable: false
*************************************

$$$$$$$$$$$$$$$$$$$$$$$$$$$$$$$$
Calling Z3str3

Returned solutions: 
(define-fun string0 () String  "AB_")
*************************************
Satisfiable: true
string0 => "AB_"
*************************************

$$$$$$$$$$$$$$$$$$$$$$$$$$$$$$$$
Calling Z3str3

Returned solutions: 
(define-fun string0 () String  "AB_")
*************************************
Satisfiable: true
string0 => "AB_"
*************************************

$$$$$$$$$$$$$$$$$$$$$$$$$$$$$$$$
Calling Z3str3

*************************************
Satisfiable: false
*************************************

$$$$$$$$$$$$$$$$$$$$$$$$$$$$$$$$
Calling Z3str3

Returned solutions: 
(define-fun string0 () String  "ABC")
*************************************
Satisfiable: true
string0 => "ABC"
*************************************

$$$$$$$$$$$$$$$$$$$$$$$$$$$$$$$$
Calling Z3str3

Returned solutions: 
(define-fun string0 () String  "ABCD")
*************************************
Satisfiable: true
string0 => "ABCD"
*************************************

$$$$$$$$$$$$$$$$$$$$$$$$$$$$$$$$
Calling Z3str3

Returned solutions: 
(define-fun string0 () String  "ABCD")
*************************************
Satisfiable: true
string0 => "ABCD"
*************************************

$$$$$$$$$$$$$$$$$$$$$$$$$$$$$$$$
Calling Z3str3

Returned solutions: 
(define-fun string0 () String  "ABC_")
*************************************
Satisfiable: true
string0 => "ABC_"
*************************************

$$$$$$$$$$$$$$$$$$$$$$$$$$$$$$$$
Calling Z3str3

Returned solutions: 
(define-fun string0 () String  "ABC_")
*************************************
Satisfiable: true
string0 => "ABC_"
*************************************

$$$$$$$$$$$$$$$$$$$$$$$$$$$$$$$$
Calling Z3str3

Returned solutions: 
(define-fun string0 () String  "ABC_DE")
*************************************
Satisfiable: true
string0 => "ABC_DE"
*************************************

$$$$$$$$$$$$$$$$$$$$$$$$$$$$$$$$
Calling Z3str3

Returned solutions: 
(define-fun string0 () String  "ABC_D")
*************************************
Satisfiable: true
string0 => "ABC_D"
*************************************

$$$$$$$$$$$$$$$$$$$$$$$$$$$$$$$$
Calling Z3str3

Returned solutions: 
(define-fun string0 () String  "ABC__")
*************************************
Satisfiable: true
string0 => "ABC__"
*************************************

$$$$$$$$$$$$$$$$$$$$$$$$$$$$$$$$
Calling Z3str3

Returned solutions: 
(define-fun string0 () String  "ABC__")
*************************************
Satisfiable: true
string0 => "ABC__"
*************************************

$$$$$$$$$$$$$$$$$$$$$$$$$$$$$$$$
Calling Z3str3

Returned solutions: 
(define-fun string0 () String  "ABC__D")
*************************************
Satisfiable: true
string0 => "ABC__D"
*************************************

$$$$$$$$$$$$$$$$$$$$$$$$$$$$$$$$
Calling Z3str3

Returned solutions: 
(define-fun string0 () String  "ABC__D")
*************************************
Satisfiable: true
string0 => "ABC__D"
*************************************

$$$$$$$$$$$$$$$$$$$$$$$$$$$$$$$$
Calling Z3str3

Returned solutions: 
(define-fun string0 () String  "ABC___")
*************************************
Satisfiable: true
string0 => "ABC___"
*************************************

$$$$$$$$$$$$$$$$$$$$$$$$$$$$$$$$
Calling Z3str3

Returned solutions: 
(define-fun string0 () String  "ABC___")
*************************************
Satisfiable: true
string0 => "ABC___"
*************************************

$$$$$$$$$$$$$$$$$$$$$$$$$$$$$$$$
Calling Z3str3

Returned solutions: 
(define-fun string0 () String  "ABC___D")
*************************************
Satisfiable: true
string0 => "ABC___D"
*************************************


====================================================== search constraint
depth limit reached: 13

====================================================== snapshot 
thread java.lang.Thread:{id:0,name:main,status:RUNNING,priority:5,isDaemon:false,lockCount:0,suspendCount:0}
  call stack:
	at securibench.micro.sanitizers.Sanitizers6.clean(Sanitizers6.java:45)
	at securibench.micro.sanitizers.Sanitizers6.doGet(Sanitizers6.java:31)
	at Main.main(Main.java:23)

$$$$$$$$$$$$$$$$$$$$$$$$$$$$$$$$
Calling Z3str3

Returned solutions: 
(define-fun string0 () String  "ABC__D")
*************************************
Satisfiable: true
string0 => "ABC__D"
*************************************

$$$$$$$$$$$$$$$$$$$$$$$$$$$$$$$$
Calling Z3str3

Returned solutions: 
(define-fun string0 () String  "ABC__DE")
*************************************
Satisfiable: true
string0 => "ABC__DE"
*************************************


====================================================== search constraint
depth limit reached: 13

====================================================== snapshot 
thread java.lang.Thread:{id:0,name:main,status:RUNNING,priority:5,isDaemon:false,lockCount:0,suspendCount:0}
  call stack:
	at securibench.micro.sanitizers.Sanitizers6.clean(Sanitizers6.java:45)
	at securibench.micro.sanitizers.Sanitizers6.doGet(Sanitizers6.java:31)
	at Main.main(Main.java:23)

$$$$$$$$$$$$$$$$$$$$$$$$$$$$$$$$
Calling Z3str3

*************************************
Satisfiable: false
*************************************


====================================================== search constraint
depth limit reached: 13

====================================================== snapshot 
thread java.lang.Thread:{id:0,name:main,status:RUNNING,priority:5,isDaemon:false,lockCount:0,suspendCount:0}
  call stack:
	at mockx.servlet.http.HttpServletResponse.checkNoSymbolic(HttpServletResponse.java:40)
	at mockx.servlet.http.HttpServletResponse.access$000(HttpServletResponse.java:12)
	at mockx.servlet.http.HttpServletResponse$1.println(HttpServletResponse.java:22)
	at securibench.micro.sanitizers.Sanitizers6.doGet(Sanitizers6.java:36)
	at Main.main(Main.java:23)

$$$$$$$$$$$$$$$$$$$$$$$$$$$$$$$$
Calling Z3str3

Returned solutions: 
(define-fun string0 () String  "ABC__")
*************************************
Satisfiable: true
string0 => "ABC__"
*************************************


====================================================== search constraint
depth limit reached: 13

====================================================== snapshot 
thread java.lang.Thread:{id:0,name:main,status:RUNNING,priority:5,isDaemon:false,lockCount:0,suspendCount:0}
  call stack:
	at mockx.servlet.http.HttpServletResponse.checkNoSymbolic(HttpServletResponse.java:37)
	at mockx.servlet.http.HttpServletResponse.access$000(HttpServletResponse.java:12)
	at mockx.servlet.http.HttpServletResponse$1.println(HttpServletResponse.java:22)
	at securibench.micro.sanitizers.Sanitizers6.doGet(Sanitizers6.java:36)
	at Main.main(Main.java:23)

$$$$$$$$$$$$$$$$$$$$$$$$$$$$$$$$
Calling Z3str3

Returned solutions: 
(define-fun string0 () String  "ABC_D")
*************************************
Satisfiable: true
string0 => "ABC_D"
*************************************

$$$$$$$$$$$$$$$$$$$$$$$$$$$$$$$$
Calling Z3str3

Returned solutions: 
(define-fun string0 () String  "ABC_DE")
*************************************
Satisfiable: true
string0 => "ABC_DE"
*************************************

$$$$$$$$$$$$$$$$$$$$$$$$$$$$$$$$
Calling Z3str3

Returned solutions: 
(define-fun string0 () String  "ABC_DE")
*************************************
Satisfiable: true
string0 => "ABC_DE"
*************************************

$$$$$$$$$$$$$$$$$$$$$$$$$$$$$$$$
Calling Z3str3

Returned solutions: 
(define-fun string0 () String  "ABC_D_")
*************************************
Satisfiable: true
string0 => "ABC_D_"
*************************************

$$$$$$$$$$$$$$$$$$$$$$$$$$$$$$$$
Calling Z3str3

Returned solutions: 
(define-fun string0 () String  "ABC_D_")
*************************************
Satisfiable: true
string0 => "ABC_D_"
*************************************

$$$$$$$$$$$$$$$$$$$$$$$$$$$$$$$$
Calling Z3str3

Returned solutions: 
(define-fun string0 () String  "ABC_D_E")
*************************************
Satisfiable: true
string0 => "ABC_D_E"
*************************************


====================================================== search constraint
depth limit reached: 13

====================================================== snapshot 
thread java.lang.Thread:{id:0,name:main,status:RUNNING,priority:5,isDaemon:false,lockCount:0,suspendCount:0}
  call stack:
	at securibench.micro.sanitizers.Sanitizers6.clean(Sanitizers6.java:45)
	at securibench.micro.sanitizers.Sanitizers6.doGet(Sanitizers6.java:31)
	at Main.main(Main.java:23)

$$$$$$$$$$$$$$$$$$$$$$$$$$$$$$$$
Calling Z3str3

Returned solutions: 
(define-fun string0 () String  "ABC_DE")
*************************************
Satisfiable: true
string0 => "ABC_DE"
*************************************

$$$$$$$$$$$$$$$$$$$$$$$$$$$$$$$$
Calling Z3str3

Returned solutions: 
(define-fun string0 () String  "ABC_DEF")
*************************************
Satisfiable: true
string0 => "ABC_DEF"
*************************************


====================================================== search constraint
depth limit reached: 13

====================================================== snapshot 
thread java.lang.Thread:{id:0,name:main,status:RUNNING,priority:5,isDaemon:false,lockCount:0,suspendCount:0}
  call stack:
	at securibench.micro.sanitizers.Sanitizers6.clean(Sanitizers6.java:45)
	at securibench.micro.sanitizers.Sanitizers6.doGet(Sanitizers6.java:31)
	at Main.main(Main.java:23)

$$$$$$$$$$$$$$$$$$$$$$$$$$$$$$$$
Calling Z3str3

*************************************
Satisfiable: false
*************************************


====================================================== search constraint
depth limit reached: 13

====================================================== snapshot 
thread java.lang.Thread:{id:0,name:main,status:RUNNING,priority:5,isDaemon:false,lockCount:0,suspendCount:0}
  call stack:
	at mockx.servlet.http.HttpServletResponse.checkNoSymbolic(HttpServletResponse.java:40)
	at mockx.servlet.http.HttpServletResponse.access$000(HttpServletResponse.java:12)
	at mockx.servlet.http.HttpServletResponse$1.println(HttpServletResponse.java:22)
	at securibench.micro.sanitizers.Sanitizers6.doGet(Sanitizers6.java:36)
	at Main.main(Main.java:23)

$$$$$$$$$$$$$$$$$$$$$$$$$$$$$$$$
Calling Z3str3

Returned solutions: 
(define-fun string0 () String  "ABC_D")
*************************************
Satisfiable: true
string0 => "ABC_D"
*************************************


====================================================== search constraint
depth limit reached: 13

====================================================== snapshot 
thread java.lang.Thread:{id:0,name:main,status:RUNNING,priority:5,isDaemon:false,lockCount:0,suspendCount:0}
  call stack:
	at mockx.servlet.http.HttpServletResponse.checkNoSymbolic(HttpServletResponse.java:37)
	at mockx.servlet.http.HttpServletResponse.access$000(HttpServletResponse.java:12)
	at mockx.servlet.http.HttpServletResponse$1.println(HttpServletResponse.java:22)
	at securibench.micro.sanitizers.Sanitizers6.doGet(Sanitizers6.java:36)
	at Main.main(Main.java:23)

$$$$$$$$$$$$$$$$$$$$$$$$$$$$$$$$
Calling Z3str3

*************************************
Satisfiable: false
*************************************

$$$$$$$$$$$$$$$$$$$$$$$$$$$$$$$$
Calling Z3str3

Returned solutions: 
(define-fun string0 () String  "ABC_")
*************************************
Satisfiable: true
string0 => "ABC_"
*************************************

$$$$$$$$$$$$$$$$$$$$$$$$$$$$$$$$
Calling Z3str3

Returned solutions: 
(define-fun string0 () String  "ABC_")
*************************************
Satisfiable: true
string0 => "ABC_"
*************************************

$$$$$$$$$$$$$$$$$$$$$$$$$$$$$$$$
Calling Z3str3

*************************************
Satisfiable: false
*************************************

$$$$$$$$$$$$$$$$$$$$$$$$$$$$$$$$
Calling Z3str3

Returned solutions: 
(define-fun string0 () String  "ABCD")
*************************************
Satisfiable: true
string0 => "ABCD"
*************************************

$$$$$$$$$$$$$$$$$$$$$$$$$$$$$$$$
Calling Z3str3

Returned solutions: 
(define-fun string0 () String  "ABCDE")
*************************************
Satisfiable: true
string0 => "ABCDE"
*************************************

$$$$$$$$$$$$$$$$$$$$$$$$$$$$$$$$
Calling Z3str3

Returned solutions: 
(define-fun string0 () String  "ABCDE")
*************************************
Satisfiable: true
string0 => "ABCDE"
*************************************

$$$$$$$$$$$$$$$$$$$$$$$$$$$$$$$$
Calling Z3str3

Returned solutions: 
(define-fun string0 () String  "ABCD_")
*************************************
Satisfiable: true
string0 => "ABCD_"
*************************************

$$$$$$$$$$$$$$$$$$$$$$$$$$$$$$$$
Calling Z3str3

Returned solutions: 
(define-fun string0 () String  "ABCD_")
*************************************
Satisfiable: true
string0 => "ABCD_"
*************************************

$$$$$$$$$$$$$$$$$$$$$$$$$$$$$$$$
Calling Z3str3

Returned solutions: 
(define-fun string0 () String  "ABCD_E")
*************************************
Satisfiable: true
string0 => "ABCD_E"
*************************************

$$$$$$$$$$$$$$$$$$$$$$$$$$$$$$$$
Calling Z3str3

Returned solutions: 
(define-fun string0 () String  "ABCD_E")
*************************************
Satisfiable: true
string0 => "ABCD_E"
*************************************

$$$$$$$$$$$$$$$$$$$$$$$$$$$$$$$$
Calling Z3str3

Returned solutions: 
(define-fun string0 () String  "ABCD__")
*************************************
Satisfiable: true
string0 => "ABCD__"
*************************************

$$$$$$$$$$$$$$$$$$$$$$$$$$$$$$$$
Calling Z3str3

Returned solutions: 
(define-fun string0 () String  "ABCD__")
*************************************
Satisfiable: true
string0 => "ABCD__"
*************************************

$$$$$$$$$$$$$$$$$$$$$$$$$$$$$$$$
Calling Z3str3

Returned solutions: 
(define-fun string0 () String  "ABCD__E")
*************************************
Satisfiable: true
string0 => "ABCD__E"
*************************************


====================================================== search constraint
depth limit reached: 13

====================================================== snapshot 
thread java.lang.Thread:{id:0,name:main,status:RUNNING,priority:5,isDaemon:false,lockCount:0,suspendCount:0}
  call stack:
	at securibench.micro.sanitizers.Sanitizers6.clean(Sanitizers6.java:45)
	at securibench.micro.sanitizers.Sanitizers6.doGet(Sanitizers6.java:31)
	at Main.main(Main.java:23)

$$$$$$$$$$$$$$$$$$$$$$$$$$$$$$$$
Calling Z3str3

Returned solutions: 
(define-fun string0 () String  "ABCD_E")
*************************************
Satisfiable: true
string0 => "ABCD_E"
*************************************

$$$$$$$$$$$$$$$$$$$$$$$$$$$$$$$$
Calling Z3str3

Returned solutions: 
(define-fun string0 () String  "ABCD_EF")
*************************************
Satisfiable: true
string0 => "ABCD_EF"
*************************************


====================================================== search constraint
depth limit reached: 13

====================================================== snapshot 
thread java.lang.Thread:{id:0,name:main,status:RUNNING,priority:5,isDaemon:false,lockCount:0,suspendCount:0}
  call stack:
	at securibench.micro.sanitizers.Sanitizers6.clean(Sanitizers6.java:45)
	at securibench.micro.sanitizers.Sanitizers6.doGet(Sanitizers6.java:31)
	at Main.main(Main.java:23)

$$$$$$$$$$$$$$$$$$$$$$$$$$$$$$$$
Calling Z3str3

*************************************
Satisfiable: false
*************************************


====================================================== search constraint
depth limit reached: 13

====================================================== snapshot 
thread java.lang.Thread:{id:0,name:main,status:RUNNING,priority:5,isDaemon:false,lockCount:0,suspendCount:0}
  call stack:
	at mockx.servlet.http.HttpServletResponse.checkNoSymbolic(HttpServletResponse.java:40)
	at mockx.servlet.http.HttpServletResponse.access$000(HttpServletResponse.java:12)
	at mockx.servlet.http.HttpServletResponse$1.println(HttpServletResponse.java:22)
	at securibench.micro.sanitizers.Sanitizers6.doGet(Sanitizers6.java:36)
	at Main.main(Main.java:23)

$$$$$$$$$$$$$$$$$$$$$$$$$$$$$$$$
Calling Z3str3

Returned solutions: 
(define-fun string0 () String  "ABCD_")
*************************************
Satisfiable: true
string0 => "ABCD_"
*************************************


====================================================== search constraint
depth limit reached: 13

====================================================== snapshot 
thread java.lang.Thread:{id:0,name:main,status:RUNNING,priority:5,isDaemon:false,lockCount:0,suspendCount:0}
  call stack:
	at mockx.servlet.http.HttpServletResponse.checkNoSymbolic(HttpServletResponse.java:37)
	at mockx.servlet.http.HttpServletResponse.access$000(HttpServletResponse.java:12)
	at mockx.servlet.http.HttpServletResponse$1.println(HttpServletResponse.java:22)
	at securibench.micro.sanitizers.Sanitizers6.doGet(Sanitizers6.java:36)
	at Main.main(Main.java:23)

$$$$$$$$$$$$$$$$$$$$$$$$$$$$$$$$
Calling Z3str3

Returned solutions: 
(define-fun string0 () String  "ABCDE")
*************************************
Satisfiable: true
string0 => "ABCDE"
*************************************

$$$$$$$$$$$$$$$$$$$$$$$$$$$$$$$$
Calling Z3str3

Returned solutions: 
(define-fun string0 () String  "ABCDEF")
*************************************
Satisfiable: true
string0 => "ABCDEF"
*************************************

$$$$$$$$$$$$$$$$$$$$$$$$$$$$$$$$
Calling Z3str3

Returned solutions: 
(define-fun string0 () String  "ABCDEF")
*************************************
Satisfiable: true
string0 => "ABCDEF"
*************************************

$$$$$$$$$$$$$$$$$$$$$$$$$$$$$$$$
Calling Z3str3

Returned solutions: 
(define-fun string0 () String  "ABCDE_")
*************************************
Satisfiable: true
string0 => "ABCDE_"
*************************************

$$$$$$$$$$$$$$$$$$$$$$$$$$$$$$$$
Calling Z3str3

Returned solutions: 
(define-fun string0 () String  "ABCDE_")
*************************************
Satisfiable: true
string0 => "ABCDE_"
*************************************

$$$$$$$$$$$$$$$$$$$$$$$$$$$$$$$$
Calling Z3str3

Returned solutions: 
(define-fun string0 () String  "ABCDE_F")
*************************************
Satisfiable: true
string0 => "ABCDE_F"
*************************************


====================================================== search constraint
depth limit reached: 13

====================================================== snapshot 
thread java.lang.Thread:{id:0,name:main,status:RUNNING,priority:5,isDaemon:false,lockCount:0,suspendCount:0}
  call stack:
	at securibench.micro.sanitizers.Sanitizers6.clean(Sanitizers6.java:45)
	at securibench.micro.sanitizers.Sanitizers6.doGet(Sanitizers6.java:31)
	at Main.main(Main.java:23)

$$$$$$$$$$$$$$$$$$$$$$$$$$$$$$$$
Calling Z3str3

Returned solutions: 
(define-fun string0 () String  "ABCDEF")
*************************************
Satisfiable: true
string0 => "ABCDEF"
*************************************

$$$$$$$$$$$$$$$$$$$$$$$$$$$$$$$$
Calling Z3str3

Returned solutions: 
(define-fun string0 () String  "ABCDEFG")
*************************************
Satisfiable: true
string0 => "ABCDEFG"
*************************************


====================================================== search constraint
depth limit reached: 13

====================================================== snapshot 
thread java.lang.Thread:{id:0,name:main,status:RUNNING,priority:5,isDaemon:false,lockCount:0,suspendCount:0}
  call stack:
	at securibench.micro.sanitizers.Sanitizers6.clean(Sanitizers6.java:45)
	at securibench.micro.sanitizers.Sanitizers6.doGet(Sanitizers6.java:31)
	at Main.main(Main.java:23)

$$$$$$$$$$$$$$$$$$$$$$$$$$$$$$$$
Calling Z3str3

*************************************
Satisfiable: false
*************************************


====================================================== search constraint
depth limit reached: 13

====================================================== snapshot 
thread java.lang.Thread:{id:0,name:main,status:RUNNING,priority:5,isDaemon:false,lockCount:0,suspendCount:0}
  call stack:
	at mockx.servlet.http.HttpServletResponse.checkNoSymbolic(HttpServletResponse.java:40)
	at mockx.servlet.http.HttpServletResponse.access$000(HttpServletResponse.java:12)
	at mockx.servlet.http.HttpServletResponse$1.println(HttpServletResponse.java:22)
	at securibench.micro.sanitizers.Sanitizers6.doGet(Sanitizers6.java:36)
	at Main.main(Main.java:23)

$$$$$$$$$$$$$$$$$$$$$$$$$$$$$$$$
Calling Z3str3

Returned solutions: 
(define-fun string0 () String  "ABCDE")
*************************************
Satisfiable: true
string0 => "ABCDE"
*************************************


====================================================== search constraint
depth limit reached: 13

====================================================== snapshot 
thread java.lang.Thread:{id:0,name:main,status:RUNNING,priority:5,isDaemon:false,lockCount:0,suspendCount:0}
  call stack:
	at mockx.servlet.http.HttpServletResponse.checkNoSymbolic(HttpServletResponse.java:37)
	at mockx.servlet.http.HttpServletResponse.access$000(HttpServletResponse.java:12)
	at mockx.servlet.http.HttpServletResponse$1.println(HttpServletResponse.java:22)
	at securibench.micro.sanitizers.Sanitizers6.doGet(Sanitizers6.java:36)
	at Main.main(Main.java:23)

$$$$$$$$$$$$$$$$$$$$$$$$$$$$$$$$
Calling Z3str3

*************************************
Satisfiable: false
*************************************

$$$$$$$$$$$$$$$$$$$$$$$$$$$$$$$$
Calling Z3str3

Returned solutions: 
(define-fun string0 () String  "ABCD")
*************************************
Satisfiable: true
string0 => "ABCD"
*************************************

$$$$$$$$$$$$$$$$$$$$$$$$$$$$$$$$
Calling Z3str3

Returned solutions: 
(define-fun string0 () String  "ABCD")
*************************************
Satisfiable: true
string0 => "ABCD"
*************************************

$$$$$$$$$$$$$$$$$$$$$$$$$$$$$$$$
Calling Z3str3

*************************************
Satisfiable: false
*************************************

$$$$$$$$$$$$$$$$$$$$$$$$$$$$$$$$
Calling Z3str3

*************************************
Satisfiable: false
*************************************

$$$$$$$$$$$$$$$$$$$$$$$$$$$$$$$$
Calling Z3str3

Returned solutions: 
(define-fun string0 () String  "ABC")
*************************************
Satisfiable: true
string0 => "ABC"
*************************************

$$$$$$$$$$$$$$$$$$$$$$$$$$$$$$$$
Calling Z3str3

Returned solutions: 
(define-fun string0 () String  "ABC")
*************************************
Satisfiable: true
string0 => "ABC"
*************************************

$$$$$$$$$$$$$$$$$$$$$$$$$$$$$$$$
Calling Z3str3

*************************************
Satisfiable: false
*************************************

$$$$$$$$$$$$$$$$$$$$$$$$$$$$$$$$
Calling Z3str3

*************************************
Satisfiable: false
*************************************

$$$$$$$$$$$$$$$$$$$$$$$$$$$$$$$$
Calling Z3str3

Returned solutions: 
(define-fun string0 () String  "AB")
*************************************
Satisfiable: true
string0 => "AB"
*************************************

$$$$$$$$$$$$$$$$$$$$$$$$$$$$$$$$
Calling Z3str3

Returned solutions: 
(define-fun string0 () String  "AB")
*************************************
Satisfiable: true
string0 => "AB"
*************************************

$$$$$$$$$$$$$$$$$$$$$$$$$$$$$$$$
Calling Z3str3

*************************************
Satisfiable: false
*************************************

$$$$$$$$$$$$$$$$$$$$$$$$$$$$$$$$
Calling Z3str3

*************************************
Satisfiable: false
*************************************

$$$$$$$$$$$$$$$$$$$$$$$$$$$$$$$$
Calling Z3str3

Returned solutions: 
(define-fun string0 () String  "A")
*************************************
Satisfiable: true
string0 => "A"
*************************************

$$$$$$$$$$$$$$$$$$$$$$$$$$$$$$$$
Calling Z3str3

Returned solutions: 
(define-fun string0 () String  "A")
*************************************
Satisfiable: true
string0 => "A"
*************************************

$$$$$$$$$$$$$$$$$$$$$$$$$$$$$$$$
Calling Z3str3

*************************************
Satisfiable: false
*************************************

$$$$$$$$$$$$$$$$$$$$$$$$$$$$$$$$
Calling Z3str3

*************************************
Satisfiable: false
*************************************

$$$$$$$$$$$$$$$$$$$$$$$$$$$$$$$$
Calling Z3str3

Returned solutions: 
(define-fun string0 () String  "")
*************************************
Satisfiable: true
string0 => ""
*************************************

$$$$$$$$$$$$$$$$$$$$$$$$$$$$$$$$
Calling Z3str3

Returned solutions: 
(define-fun string0 () String  "")
*************************************
Satisfiable: true
string0 => ""
*************************************

$$$$$$$$$$$$$$$$$$$$$$$$$$$$$$$$
Calling Z3str3

*************************************
Satisfiable: false
*************************************


====================================================== Method Summaries

====================================================== Method Summaries (HTML)

====================================================== results
no errors detected

====================================================== statistics
elapsed time:       00:00:17
states:             new=472,visited=0,backtracked=472,end=31
search:             maxDepth=13,constraints=128
choice generators:  thread=1 (signal=0,lock=1,sharedRef=0,threadApi=0,reschedule=0), data=220
heap:               new=3475,released=1192,maxLive=547,gcCycles=347
instructions:       31388
max memory:         44MB
loaded code:        classes=102,methods=2075

====================================================== search finished: 7/8/25 4:51 AM
SAFE
