./jpf-sv-comp --propertyfile ../../sv-benchmarks/java/properties/assert_java.prp ../../sv-benchmarks/java/common ../../sv-benchmarks/java/java-ranger-regression/loopCharAt


--------------------------------------------------------------------------------


PROP_FILE=../../sv-benchmarks/java/properties/assert_java.prp
CHECK( init(Main.main()), LTL(G assert) )
ASSERTION_MODE=TRUE
RUNTIME_EXCEPTION_MODE=FALSE
/tmp/jpf-benchmark.zJa3fN/config.jpf
LD_LIBRARY_PATH=/home/f8/Desktop/bench-defs/bin/spf-x7QRTWdPtu/jpf-symbc/lib:/home/f8/Desktop/SPF/jpf-symbc/lib:
symbolic.min_int=-2147483648
symbolic.min_long=-9223372036854775808
symbolic.min_short=-32768
symbolic.min_byte=-128
symbolic.min_char=0
symbolic.max_int=2147483647
symbolic.max_long=9223372036854775807
symbolic.max_short=32767
symbolic.max_byte=127
symbolic.max_char=65535
symbolic.min_double=4.9E-324
symbolic.max_double=1.7976931348623157E308
JavaPathfinder core system v8.0 (rev a9cfdfd20e921dacd2aaa6e92103681eb28cc81d) - (C) 2005-2014 United States Government. All rights reserved.


====================================================== system under test
Main.main()

====================================================== search started: 7/8/25 4:43 AM
$$$$$$$$$$$$$$$$$$$$$$$$$$$$$$$$
Calling Z3str3

Returned solutions: 
(define-fun string0 () String  "")
*************************************
Satisfiable: true
string0 => ""
*************************************

$$$$$$$$$$$$$$$$$$$$$$$$$$$$$$$$
Calling Z3str3

Returned solutions: 
(define-fun string0 () String  "A")
*************************************
Satisfiable: true
string0 => "A"
*************************************

$$$$$$$$$$$$$$$$$$$$$$$$$$$$$$$$
Calling Z3str3

Returned solutions: 
(define-fun string0 () String  "A")
*************************************
Satisfiable: true
string0 => "A"
*************************************

$$$$$$$$$$$$$$$$$$$$$$$$$$$$$$$$
Calling Z3str3

Returned solutions: 
(define-fun string0 () String  "B")
*************************************
Satisfiable: true
string0 => "B"
*************************************

$$$$$$$$$$$$$$$$$$$$$$$$$$$$$$$$
Calling Z3str3

Returned solutions: 
(define-fun string0 () String  "B")
*************************************
Satisfiable: true
string0 => "B"
*************************************

$$$$$$$$$$$$$$$$$$$$$$$$$$$$$$$$
Calling Z3str3

Returned solutions: 
(define-fun string0 () String  "BA")
*************************************
Satisfiable: true
string0 => "BA"
*************************************

$$$$$$$$$$$$$$$$$$$$$$$$$$$$$$$$
Calling Z3str3

Returned solutions: 
(define-fun string0 () String  "BA")
*************************************
Satisfiable: true
string0 => "BA"
*************************************

$$$$$$$$$$$$$$$$$$$$$$$$$$$$$$$$
Calling Z3str3

Returned solutions: 
(define-fun string0 () String  "BB")
*************************************
Satisfiable: true
string0 => "BB"
*************************************

$$$$$$$$$$$$$$$$$$$$$$$$$$$$$$$$
Calling Z3str3

Returned solutions: 
(define-fun string0 () String  "BB")
*************************************
Satisfiable: true
string0 => "BB"
*************************************

$$$$$$$$$$$$$$$$$$$$$$$$$$$$$$$$
Calling Z3str3

Returned solutions: 
(define-fun string0 () String  "BBA")
*************************************
Satisfiable: true
string0 => "BBA"
*************************************

$$$$$$$$$$$$$$$$$$$$$$$$$$$$$$$$
Calling Z3str3

Returned solutions: 
(define-fun string0 () String  "BBA")
*************************************
Satisfiable: true
string0 => "BBA"
*************************************

$$$$$$$$$$$$$$$$$$$$$$$$$$$$$$$$
Calling Z3str3

Returned solutions: 
(define-fun string0 () String  "BBB")
*************************************
Satisfiable: true
string0 => "BBB"
*************************************

$$$$$$$$$$$$$$$$$$$$$$$$$$$$$$$$
Calling Z3str3

Returned solutions: 
(define-fun string0 () String  "BBB")
*************************************
Satisfiable: true
string0 => "BBB"
*************************************

$$$$$$$$$$$$$$$$$$$$$$$$$$$$$$$$
Calling Z3str3

Returned solutions: 
(define-fun string0 () String  "BBBA")
*************************************
Satisfiable: true
string0 => "BBBA"
*************************************

$$$$$$$$$$$$$$$$$$$$$$$$$$$$$$$$
Calling Z3str3

Returned solutions: 
(define-fun string0 () String  "BBBA")
*************************************
Satisfiable: true
string0 => "BBBA"
*************************************

$$$$$$$$$$$$$$$$$$$$$$$$$$$$$$$$
Calling Z3str3

Returned solutions: 
(define-fun string0 () String  "BBBB")
*************************************
Satisfiable: true
string0 => "BBBB"
*************************************

$$$$$$$$$$$$$$$$$$$$$$$$$$$$$$$$
Calling Z3str3

Returned solutions: 
(define-fun string0 () String  "BBBB")
*************************************
Satisfiable: true
string0 => "BBBB"
*************************************

$$$$$$$$$$$$$$$$$$$$$$$$$$$$$$$$
Calling Z3str3

Returned solutions: 
(define-fun string0 () String  "BBBBAC")
*************************************
Satisfiable: true
string0 => "BBBBAC"
*************************************

$$$$$$$$$$$$$$$$$$$$$$$$$$$$$$$$
Calling Z3str3

Returned solutions: 
(define-fun string0 () String  "BBBBA")
*************************************
Satisfiable: true
string0 => "BBBBA"
*************************************

$$$$$$$$$$$$$$$$$$$$$$$$$$$$$$$$
Calling Z3str3

Returned solutions: 
(define-fun string0 () String  "BBBBB")
*************************************
Satisfiable: true
string0 => "BBBBB"
*************************************

$$$$$$$$$$$$$$$$$$$$$$$$$$$$$$$$
Calling Z3str3

Returned solutions: 
(define-fun string0 () String  "BBBBB")
*************************************
Satisfiable: true
string0 => "BBBBB"
*************************************

$$$$$$$$$$$$$$$$$$$$$$$$$$$$$$$$
Calling Z3str3

Returned solutions: 
(define-fun string0 () String  "BBBBBA")
*************************************
Satisfiable: true
string0 => "BBBBBA"
*************************************

$$$$$$$$$$$$$$$$$$$$$$$$$$$$$$$$
Calling Z3str3

Returned solutions: 
(define-fun string0 () String  "BBBBBA")
*************************************
Satisfiable: true
string0 => "BBBBBA"
*************************************

$$$$$$$$$$$$$$$$$$$$$$$$$$$$$$$$
Calling Z3str3

Returned solutions: 
(define-fun string0 () String  "BBBBBB")
*************************************
Satisfiable: true
string0 => "BBBBBB"
*************************************

$$$$$$$$$$$$$$$$$$$$$$$$$$$$$$$$
Calling Z3str3

Returned solutions: 
(define-fun string0 () String  "BBBBBB")
*************************************
Satisfiable: true
string0 => "BBBBBB"
*************************************

$$$$$$$$$$$$$$$$$$$$$$$$$$$$$$$$
Calling Z3str3

Returned solutions: 
(define-fun string0 () String  "BBBBBBA")
*************************************
Satisfiable: true
string0 => "BBBBBBA"
*************************************


====================================================== search constraint
depth limit reached: 13

====================================================== snapshot 
thread java.lang.Thread:{id:0,name:main,status:RUNNING,priority:5,isDaemon:false,lockCount:0,suspendCount:0}
  call stack:
	at Main.main(Main.java:17)

$$$$$$$$$$$$$$$$$$$$$$$$$$$$$$$$
Calling Z3str3

Returned solutions: 
(define-fun string0 () String  "BBBBBA")
*************************************
Satisfiable: true
string0 => "BBBBBA"
*************************************

$$$$$$$$$$$$$$$$$$$$$$$$$$$$$$$$
Calling Z3str3

Returned solutions: 
(define-fun string0 () String  "BBBBBAC")
*************************************
Satisfiable: true
string0 => "BBBBBAC"
*************************************


====================================================== search constraint
depth limit reached: 13

====================================================== snapshot 
thread java.lang.Thread:{id:0,name:main,status:RUNNING,priority:5,isDaemon:false,lockCount:0,suspendCount:0}
  call stack:
	at Main.main(Main.java:17)

$$$$$$$$$$$$$$$$$$$$$$$$$$$$$$$$
Calling Z3str3

Returned solutions: 
(define-fun string0 () String  "BBBBA")
*************************************
Satisfiable: true
string0 => "BBBBA"
*************************************

$$$$$$$$$$$$$$$$$$$$$$$$$$$$$$$$
Calling Z3str3

Returned solutions: 
(define-fun string0 () String  "BBBBAC")
*************************************
Satisfiable: true
string0 => "BBBBAC"
*************************************

$$$$$$$$$$$$$$$$$$$$$$$$$$$$$$$$
Calling Z3str3

Returned solutions: 
(define-fun string0 () String  "BBBBAC")
*************************************
Satisfiable: true
string0 => "BBBBAC"
*************************************

$$$$$$$$$$$$$$$$$$$$$$$$$$$$$$$$
Calling Z3str3

Returned solutions: 
(define-fun string0 () String  "BBBBAB")
*************************************
Satisfiable: true
string0 => "BBBBAB"
*************************************

$$$$$$$$$$$$$$$$$$$$$$$$$$$$$$$$
Calling Z3str3

Returned solutions: 
(define-fun string0 () String  "BBBBAB")
*************************************
Satisfiable: true
string0 => "BBBBAB"
*************************************

$$$$$$$$$$$$$$$$$$$$$$$$$$$$$$$$
Calling Z3str3

Returned solutions: 
(define-fun string0 () String  "BBBBABC")
*************************************
Satisfiable: true
string0 => "BBBBABC"
*************************************


====================================================== search constraint
depth limit reached: 13

====================================================== snapshot 
thread java.lang.Thread:{id:0,name:main,status:RUNNING,priority:5,isDaemon:false,lockCount:0,suspendCount:0}
  call stack:
	at Main.main(Main.java:17)

$$$$$$$$$$$$$$$$$$$$$$$$$$$$$$$$
Calling Z3str3

Returned solutions: 
(define-fun string0 () String  "BBBBAC")
*************************************
Satisfiable: true
string0 => "BBBBAC"
*************************************

$$$$$$$$$$$$$$$$$$$$$$$$$$$$$$$$
Calling Z3str3

Returned solutions: 
(define-fun string0 () String  "BBBBACD")
*************************************
Satisfiable: true
string0 => "BBBBACD"
*************************************


====================================================== search constraint
depth limit reached: 13

====================================================== snapshot 
thread java.lang.Thread:{id:0,name:main,status:RUNNING,priority:5,isDaemon:false,lockCount:0,suspendCount:0}
  call stack:
	at Main.main(Main.java:17)

$$$$$$$$$$$$$$$$$$$$$$$$$$$$$$$$
Calling Z3str3

Returned solutions: 
(define-fun string0 () String  "BBBA")
*************************************
Satisfiable: true
string0 => "BBBA"
*************************************

$$$$$$$$$$$$$$$$$$$$$$$$$$$$$$$$
Calling Z3str3

Returned solutions: 
(define-fun string0 () String  "BBBAC")
*************************************
Satisfiable: true
string0 => "BBBAC"
*************************************

$$$$$$$$$$$$$$$$$$$$$$$$$$$$$$$$
Calling Z3str3

Returned solutions: 
(define-fun string0 () String  "BBBAC")
*************************************
Satisfiable: true
string0 => "BBBAC"
*************************************

$$$$$$$$$$$$$$$$$$$$$$$$$$$$$$$$
Calling Z3str3

Returned solutions: 
(define-fun string0 () String  "BBBAB")
*************************************
Satisfiable: true
string0 => "BBBAB"
*************************************

$$$$$$$$$$$$$$$$$$$$$$$$$$$$$$$$
Calling Z3str3

Returned solutions: 
(define-fun string0 () String  "BBBAB")
*************************************
Satisfiable: true
string0 => "BBBAB"
*************************************

$$$$$$$$$$$$$$$$$$$$$$$$$$$$$$$$
Calling Z3str3

Returned solutions: 
(define-fun string0 () String  "BBBABC")
*************************************
Satisfiable: true
string0 => "BBBABC"
*************************************

$$$$$$$$$$$$$$$$$$$$$$$$$$$$$$$$
Calling Z3str3

Returned solutions: 
(define-fun string0 () String  "BBBABC")
*************************************
Satisfiable: true
string0 => "BBBABC"
*************************************

$$$$$$$$$$$$$$$$$$$$$$$$$$$$$$$$
Calling Z3str3

Returned solutions: 
(define-fun string0 () String  "BBBABB")
*************************************
Satisfiable: true
string0 => "BBBABB"
*************************************

$$$$$$$$$$$$$$$$$$$$$$$$$$$$$$$$
Calling Z3str3

Returned solutions: 
(define-fun string0 () String  "BBBABB")
*************************************
Satisfiable: true
string0 => "BBBABB"
*************************************

$$$$$$$$$$$$$$$$$$$$$$$$$$$$$$$$
Calling Z3str3

Returned solutions: 
(define-fun string0 () String  "BBBABBC")
*************************************
Satisfiable: true
string0 => "BBBABBC"
*************************************


====================================================== search constraint
depth limit reached: 13

====================================================== snapshot 
thread java.lang.Thread:{id:0,name:main,status:RUNNING,priority:5,isDaemon:false,lockCount:0,suspendCount:0}
  call stack:
	at Main.main(Main.java:17)

$$$$$$$$$$$$$$$$$$$$$$$$$$$$$$$$
Calling Z3str3

Returned solutions: 
(define-fun string0 () String  "BBBABC")
*************************************
Satisfiable: true
string0 => "BBBABC"
*************************************

$$$$$$$$$$$$$$$$$$$$$$$$$$$$$$$$
Calling Z3str3

Returned solutions: 
(define-fun string0 () String  "BBBABCD")
*************************************
Satisfiable: true
string0 => "BBBABCD"
*************************************


====================================================== search constraint
depth limit reached: 13

====================================================== snapshot 
thread java.lang.Thread:{id:0,name:main,status:RUNNING,priority:5,isDaemon:false,lockCount:0,suspendCount:0}
  call stack:
	at Main.main(Main.java:17)

$$$$$$$$$$$$$$$$$$$$$$$$$$$$$$$$
Calling Z3str3

Returned solutions: 
(define-fun string0 () String  "BBBAC")
*************************************
Satisfiable: true
string0 => "BBBAC"
*************************************

$$$$$$$$$$$$$$$$$$$$$$$$$$$$$$$$
Calling Z3str3

Returned solutions: 
(define-fun string0 () String  "BBBACD")
*************************************
Satisfiable: true
string0 => "BBBACD"
*************************************

$$$$$$$$$$$$$$$$$$$$$$$$$$$$$$$$
Calling Z3str3

Returned solutions: 
(define-fun string0 () String  "BBBACD")
*************************************
Satisfiable: true
string0 => "BBBACD"
*************************************

$$$$$$$$$$$$$$$$$$$$$$$$$$$$$$$$
Calling Z3str3

Returned solutions: 
(define-fun string0 () String  "BBBACB")
*************************************
Satisfiable: true
string0 => "BBBACB"
*************************************

$$$$$$$$$$$$$$$$$$$$$$$$$$$$$$$$
Calling Z3str3

Returned solutions: 
(define-fun string0 () String  "BBBACB")
*************************************
Satisfiable: true
string0 => "BBBACB"
*************************************

$$$$$$$$$$$$$$$$$$$$$$$$$$$$$$$$
Calling Z3str3

Returned solutions: 
(define-fun string0 () String  "BBBACBD")
*************************************
Satisfiable: true
string0 => "BBBACBD"
*************************************


====================================================== search constraint
depth limit reached: 13

====================================================== snapshot 
thread java.lang.Thread:{id:0,name:main,status:RUNNING,priority:5,isDaemon:false,lockCount:0,suspendCount:0}
  call stack:
	at Main.main(Main.java:17)

$$$$$$$$$$$$$$$$$$$$$$$$$$$$$$$$
Calling Z3str3

Returned solutions: 
(define-fun string0 () String  "BBBACD")
*************************************
Satisfiable: true
string0 => "BBBACD"
*************************************

$$$$$$$$$$$$$$$$$$$$$$$$$$$$$$$$
Calling Z3str3

Returned solutions: 
(define-fun string0 () String  "BBBACDE")
*************************************
Satisfiable: true
string0 => "BBBACDE"
*************************************


====================================================== search constraint
depth limit reached: 13

====================================================== snapshot 
thread java.lang.Thread:{id:0,name:main,status:RUNNING,priority:5,isDaemon:false,lockCount:0,suspendCount:0}
  call stack:
	at Main.main(Main.java:17)

$$$$$$$$$$$$$$$$$$$$$$$$$$$$$$$$
Calling Z3str3

Returned solutions: 
(define-fun string0 () String  "BBA")
*************************************
Satisfiable: true
string0 => "BBA"
*************************************

$$$$$$$$$$$$$$$$$$$$$$$$$$$$$$$$
Calling Z3str3

Returned solutions: 
(define-fun string0 () String  "BBAC")
*************************************
Satisfiable: true
string0 => "BBAC"
*************************************

$$$$$$$$$$$$$$$$$$$$$$$$$$$$$$$$
Calling Z3str3

Returned solutions: 
(define-fun string0 () String  "BBAC")
*************************************
Satisfiable: true
string0 => "BBAC"
*************************************

$$$$$$$$$$$$$$$$$$$$$$$$$$$$$$$$
Calling Z3str3

Returned solutions: 
(define-fun string0 () String  "BBAB")
*************************************
Satisfiable: true
string0 => "BBAB"
*************************************

$$$$$$$$$$$$$$$$$$$$$$$$$$$$$$$$
Calling Z3str3

Returned solutions: 
(define-fun string0 () String  "BBAB")
*************************************
Satisfiable: true
string0 => "BBAB"
*************************************

$$$$$$$$$$$$$$$$$$$$$$$$$$$$$$$$
Calling Z3str3

Returned solutions: 
(define-fun string0 () String  "BBABC")
*************************************
Satisfiable: true
string0 => "BBABC"
*************************************

$$$$$$$$$$$$$$$$$$$$$$$$$$$$$$$$
Calling Z3str3

Returned solutions: 
(define-fun string0 () String  "BBABC")
*************************************
Satisfiable: true
string0 => "BBABC"
*************************************

$$$$$$$$$$$$$$$$$$$$$$$$$$$$$$$$
Calling Z3str3

Returned solutions: 
(define-fun string0 () String  "BBABB")
*************************************
Satisfiable: true
string0 => "BBABB"
*************************************

$$$$$$$$$$$$$$$$$$$$$$$$$$$$$$$$
Calling Z3str3

Returned solutions: 
(define-fun string0 () String  "BBABB")
*************************************
Satisfiable: true
string0 => "BBABB"
*************************************

$$$$$$$$$$$$$$$$$$$$$$$$$$$$$$$$
Calling Z3str3

Returned solutions: 
(define-fun string0 () String  "BBABBC")
*************************************
Satisfiable: true
string0 => "BBABBC"
*************************************

$$$$$$$$$$$$$$$$$$$$$$$$$$$$$$$$
Calling Z3str3

Returned solutions: 
(define-fun string0 () String  "BBABBC")
*************************************
Satisfiable: true
string0 => "BBABBC"
*************************************

$$$$$$$$$$$$$$$$$$$$$$$$$$$$$$$$
Calling Z3str3

Returned solutions: 
(define-fun string0 () String  "BBABBB")
*************************************
Satisfiable: true
string0 => "BBABBB"
*************************************

$$$$$$$$$$$$$$$$$$$$$$$$$$$$$$$$
Calling Z3str3

Returned solutions: 
(define-fun string0 () String  "BBABBB")
*************************************
Satisfiable: true
string0 => "BBABBB"
*************************************

$$$$$$$$$$$$$$$$$$$$$$$$$$$$$$$$
Calling Z3str3

Returned solutions: 
(define-fun string0 () String  "BBABBBC")
*************************************
Satisfiable: true
string0 => "BBABBBC"
*************************************


====================================================== search constraint
depth limit reached: 13

====================================================== snapshot 
thread java.lang.Thread:{id:0,name:main,status:RUNNING,priority:5,isDaemon:false,lockCount:0,suspendCount:0}
  call stack:
	at Main.main(Main.java:17)

$$$$$$$$$$$$$$$$$$$$$$$$$$$$$$$$
Calling Z3str3

Returned solutions: 
(define-fun string0 () String  "BBABBC")
*************************************
Satisfiable: true
string0 => "BBABBC"
*************************************

$$$$$$$$$$$$$$$$$$$$$$$$$$$$$$$$
Calling Z3str3

Returned solutions: 
(define-fun string0 () String  "BBABBCD")
*************************************
Satisfiable: true
string0 => "BBABBCD"
*************************************


====================================================== search constraint
depth limit reached: 13

====================================================== snapshot 
thread java.lang.Thread:{id:0,name:main,status:RUNNING,priority:5,isDaemon:false,lockCount:0,suspendCount:0}
  call stack:
	at Main.main(Main.java:17)

$$$$$$$$$$$$$$$$$$$$$$$$$$$$$$$$
Calling Z3str3

Returned solutions: 
(define-fun string0 () String  "BBABC")
*************************************
Satisfiable: true
string0 => "BBABC"
*************************************

$$$$$$$$$$$$$$$$$$$$$$$$$$$$$$$$
Calling Z3str3

Returned solutions: 
(define-fun string0 () String  "BBABCD")
*************************************
Satisfiable: true
string0 => "BBABCD"
*************************************

$$$$$$$$$$$$$$$$$$$$$$$$$$$$$$$$
Calling Z3str3

Returned solutions: 
(define-fun string0 () String  "BBABCD")
*************************************
Satisfiable: true
string0 => "BBABCD"
*************************************

$$$$$$$$$$$$$$$$$$$$$$$$$$$$$$$$
Calling Z3str3

Returned solutions: 
(define-fun string0 () String  "BBABCB")
*************************************
Satisfiable: true
string0 => "BBABCB"
*************************************

$$$$$$$$$$$$$$$$$$$$$$$$$$$$$$$$
Calling Z3str3

Returned solutions: 
(define-fun string0 () String  "BBABCB")
*************************************
Satisfiable: true
string0 => "BBABCB"
*************************************

$$$$$$$$$$$$$$$$$$$$$$$$$$$$$$$$
Calling Z3str3

Returned solutions: 
(define-fun string0 () String  "BBABCBD")
*************************************
Satisfiable: true
string0 => "BBABCBD"
*************************************


====================================================== search constraint
depth limit reached: 13

====================================================== snapshot 
thread java.lang.Thread:{id:0,name:main,status:RUNNING,priority:5,isDaemon:false,lockCount:0,suspendCount:0}
  call stack:
	at Main.main(Main.java:17)

$$$$$$$$$$$$$$$$$$$$$$$$$$$$$$$$
Calling Z3str3

Returned solutions: 
(define-fun string0 () String  "BBABCD")
*************************************
Satisfiable: true
string0 => "BBABCD"
*************************************

$$$$$$$$$$$$$$$$$$$$$$$$$$$$$$$$
Calling Z3str3

Returned solutions: 
(define-fun string0 () String  "BBABCDE")
*************************************
Satisfiable: true
string0 => "BBABCDE"
*************************************


====================================================== search constraint
depth limit reached: 13

====================================================== snapshot 
thread java.lang.Thread:{id:0,name:main,status:RUNNING,priority:5,isDaemon:false,lockCount:0,suspendCount:0}
  call stack:
	at Main.main(Main.java:17)

$$$$$$$$$$$$$$$$$$$$$$$$$$$$$$$$
Calling Z3str3

Returned solutions: 
(define-fun string0 () String  "BBAC")
*************************************
Satisfiable: true
string0 => "BBAC"
*************************************

$$$$$$$$$$$$$$$$$$$$$$$$$$$$$$$$
Calling Z3str3

Returned solutions: 
(define-fun string0 () String  "BBACDE")
*************************************
Satisfiable: true
string0 => "BBACDE"
*************************************

$$$$$$$$$$$$$$$$$$$$$$$$$$$$$$$$
Calling Z3str3

Returned solutions: 
(define-fun string0 () String  "BBACD")
*************************************
Satisfiable: true
string0 => "BBACD"
*************************************

$$$$$$$$$$$$$$$$$$$$$$$$$$$$$$$$
Calling Z3str3

Returned solutions: 
(define-fun string0 () String  "BBACB")
*************************************
Satisfiable: true
string0 => "BBACB"
*************************************

$$$$$$$$$$$$$$$$$$$$$$$$$$$$$$$$
Calling Z3str3

Returned solutions: 
(define-fun string0 () String  "BBACB")
*************************************
Satisfiable: true
string0 => "BBACB"
*************************************

$$$$$$$$$$$$$$$$$$$$$$$$$$$$$$$$
Calling Z3str3

Returned solutions: 
(define-fun string0 () String  "BBACBD")
*************************************
Satisfiable: true
string0 => "BBACBD"
*************************************

$$$$$$$$$$$$$$$$$$$$$$$$$$$$$$$$
Calling Z3str3

Returned solutions: 
(define-fun string0 () String  "BBACBD")
*************************************
Satisfiable: true
string0 => "BBACBD"
*************************************

$$$$$$$$$$$$$$$$$$$$$$$$$$$$$$$$
Calling Z3str3

Returned solutions: 
(define-fun string0 () String  "BBACBB")
*************************************
Satisfiable: true
string0 => "BBACBB"
*************************************

$$$$$$$$$$$$$$$$$$$$$$$$$$$$$$$$
Calling Z3str3

Returned solutions: 
(define-fun string0 () String  "BBACBB")
*************************************
Satisfiable: true
string0 => "BBACBB"
*************************************

$$$$$$$$$$$$$$$$$$$$$$$$$$$$$$$$
Calling Z3str3

Returned solutions: 
(define-fun string0 () String  "BBACBBD")
*************************************
Satisfiable: true
string0 => "BBACBBD"
*************************************


====================================================== search constraint
depth limit reached: 13

====================================================== snapshot 
thread java.lang.Thread:{id:0,name:main,status:RUNNING,priority:5,isDaemon:false,lockCount:0,suspendCount:0}
  call stack:
	at Main.main(Main.java:17)

$$$$$$$$$$$$$$$$$$$$$$$$$$$$$$$$
Calling Z3str3

Returned solutions: 
(define-fun string0 () String  "BBACBD")
*************************************
Satisfiable: true
string0 => "BBACBD"
*************************************

$$$$$$$$$$$$$$$$$$$$$$$$$$$$$$$$
Calling Z3str3

Returned solutions: 
(define-fun string0 () String  "BBACBDE")
*************************************
Satisfiable: true
string0 => "BBACBDE"
*************************************


====================================================== search constraint
depth limit reached: 13

====================================================== snapshot 
thread java.lang.Thread:{id:0,name:main,status:RUNNING,priority:5,isDaemon:false,lockCount:0,suspendCount:0}
  call stack:
	at Main.main(Main.java:17)

$$$$$$$$$$$$$$$$$$$$$$$$$$$$$$$$
Calling Z3str3

Returned solutions: 
(define-fun string0 () String  "BBACD")
*************************************
Satisfiable: true
string0 => "BBACD"
*************************************

$$$$$$$$$$$$$$$$$$$$$$$$$$$$$$$$
Calling Z3str3

Returned solutions: 
(define-fun string0 () String  "BBACDE")
*************************************
Satisfiable: true
string0 => "BBACDE"
*************************************

$$$$$$$$$$$$$$$$$$$$$$$$$$$$$$$$
Calling Z3str3

Returned solutions: 
(define-fun string0 () String  "BBACDE")
*************************************
Satisfiable: true
string0 => "BBACDE"
*************************************

$$$$$$$$$$$$$$$$$$$$$$$$$$$$$$$$
Calling Z3str3

Returned solutions: 
(define-fun string0 () String  "BBACDB")
*************************************
Satisfiable: true
string0 => "BBACDB"
*************************************

$$$$$$$$$$$$$$$$$$$$$$$$$$$$$$$$
Calling Z3str3

Returned solutions: 
(define-fun string0 () String  "BBACDB")
*************************************
Satisfiable: true
string0 => "BBACDB"
*************************************

$$$$$$$$$$$$$$$$$$$$$$$$$$$$$$$$
Calling Z3str3

Returned solutions: 
(define-fun string0 () String  "BBACDBE")
*************************************
Satisfiable: true
string0 => "BBACDBE"
*************************************


====================================================== search constraint
depth limit reached: 13

====================================================== snapshot 
thread java.lang.Thread:{id:0,name:main,status:RUNNING,priority:5,isDaemon:false,lockCount:0,suspendCount:0}
  call stack:
	at Main.main(Main.java:17)

$$$$$$$$$$$$$$$$$$$$$$$$$$$$$$$$
Calling Z3str3

Returned solutions: 
(define-fun string0 () String  "BBACDE")
*************************************
Satisfiable: true
string0 => "BBACDE"
*************************************

$$$$$$$$$$$$$$$$$$$$$$$$$$$$$$$$
Calling Z3str3

Returned solutions: 
(define-fun string0 () String  "BBACDEF")
*************************************
Satisfiable: true
string0 => "BBACDEF"
*************************************


====================================================== search constraint
depth limit reached: 13

====================================================== snapshot 
thread java.lang.Thread:{id:0,name:main,status:RUNNING,priority:5,isDaemon:false,lockCount:0,suspendCount:0}
  call stack:
	at Main.main(Main.java:17)

$$$$$$$$$$$$$$$$$$$$$$$$$$$$$$$$
Calling Z3str3

Returned solutions: 
(define-fun string0 () String  "BA")
*************************************
Satisfiable: true
string0 => "BA"
*************************************

$$$$$$$$$$$$$$$$$$$$$$$$$$$$$$$$
Calling Z3str3

Returned solutions: 
(define-fun string0 () String  "BAC")
*************************************
Satisfiable: true
string0 => "BAC"
*************************************

$$$$$$$$$$$$$$$$$$$$$$$$$$$$$$$$
Calling Z3str3

Returned solutions: 
(define-fun string0 () String  "BAC")
*************************************
Satisfiable: true
string0 => "BAC"
*************************************

$$$$$$$$$$$$$$$$$$$$$$$$$$$$$$$$
Calling Z3str3

Returned solutions: 
(define-fun string0 () String  "BAB")
*************************************
Satisfiable: true
string0 => "BAB"
*************************************

$$$$$$$$$$$$$$$$$$$$$$$$$$$$$$$$
Calling Z3str3

Returned solutions: 
(define-fun string0 () String  "BAB")
*************************************
Satisfiable: true
string0 => "BAB"
*************************************

$$$$$$$$$$$$$$$$$$$$$$$$$$$$$$$$
Calling Z3str3

Returned solutions: 
(define-fun string0 () String  "BABC")
*************************************
Satisfiable: true
string0 => "BABC"
*************************************

$$$$$$$$$$$$$$$$$$$$$$$$$$$$$$$$
Calling Z3str3

Returned solutions: 
(define-fun string0 () String  "BABC")
*************************************
Satisfiable: true
string0 => "BABC"
*************************************

$$$$$$$$$$$$$$$$$$$$$$$$$$$$$$$$
Calling Z3str3

Returned solutions: 
(define-fun string0 () String  "BABB")
*************************************
Satisfiable: true
string0 => "BABB"
*************************************

$$$$$$$$$$$$$$$$$$$$$$$$$$$$$$$$
Calling Z3str3

Returned solutions: 
(define-fun string0 () String  "BABB")
*************************************
Satisfiable: true
string0 => "BABB"
*************************************

$$$$$$$$$$$$$$$$$$$$$$$$$$$$$$$$
Calling Z3str3

Returned solutions: 
(define-fun string0 () String  "BABBC")
*************************************
Satisfiable: true
string0 => "BABBC"
*************************************

$$$$$$$$$$$$$$$$$$$$$$$$$$$$$$$$
Calling Z3str3

Returned solutions: 
(define-fun string0 () String  "BABBC")
*************************************
Satisfiable: true
string0 => "BABBC"
*************************************

$$$$$$$$$$$$$$$$$$$$$$$$$$$$$$$$
Calling Z3str3

Returned solutions: 
(define-fun string0 () String  "BABBB")
*************************************
Satisfiable: true
string0 => "BABBB"
*************************************

$$$$$$$$$$$$$$$$$$$$$$$$$$$$$$$$
Calling Z3str3

Returned solutions: 
(define-fun string0 () String  "BABBB")
*************************************
Satisfiable: true
string0 => "BABBB"
*************************************

$$$$$$$$$$$$$$$$$$$$$$$$$$$$$$$$
Calling Z3str3

Returned solutions: 
(define-fun string0 () String  "BABBBC")
*************************************
Satisfiable: true
string0 => "BABBBC"
*************************************

$$$$$$$$$$$$$$$$$$$$$$$$$$$$$$$$
Calling Z3str3

Returned solutions: 
(define-fun string0 () String  "BABBBC")
*************************************
Satisfiable: true
string0 => "BABBBC"
*************************************

$$$$$$$$$$$$$$$$$$$$$$$$$$$$$$$$
Calling Z3str3

Returned solutions: 
(define-fun string0 () String  "BABBBB")
*************************************
Satisfiable: true
string0 => "BABBBB"
*************************************

$$$$$$$$$$$$$$$$$$$$$$$$$$$$$$$$
Calling Z3str3

Returned solutions: 
(define-fun string0 () String  "BABBBB")
*************************************
Satisfiable: true
string0 => "BABBBB"
*************************************

$$$$$$$$$$$$$$$$$$$$$$$$$$$$$$$$
Calling Z3str3

Returned solutions: 
(define-fun string0 () String  "BABBBBC")
*************************************
Satisfiable: true
string0 => "BABBBBC"
*************************************


====================================================== search constraint
depth limit reached: 13

====================================================== snapshot 
thread java.lang.Thread:{id:0,name:main,status:RUNNING,priority:5,isDaemon:false,lockCount:0,suspendCount:0}
  call stack:
	at Main.main(Main.java:17)

$$$$$$$$$$$$$$$$$$$$$$$$$$$$$$$$
Calling Z3str3

Returned solutions: 
(define-fun string0 () String  "BABBBC")
*************************************
Satisfiable: true
string0 => "BABBBC"
*************************************

$$$$$$$$$$$$$$$$$$$$$$$$$$$$$$$$
Calling Z3str3

Returned solutions: 
(define-fun string0 () String  "BABBBCD")
*************************************
Satisfiable: true
string0 => "BABBBCD"
*************************************


====================================================== search constraint
depth limit reached: 13

====================================================== snapshot 
thread java.lang.Thread:{id:0,name:main,status:RUNNING,priority:5,isDaemon:false,lockCount:0,suspendCount:0}
  call stack:
	at Main.main(Main.java:17)

$$$$$$$$$$$$$$$$$$$$$$$$$$$$$$$$
Calling Z3str3

Returned solutions: 
(define-fun string0 () String  "BABBC")
*************************************
Satisfiable: true
string0 => "BABBC"
*************************************

$$$$$$$$$$$$$$$$$$$$$$$$$$$$$$$$
Calling Z3str3

Returned solutions: 
(define-fun string0 () String  "BABBCD")
*************************************
Satisfiable: true
string0 => "BABBCD"
*************************************

$$$$$$$$$$$$$$$$$$$$$$$$$$$$$$$$
Calling Z3str3

Returned solutions: 
(define-fun string0 () String  "BABBCD")
*************************************
Satisfiable: true
string0 => "BABBCD"
*************************************

$$$$$$$$$$$$$$$$$$$$$$$$$$$$$$$$
Calling Z3str3

Returned solutions: 
(define-fun string0 () String  "BABBCB")
*************************************
Satisfiable: true
string0 => "BABBCB"
*************************************

$$$$$$$$$$$$$$$$$$$$$$$$$$$$$$$$
Calling Z3str3

Returned solutions: 
(define-fun string0 () String  "BABBCB")
*************************************
Satisfiable: true
string0 => "BABBCB"
*************************************

$$$$$$$$$$$$$$$$$$$$$$$$$$$$$$$$
Calling Z3str3

Returned solutions: 
(define-fun string0 () String  "BABBCBD")
*************************************
Satisfiable: true
string0 => "BABBCBD"
*************************************


====================================================== search constraint
depth limit reached: 13

====================================================== snapshot 
thread java.lang.Thread:{id:0,name:main,status:RUNNING,priority:5,isDaemon:false,lockCount:0,suspendCount:0}
  call stack:
	at Main.main(Main.java:17)

$$$$$$$$$$$$$$$$$$$$$$$$$$$$$$$$
Calling Z3str3

Returned solutions: 
(define-fun string0 () String  "BABBCD")
*************************************
Satisfiable: true
string0 => "BABBCD"
*************************************

$$$$$$$$$$$$$$$$$$$$$$$$$$$$$$$$
Calling Z3str3

Returned solutions: 
(define-fun string0 () String  "BABBCDE")
*************************************
Satisfiable: true
string0 => "BABBCDE"
*************************************


====================================================== search constraint
depth limit reached: 13

====================================================== snapshot 
thread java.lang.Thread:{id:0,name:main,status:RUNNING,priority:5,isDaemon:false,lockCount:0,suspendCount:0}
  call stack:
	at Main.main(Main.java:17)

$$$$$$$$$$$$$$$$$$$$$$$$$$$$$$$$
Calling Z3str3

Returned solutions: 
(define-fun string0 () String  "BABC")
*************************************
Satisfiable: true
string0 => "BABC"
*************************************

$$$$$$$$$$$$$$$$$$$$$$$$$$$$$$$$
Calling Z3str3

Returned solutions: 
(define-fun string0 () String  "BABCDE")
*************************************
Satisfiable: true
string0 => "BABCDE"
*************************************

$$$$$$$$$$$$$$$$$$$$$$$$$$$$$$$$
Calling Z3str3

Returned solutions: 
(define-fun string0 () String  "BABCD")
*************************************
Satisfiable: true
string0 => "BABCD"
*************************************

$$$$$$$$$$$$$$$$$$$$$$$$$$$$$$$$
Calling Z3str3

Returned solutions: 
(define-fun string0 () String  "BABCB")
*************************************
Satisfiable: true
string0 => "BABCB"
*************************************

$$$$$$$$$$$$$$$$$$$$$$$$$$$$$$$$
Calling Z3str3

Returned solutions: 
(define-fun string0 () String  "BABCB")
*************************************
Satisfiable: true
string0 => "BABCB"
*************************************

$$$$$$$$$$$$$$$$$$$$$$$$$$$$$$$$
Calling Z3str3

Returned solutions: 
(define-fun string0 () String  "BABCBD")
*************************************
Satisfiable: true
string0 => "BABCBD"
*************************************

$$$$$$$$$$$$$$$$$$$$$$$$$$$$$$$$
Calling Z3str3

Returned solutions: 
(define-fun string0 () String  "BABCBD")
*************************************
Satisfiable: true
string0 => "BABCBD"
*************************************

$$$$$$$$$$$$$$$$$$$$$$$$$$$$$$$$
Calling Z3str3

Returned solutions: 
(define-fun string0 () String  "BABCBB")
*************************************
Satisfiable: true
string0 => "BABCBB"
*************************************

$$$$$$$$$$$$$$$$$$$$$$$$$$$$$$$$
Calling Z3str3

Returned solutions: 
(define-fun string0 () String  "BABCBB")
*************************************
Satisfiable: true
string0 => "BABCBB"
*************************************

$$$$$$$$$$$$$$$$$$$$$$$$$$$$$$$$
Calling Z3str3

Returned solutions: 
(define-fun string0 () String  "BABCBBD")
*************************************
Satisfiable: true
string0 => "BABCBBD"
*************************************


====================================================== search constraint
depth limit reached: 13

====================================================== snapshot 
thread java.lang.Thread:{id:0,name:main,status:RUNNING,priority:5,isDaemon:false,lockCount:0,suspendCount:0}
  call stack:
	at Main.main(Main.java:17)

$$$$$$$$$$$$$$$$$$$$$$$$$$$$$$$$
Calling Z3str3

Returned solutions: 
(define-fun string0 () String  "BABCBD")
*************************************
Satisfiable: true
string0 => "BABCBD"
*************************************

$$$$$$$$$$$$$$$$$$$$$$$$$$$$$$$$
Calling Z3str3

Returned solutions: 
(define-fun string0 () String  "BABCBDE")
*************************************
Satisfiable: true
string0 => "BABCBDE"
*************************************


====================================================== search constraint
depth limit reached: 13

====================================================== snapshot 
thread java.lang.Thread:{id:0,name:main,status:RUNNING,priority:5,isDaemon:false,lockCount:0,suspendCount:0}
  call stack:
	at Main.main(Main.java:17)

$$$$$$$$$$$$$$$$$$$$$$$$$$$$$$$$
Calling Z3str3

Returned solutions: 
(define-fun string0 () String  "BABCD")
*************************************
Satisfiable: true
string0 => "BABCD"
*************************************

$$$$$$$$$$$$$$$$$$$$$$$$$$$$$$$$
Calling Z3str3

Returned solutions: 
(define-fun string0 () String  "BABCDE")
*************************************
Satisfiable: true
string0 => "BABCDE"
*************************************

$$$$$$$$$$$$$$$$$$$$$$$$$$$$$$$$
Calling Z3str3

Returned solutions: 
(define-fun string0 () String  "BABCDE")
*************************************
Satisfiable: true
string0 => "BABCDE"
*************************************

$$$$$$$$$$$$$$$$$$$$$$$$$$$$$$$$
Calling Z3str3

Returned solutions: 
(define-fun string0 () String  "BABCDB")
*************************************
Satisfiable: true
string0 => "BABCDB"
*************************************

$$$$$$$$$$$$$$$$$$$$$$$$$$$$$$$$
Calling Z3str3

Returned solutions: 
(define-fun string0 () String  "BABCDB")
*************************************
Satisfiable: true
string0 => "BABCDB"
*************************************

$$$$$$$$$$$$$$$$$$$$$$$$$$$$$$$$
Calling Z3str3

Returned solutions: 
(define-fun string0 () String  "BABCDBE")
*************************************
Satisfiable: true
string0 => "BABCDBE"
*************************************


====================================================== search constraint
depth limit reached: 13

====================================================== snapshot 
thread java.lang.Thread:{id:0,name:main,status:RUNNING,priority:5,isDaemon:false,lockCount:0,suspendCount:0}
  call stack:
	at Main.main(Main.java:17)

$$$$$$$$$$$$$$$$$$$$$$$$$$$$$$$$
Calling Z3str3

Returned solutions: 
(define-fun string0 () String  "BABCDE")
*************************************
Satisfiable: true
string0 => "BABCDE"
*************************************

$$$$$$$$$$$$$$$$$$$$$$$$$$$$$$$$
Calling Z3str3

Returned solutions: 
(define-fun string0 () String  "BABCDEF")
*************************************
Satisfiable: true
string0 => "BABCDEF"
*************************************


====================================================== search constraint
depth limit reached: 13

====================================================== snapshot 
thread java.lang.Thread:{id:0,name:main,status:RUNNING,priority:5,isDaemon:false,lockCount:0,suspendCount:0}
  call stack:
	at Main.main(Main.java:17)

$$$$$$$$$$$$$$$$$$$$$$$$$$$$$$$$
Calling Z3str3

Returned solutions: 
(define-fun string0 () String  "BAC")
*************************************
Satisfiable: true
string0 => "BAC"
*************************************

$$$$$$$$$$$$$$$$$$$$$$$$$$$$$$$$
Calling Z3str3

Returned solutions: 
(define-fun string0 () String  "BACD")
*************************************
Satisfiable: true
string0 => "BACD"
*************************************

$$$$$$$$$$$$$$$$$$$$$$$$$$$$$$$$
Calling Z3str3

Returned solutions: 
(define-fun string0 () String  "BACD")
*************************************
Satisfiable: true
string0 => "BACD"
*************************************

$$$$$$$$$$$$$$$$$$$$$$$$$$$$$$$$
Calling Z3str3

Returned solutions: 
(define-fun string0 () String  "BACB")
*************************************
Satisfiable: true
string0 => "BACB"
*************************************

$$$$$$$$$$$$$$$$$$$$$$$$$$$$$$$$
Calling Z3str3

Returned solutions: 
(define-fun string0 () String  "BACB")
*************************************
Satisfiable: true
string0 => "BACB"
*************************************

$$$$$$$$$$$$$$$$$$$$$$$$$$$$$$$$
Calling Z3str3

Returned solutions: 
(define-fun string0 () String  "BACBDE")
*************************************
Satisfiable: true
string0 => "BACBDE"
*************************************

$$$$$$$$$$$$$$$$$$$$$$$$$$$$$$$$
Calling Z3str3

Returned solutions: 
(define-fun string0 () String  "BACBD")
*************************************
Satisfiable: true
string0 => "BACBD"
*************************************

$$$$$$$$$$$$$$$$$$$$$$$$$$$$$$$$
Calling Z3str3

Returned solutions: 
(define-fun string0 () String  "BACBB")
*************************************
Satisfiable: true
string0 => "BACBB"
*************************************

$$$$$$$$$$$$$$$$$$$$$$$$$$$$$$$$
Calling Z3str3

Returned solutions: 
(define-fun string0 () String  "BACBB")
*************************************
Satisfiable: true
string0 => "BACBB"
*************************************

$$$$$$$$$$$$$$$$$$$$$$$$$$$$$$$$
Calling Z3str3

Returned solutions: 
(define-fun string0 () String  "BACBBD")
*************************************
Satisfiable: true
string0 => "BACBBD"
*************************************

$$$$$$$$$$$$$$$$$$$$$$$$$$$$$$$$
Calling Z3str3

Returned solutions: 
(define-fun string0 () String  "BACBBD")
*************************************
Satisfiable: true
string0 => "BACBBD"
*************************************

$$$$$$$$$$$$$$$$$$$$$$$$$$$$$$$$
Calling Z3str3

Returned solutions: 
(define-fun string0 () String  "BACBBB")
*************************************
Satisfiable: true
string0 => "BACBBB"
*************************************

$$$$$$$$$$$$$$$$$$$$$$$$$$$$$$$$
Calling Z3str3

Returned solutions: 
(define-fun string0 () String  "BACBBB")
*************************************
Satisfiable: true
string0 => "BACBBB"
*************************************

$$$$$$$$$$$$$$$$$$$$$$$$$$$$$$$$
Calling Z3str3

Returned solutions: 
(define-fun string0 () String  "BACBBBD")
*************************************
Satisfiable: true
string0 => "BACBBBD"
*************************************


====================================================== search constraint
depth limit reached: 13

====================================================== snapshot 
thread java.lang.Thread:{id:0,name:main,status:RUNNING,priority:5,isDaemon:false,lockCount:0,suspendCount:0}
  call stack:
	at Main.main(Main.java:17)

$$$$$$$$$$$$$$$$$$$$$$$$$$$$$$$$
Calling Z3str3

Returned solutions: 
(define-fun string0 () String  "BACBBD")
*************************************
Satisfiable: true
string0 => "BACBBD"
*************************************

$$$$$$$$$$$$$$$$$$$$$$$$$$$$$$$$
Calling Z3str3

Returned solutions: 
(define-fun string0 () String  "BACBBDE")
*************************************
Satisfiable: true
string0 => "BACBBDE"
*************************************


====================================================== search constraint
depth limit reached: 13

====================================================== snapshot 
thread java.lang.Thread:{id:0,name:main,status:RUNNING,priority:5,isDaemon:false,lockCount:0,suspendCount:0}
  call stack:
	at Main.main(Main.java:17)

$$$$$$$$$$$$$$$$$$$$$$$$$$$$$$$$
Calling Z3str3

Returned solutions: 
(define-fun string0 () String  "BACBD")
*************************************
Satisfiable: true
string0 => "BACBD"
*************************************

$$$$$$$$$$$$$$$$$$$$$$$$$$$$$$$$
Calling Z3str3

Returned solutions: 
(define-fun string0 () String  "BACBDE")
*************************************
Satisfiable: true
string0 => "BACBDE"
*************************************

$$$$$$$$$$$$$$$$$$$$$$$$$$$$$$$$
Calling Z3str3

Returned solutions: 
(define-fun string0 () String  "BACBDE")
*************************************
Satisfiable: true
string0 => "BACBDE"
*************************************

$$$$$$$$$$$$$$$$$$$$$$$$$$$$$$$$
Calling Z3str3

Returned solutions: 
(define-fun string0 () String  "BACBDB")
*************************************
Satisfiable: true
string0 => "BACBDB"
*************************************

$$$$$$$$$$$$$$$$$$$$$$$$$$$$$$$$
Calling Z3str3

Returned solutions: 
(define-fun string0 () String  "BACBDB")
*************************************
Satisfiable: true
string0 => "BACBDB"
*************************************

$$$$$$$$$$$$$$$$$$$$$$$$$$$$$$$$
Calling Z3str3

Returned solutions: 
(define-fun string0 () String  "BACBDBE")
*************************************
Satisfiable: true
string0 => "BACBDBE"
*************************************


====================================================== search constraint
depth limit reached: 13

====================================================== snapshot 
thread java.lang.Thread:{id:0,name:main,status:RUNNING,priority:5,isDaemon:false,lockCount:0,suspendCount:0}
  call stack:
	at Main.main(Main.java:17)

$$$$$$$$$$$$$$$$$$$$$$$$$$$$$$$$
Calling Z3str3

Returned solutions: 
(define-fun string0 () String  "BACBDE")
*************************************
Satisfiable: true
string0 => "BACBDE"
*************************************

$$$$$$$$$$$$$$$$$$$$$$$$$$$$$$$$
Calling Z3str3

Returned solutions: 
(define-fun string0 () String  "BACBDEF")
*************************************
Satisfiable: true
string0 => "BACBDEF"
*************************************


====================================================== search constraint
depth limit reached: 13

====================================================== snapshot 
thread java.lang.Thread:{id:0,name:main,status:RUNNING,priority:5,isDaemon:false,lockCount:0,suspendCount:0}
  call stack:
	at Main.main(Main.java:17)

$$$$$$$$$$$$$$$$$$$$$$$$$$$$$$$$
Calling Z3str3

Returned solutions: 
(define-fun string0 () String  "BACD")
*************************************
Satisfiable: true
string0 => "BACD"
*************************************

$$$$$$$$$$$$$$$$$$$$$$$$$$$$$$$$
Calling Z3str3

Returned solutions: 
(define-fun string0 () String  "BACDEF")
*************************************
Satisfiable: true
string0 => "BACDEF"
*************************************

$$$$$$$$$$$$$$$$$$$$$$$$$$$$$$$$
Calling Z3str3

Returned solutions: 
(define-fun string0 () String  "BACDE")
*************************************
Satisfiable: true
string0 => "BACDE"
*************************************

$$$$$$$$$$$$$$$$$$$$$$$$$$$$$$$$
Calling Z3str3

Returned solutions: 
(define-fun string0 () String  "BACDB")
*************************************
Satisfiable: true
string0 => "BACDB"
*************************************

$$$$$$$$$$$$$$$$$$$$$$$$$$$$$$$$
Calling Z3str3

Returned solutions: 
(define-fun string0 () String  "BACDB")
*************************************
Satisfiable: true
string0 => "BACDB"
*************************************

$$$$$$$$$$$$$$$$$$$$$$$$$$$$$$$$
Calling Z3str3

Returned solutions: 
(define-fun string0 () String  "BACDBE")
*************************************
Satisfiable: true
string0 => "BACDBE"
*************************************

$$$$$$$$$$$$$$$$$$$$$$$$$$$$$$$$
Calling Z3str3

Returned solutions: 
(define-fun string0 () String  "BACDBE")
*************************************
Satisfiable: true
string0 => "BACDBE"
*************************************

$$$$$$$$$$$$$$$$$$$$$$$$$$$$$$$$
Calling Z3str3

Returned solutions: 
(define-fun string0 () String  "BACDBB")
*************************************
Satisfiable: true
string0 => "BACDBB"
*************************************

$$$$$$$$$$$$$$$$$$$$$$$$$$$$$$$$
Calling Z3str3

Returned solutions: 
(define-fun string0 () String  "BACDBB")
*************************************
Satisfiable: true
string0 => "BACDBB"
*************************************

$$$$$$$$$$$$$$$$$$$$$$$$$$$$$$$$
Calling Z3str3

Returned solutions: 
(define-fun string0 () String  "BACDBBE")
*************************************
Satisfiable: true
string0 => "BACDBBE"
*************************************


====================================================== search constraint
depth limit reached: 13

====================================================== snapshot 
thread java.lang.Thread:{id:0,name:main,status:RUNNING,priority:5,isDaemon:false,lockCount:0,suspendCount:0}
  call stack:
	at Main.main(Main.java:17)

$$$$$$$$$$$$$$$$$$$$$$$$$$$$$$$$
Calling Z3str3

Returned solutions: 
(define-fun string0 () String  "BACDBE")
*************************************
Satisfiable: true
string0 => "BACDBE"
*************************************

$$$$$$$$$$$$$$$$$$$$$$$$$$$$$$$$
Calling Z3str3

Returned solutions: 
(define-fun string0 () String  "BACDBEF")
*************************************
Satisfiable: true
string0 => "BACDBEF"
*************************************


====================================================== search constraint
depth limit reached: 13

====================================================== snapshot 
thread java.lang.Thread:{id:0,name:main,status:RUNNING,priority:5,isDaemon:false,lockCount:0,suspendCount:0}
  call stack:
	at Main.main(Main.java:17)

$$$$$$$$$$$$$$$$$$$$$$$$$$$$$$$$
Calling Z3str3

Returned solutions: 
(define-fun string0 () String  "BACDE")
*************************************
Satisfiable: true
string0 => "BACDE"
*************************************

$$$$$$$$$$$$$$$$$$$$$$$$$$$$$$$$
Calling Z3str3

Returned solutions: 
(define-fun string0 () String  "BACDEF")
*************************************
Satisfiable: true
string0 => "BACDEF"
*************************************

$$$$$$$$$$$$$$$$$$$$$$$$$$$$$$$$
Calling Z3str3

Returned solutions: 
(define-fun string0 () String  "BACDEF")
*************************************
Satisfiable: true
string0 => "BACDEF"
*************************************

$$$$$$$$$$$$$$$$$$$$$$$$$$$$$$$$
Calling Z3str3

Returned solutions: 
(define-fun string0 () String  "BACDEB")
*************************************
Satisfiable: true
string0 => "BACDEB"
*************************************

$$$$$$$$$$$$$$$$$$$$$$$$$$$$$$$$
Calling Z3str3

Returned solutions: 
(define-fun string0 () String  "BACDEB")
*************************************
Satisfiable: true
string0 => "BACDEB"
*************************************

$$$$$$$$$$$$$$$$$$$$$$$$$$$$$$$$
Calling Z3str3

Returned solutions: 
(define-fun string0 () String  "BACDEBF")
*************************************
Satisfiable: true
string0 => "BACDEBF"
*************************************


====================================================== search constraint
depth limit reached: 13

====================================================== snapshot 
thread java.lang.Thread:{id:0,name:main,status:RUNNING,priority:5,isDaemon:false,lockCount:0,suspendCount:0}
  call stack:
	at Main.main(Main.java:17)

$$$$$$$$$$$$$$$$$$$$$$$$$$$$$$$$
Calling Z3str3

Returned solutions: 
(define-fun string0 () String  "BACDEF")
*************************************
Satisfiable: true
string0 => "BACDEF"
*************************************

$$$$$$$$$$$$$$$$$$$$$$$$$$$$$$$$
Calling Z3str3

Returned solutions: 
(define-fun string0 () String  "BACDEFG")
*************************************
Satisfiable: true
string0 => "BACDEFG"
*************************************


====================================================== search constraint
depth limit reached: 13

====================================================== snapshot 
thread java.lang.Thread:{id:0,name:main,status:RUNNING,priority:5,isDaemon:false,lockCount:0,suspendCount:0}
  call stack:
	at Main.main(Main.java:17)

$$$$$$$$$$$$$$$$$$$$$$$$$$$$$$$$
Calling Z3str3

Returned solutions: 
(define-fun string0 () String  "A")
*************************************
Satisfiable: true
string0 => "A"
*************************************

$$$$$$$$$$$$$$$$$$$$$$$$$$$$$$$$
Calling Z3str3

Returned solutions: 
(define-fun string0 () String  "AC")
*************************************
Satisfiable: true
string0 => "AC"
*************************************

$$$$$$$$$$$$$$$$$$$$$$$$$$$$$$$$
Calling Z3str3

Returned solutions: 
(define-fun string0 () String  "AC")
*************************************
Satisfiable: true
string0 => "AC"
*************************************

$$$$$$$$$$$$$$$$$$$$$$$$$$$$$$$$
Calling Z3str3

Returned solutions: 
(define-fun string0 () String  "AB")
*************************************
Satisfiable: true
string0 => "AB"
*************************************

$$$$$$$$$$$$$$$$$$$$$$$$$$$$$$$$
Calling Z3str3

Returned solutions: 
(define-fun string0 () String  "AB")
*************************************
Satisfiable: true
string0 => "AB"
*************************************

$$$$$$$$$$$$$$$$$$$$$$$$$$$$$$$$
Calling Z3str3

Returned solutions: 
(define-fun string0 () String  "ABC")
*************************************
Satisfiable: true
string0 => "ABC"
*************************************

$$$$$$$$$$$$$$$$$$$$$$$$$$$$$$$$
Calling Z3str3

Returned solutions: 
(define-fun string0 () String  "ABC")
*************************************
Satisfiable: true
string0 => "ABC"
*************************************

$$$$$$$$$$$$$$$$$$$$$$$$$$$$$$$$
Calling Z3str3

Returned solutions: 
(define-fun string0 () String  "ABB")
*************************************
Satisfiable: true
string0 => "ABB"
*************************************

$$$$$$$$$$$$$$$$$$$$$$$$$$$$$$$$
Calling Z3str3

Returned solutions: 
(define-fun string0 () String  "ABB")
*************************************
Satisfiable: true
string0 => "ABB"
*************************************

$$$$$$$$$$$$$$$$$$$$$$$$$$$$$$$$
Calling Z3str3

Returned solutions: 
(define-fun string0 () String  "ABBC")
*************************************
Satisfiable: true
string0 => "ABBC"
*************************************

$$$$$$$$$$$$$$$$$$$$$$$$$$$$$$$$
Calling Z3str3

Returned solutions: 
(define-fun string0 () String  "ABBC")
*************************************
Satisfiable: true
string0 => "ABBC"
*************************************

$$$$$$$$$$$$$$$$$$$$$$$$$$$$$$$$
Calling Z3str3

Returned solutions: 
(define-fun string0 () String  "ABBB")
*************************************
Satisfiable: true
string0 => "ABBB"
*************************************

$$$$$$$$$$$$$$$$$$$$$$$$$$$$$$$$
Calling Z3str3

Returned solutions: 
(define-fun string0 () String  "ABBB")
*************************************
Satisfiable: true
string0 => "ABBB"
*************************************

$$$$$$$$$$$$$$$$$$$$$$$$$$$$$$$$
Calling Z3str3

Returned solutions: 
(define-fun string0 () String  "ABBBC")
*************************************
Satisfiable: true
string0 => "ABBBC"
*************************************

$$$$$$$$$$$$$$$$$$$$$$$$$$$$$$$$
Calling Z3str3

Returned solutions: 
(define-fun string0 () String  "ABBBC")
*************************************
Satisfiable: true
string0 => "ABBBC"
*************************************

$$$$$$$$$$$$$$$$$$$$$$$$$$$$$$$$
Calling Z3str3

Returned solutions: 
(define-fun string0 () String  "ABBBB")
*************************************
Satisfiable: true
string0 => "ABBBB"
*************************************

$$$$$$$$$$$$$$$$$$$$$$$$$$$$$$$$
Calling Z3str3

Returned solutions: 
(define-fun string0 () String  "ABBBB")
*************************************
Satisfiable: true
string0 => "ABBBB"
*************************************

$$$$$$$$$$$$$$$$$$$$$$$$$$$$$$$$
Calling Z3str3

Returned solutions: 
(define-fun string0 () String  "ABBBBC")
*************************************
Satisfiable: true
string0 => "ABBBBC"
*************************************

$$$$$$$$$$$$$$$$$$$$$$$$$$$$$$$$
Calling Z3str3

Returned solutions: 
(define-fun string0 () String  "ABBBBC")
*************************************
Satisfiable: true
string0 => "ABBBBC"
*************************************

$$$$$$$$$$$$$$$$$$$$$$$$$$$$$$$$
Calling Z3str3

Returned solutions: 
(define-fun string0 () String  "ABBBBB")
*************************************
Satisfiable: true
string0 => "ABBBBB"
*************************************

$$$$$$$$$$$$$$$$$$$$$$$$$$$$$$$$
Calling Z3str3

Returned solutions: 
(define-fun string0 () String  "ABBBBB")
*************************************
Satisfiable: true
string0 => "ABBBBB"
*************************************

$$$$$$$$$$$$$$$$$$$$$$$$$$$$$$$$
Calling Z3str3

Returned solutions: 
(define-fun string0 () String  "ABBBBBC")
*************************************
Satisfiable: true
string0 => "ABBBBBC"
*************************************


====================================================== search constraint
depth limit reached: 13

====================================================== snapshot 
thread java.lang.Thread:{id:0,name:main,status:RUNNING,priority:5,isDaemon:false,lockCount:0,suspendCount:0}
  call stack:
	at Main.main(Main.java:17)

$$$$$$$$$$$$$$$$$$$$$$$$$$$$$$$$
Calling Z3str3

Returned solutions: 
(define-fun string0 () String  "ABBBBC")
*************************************
Satisfiable: true
string0 => "ABBBBC"
*************************************

$$$$$$$$$$$$$$$$$$$$$$$$$$$$$$$$
Calling Z3str3

Returned solutions: 
(define-fun string0 () String  "ABBBBCD")
*************************************
Satisfiable: true
string0 => "ABBBBCD"
*************************************


====================================================== search constraint
depth limit reached: 13

====================================================== snapshot 
thread java.lang.Thread:{id:0,name:main,status:RUNNING,priority:5,isDaemon:false,lockCount:0,suspendCount:0}
  call stack:
	at Main.main(Main.java:17)

$$$$$$$$$$$$$$$$$$$$$$$$$$$$$$$$
Calling Z3str3

Returned solutions: 
(define-fun string0 () String  "ABBBC")
*************************************
Satisfiable: true
string0 => "ABBBC"
*************************************

$$$$$$$$$$$$$$$$$$$$$$$$$$$$$$$$
Calling Z3str3

Returned solutions: 
(define-fun string0 () String  "ABBBCD")
*************************************
Satisfiable: true
string0 => "ABBBCD"
*************************************

$$$$$$$$$$$$$$$$$$$$$$$$$$$$$$$$
Calling Z3str3

Returned solutions: 
(define-fun string0 () String  "ABBBCD")
*************************************
Satisfiable: true
string0 => "ABBBCD"
*************************************

$$$$$$$$$$$$$$$$$$$$$$$$$$$$$$$$
Calling Z3str3

Returned solutions: 
(define-fun string0 () String  "ABBBCB")
*************************************
Satisfiable: true
string0 => "ABBBCB"
*************************************

$$$$$$$$$$$$$$$$$$$$$$$$$$$$$$$$
Calling Z3str3

Returned solutions: 
(define-fun string0 () String  "ABBBCB")
*************************************
Satisfiable: true
string0 => "ABBBCB"
*************************************

$$$$$$$$$$$$$$$$$$$$$$$$$$$$$$$$
Calling Z3str3

Returned solutions: 
(define-fun string0 () String  "ABBBCBD")
*************************************
Satisfiable: true
string0 => "ABBBCBD"
*************************************


====================================================== search constraint
depth limit reached: 13

====================================================== snapshot 
thread java.lang.Thread:{id:0,name:main,status:RUNNING,priority:5,isDaemon:false,lockCount:0,suspendCount:0}
  call stack:
	at Main.main(Main.java:17)

$$$$$$$$$$$$$$$$$$$$$$$$$$$$$$$$
Calling Z3str3

Returned solutions: 
(define-fun string0 () String  "ABBBCD")
*************************************
Satisfiable: true
string0 => "ABBBCD"
*************************************

$$$$$$$$$$$$$$$$$$$$$$$$$$$$$$$$
Calling Z3str3

Returned solutions: 
(define-fun string0 () String  "ABBBCDE")
*************************************
Satisfiable: true
string0 => "ABBBCDE"
*************************************


====================================================== search constraint
depth limit reached: 13

====================================================== snapshot 
thread java.lang.Thread:{id:0,name:main,status:RUNNING,priority:5,isDaemon:false,lockCount:0,suspendCount:0}
  call stack:
	at Main.main(Main.java:17)

$$$$$$$$$$$$$$$$$$$$$$$$$$$$$$$$
Calling Z3str3

Returned solutions: 
(define-fun string0 () String  "ABBC")
*************************************
Satisfiable: true
string0 => "ABBC"
*************************************

$$$$$$$$$$$$$$$$$$$$$$$$$$$$$$$$
Calling Z3str3

Returned solutions: 
(define-fun string0 () String  "ABBCDE")
*************************************
Satisfiable: true
string0 => "ABBCDE"
*************************************

$$$$$$$$$$$$$$$$$$$$$$$$$$$$$$$$
Calling Z3str3

Returned solutions: 
(define-fun string0 () String  "ABBCD")
*************************************
Satisfiable: true
string0 => "ABBCD"
*************************************

$$$$$$$$$$$$$$$$$$$$$$$$$$$$$$$$
Calling Z3str3

Returned solutions: 
(define-fun string0 () String  "ABBCB")
*************************************
Satisfiable: true
string0 => "ABBCB"
*************************************

$$$$$$$$$$$$$$$$$$$$$$$$$$$$$$$$
Calling Z3str3

Returned solutions: 
(define-fun string0 () String  "ABBCB")
*************************************
Satisfiable: true
string0 => "ABBCB"
*************************************

$$$$$$$$$$$$$$$$$$$$$$$$$$$$$$$$
Calling Z3str3

Returned solutions: 
(define-fun string0 () String  "ABBCBD")
*************************************
Satisfiable: true
string0 => "ABBCBD"
*************************************

$$$$$$$$$$$$$$$$$$$$$$$$$$$$$$$$
Calling Z3str3

Returned solutions: 
(define-fun string0 () String  "ABBCBD")
*************************************
Satisfiable: true
string0 => "ABBCBD"
*************************************

$$$$$$$$$$$$$$$$$$$$$$$$$$$$$$$$
Calling Z3str3

Returned solutions: 
(define-fun string0 () String  "ABBCBB")
*************************************
Satisfiable: true
string0 => "ABBCBB"
*************************************

$$$$$$$$$$$$$$$$$$$$$$$$$$$$$$$$
Calling Z3str3

Returned solutions: 
(define-fun string0 () String  "ABBCBB")
*************************************
Satisfiable: true
string0 => "ABBCBB"
*************************************

$$$$$$$$$$$$$$$$$$$$$$$$$$$$$$$$
Calling Z3str3

Returned solutions: 
(define-fun string0 () String  "ABBCBBD")
*************************************
Satisfiable: true
string0 => "ABBCBBD"
*************************************


====================================================== search constraint
depth limit reached: 13

====================================================== snapshot 
thread java.lang.Thread:{id:0,name:main,status:RUNNING,priority:5,isDaemon:false,lockCount:0,suspendCount:0}
  call stack:
	at Main.main(Main.java:17)

$$$$$$$$$$$$$$$$$$$$$$$$$$$$$$$$
Calling Z3str3

Returned solutions: 
(define-fun string0 () String  "ABBCBD")
*************************************
Satisfiable: true
string0 => "ABBCBD"
*************************************

$$$$$$$$$$$$$$$$$$$$$$$$$$$$$$$$
Calling Z3str3

Returned solutions: 
(define-fun string0 () String  "ABBCBDE")
*************************************
Satisfiable: true
string0 => "ABBCBDE"
*************************************


====================================================== search constraint
depth limit reached: 13

====================================================== snapshot 
thread java.lang.Thread:{id:0,name:main,status:RUNNING,priority:5,isDaemon:false,lockCount:0,suspendCount:0}
  call stack:
	at Main.main(Main.java:17)

$$$$$$$$$$$$$$$$$$$$$$$$$$$$$$$$
Calling Z3str3

Returned solutions: 
(define-fun string0 () String  "ABBCD")
*************************************
Satisfiable: true
string0 => "ABBCD"
*************************************

$$$$$$$$$$$$$$$$$$$$$$$$$$$$$$$$
Calling Z3str3

Returned solutions: 
(define-fun string0 () String  "ABBCDE")
*************************************
Satisfiable: true
string0 => "ABBCDE"
*************************************

$$$$$$$$$$$$$$$$$$$$$$$$$$$$$$$$
Calling Z3str3

Returned solutions: 
(define-fun string0 () String  "ABBCDE")
*************************************
Satisfiable: true
string0 => "ABBCDE"
*************************************

$$$$$$$$$$$$$$$$$$$$$$$$$$$$$$$$
Calling Z3str3

Returned solutions: 
(define-fun string0 () String  "ABBCDB")
*************************************
Satisfiable: true
string0 => "ABBCDB"
*************************************

$$$$$$$$$$$$$$$$$$$$$$$$$$$$$$$$
Calling Z3str3

Returned solutions: 
(define-fun string0 () String  "ABBCDB")
*************************************
Satisfiable: true
string0 => "ABBCDB"
*************************************

$$$$$$$$$$$$$$$$$$$$$$$$$$$$$$$$
Calling Z3str3

Returned solutions: 
(define-fun string0 () String  "ABBCDBE")
*************************************
Satisfiable: true
string0 => "ABBCDBE"
*************************************


====================================================== search constraint
depth limit reached: 13

====================================================== snapshot 
thread java.lang.Thread:{id:0,name:main,status:RUNNING,priority:5,isDaemon:false,lockCount:0,suspendCount:0}
  call stack:
	at Main.main(Main.java:17)

$$$$$$$$$$$$$$$$$$$$$$$$$$$$$$$$
Calling Z3str3

Returned solutions: 
(define-fun string0 () String  "ABBCDE")
*************************************
Satisfiable: true
string0 => "ABBCDE"
*************************************

$$$$$$$$$$$$$$$$$$$$$$$$$$$$$$$$
Calling Z3str3

Returned solutions: 
(define-fun string0 () String  "ABBCDEF")
*************************************
Satisfiable: true
string0 => "ABBCDEF"
*************************************


====================================================== search constraint
depth limit reached: 13

====================================================== snapshot 
thread java.lang.Thread:{id:0,name:main,status:RUNNING,priority:5,isDaemon:false,lockCount:0,suspendCount:0}
  call stack:
	at Main.main(Main.java:17)

$$$$$$$$$$$$$$$$$$$$$$$$$$$$$$$$
Calling Z3str3

Returned solutions: 
(define-fun string0 () String  "ABC")
*************************************
Satisfiable: true
string0 => "ABC"
*************************************

$$$$$$$$$$$$$$$$$$$$$$$$$$$$$$$$
Calling Z3str3

Returned solutions: 
(define-fun string0 () String  "ABCD")
*************************************
Satisfiable: true
string0 => "ABCD"
*************************************

$$$$$$$$$$$$$$$$$$$$$$$$$$$$$$$$
Calling Z3str3

Returned solutions: 
(define-fun string0 () String  "ABCD")
*************************************
Satisfiable: true
string0 => "ABCD"
*************************************

$$$$$$$$$$$$$$$$$$$$$$$$$$$$$$$$
Calling Z3str3

Returned solutions: 
(define-fun string0 () String  "ABCB")
*************************************
Satisfiable: true
string0 => "ABCB"
*************************************

$$$$$$$$$$$$$$$$$$$$$$$$$$$$$$$$
Calling Z3str3

Returned solutions: 
(define-fun string0 () String  "ABCB")
*************************************
Satisfiable: true
string0 => "ABCB"
*************************************

$$$$$$$$$$$$$$$$$$$$$$$$$$$$$$$$
Calling Z3str3

Returned solutions: 
(define-fun string0 () String  "ABCBDE")
*************************************
Satisfiable: true
string0 => "ABCBDE"
*************************************

$$$$$$$$$$$$$$$$$$$$$$$$$$$$$$$$
Calling Z3str3

Returned solutions: 
(define-fun string0 () String  "ABCBD")
*************************************
Satisfiable: true
string0 => "ABCBD"
*************************************

$$$$$$$$$$$$$$$$$$$$$$$$$$$$$$$$
Calling Z3str3

Returned solutions: 
(define-fun string0 () String  "ABCBB")
*************************************
Satisfiable: true
string0 => "ABCBB"
*************************************

$$$$$$$$$$$$$$$$$$$$$$$$$$$$$$$$
Calling Z3str3

Returned solutions: 
(define-fun string0 () String  "ABCBB")
*************************************
Satisfiable: true
string0 => "ABCBB"
*************************************

$$$$$$$$$$$$$$$$$$$$$$$$$$$$$$$$
Calling Z3str3

Returned solutions: 
(define-fun string0 () String  "ABCBBD")
*************************************
Satisfiable: true
string0 => "ABCBBD"
*************************************

$$$$$$$$$$$$$$$$$$$$$$$$$$$$$$$$
Calling Z3str3

Returned solutions: 
(define-fun string0 () String  "ABCBBD")
*************************************
Satisfiable: true
string0 => "ABCBBD"
*************************************

$$$$$$$$$$$$$$$$$$$$$$$$$$$$$$$$
Calling Z3str3

Returned solutions: 
(define-fun string0 () String  "ABCBBB")
*************************************
Satisfiable: true
string0 => "ABCBBB"
*************************************

$$$$$$$$$$$$$$$$$$$$$$$$$$$$$$$$
Calling Z3str3

Returned solutions: 
(define-fun string0 () String  "ABCBBB")
*************************************
Satisfiable: true
string0 => "ABCBBB"
*************************************

$$$$$$$$$$$$$$$$$$$$$$$$$$$$$$$$
Calling Z3str3

Returned solutions: 
(define-fun string0 () String  "ABCBBBD")
*************************************
Satisfiable: true
string0 => "ABCBBBD"
*************************************


====================================================== search constraint
depth limit reached: 13

====================================================== snapshot 
thread java.lang.Thread:{id:0,name:main,status:RUNNING,priority:5,isDaemon:false,lockCount:0,suspendCount:0}
  call stack:
	at Main.main(Main.java:17)

$$$$$$$$$$$$$$$$$$$$$$$$$$$$$$$$
Calling Z3str3

Returned solutions: 
(define-fun string0 () String  "ABCBBD")
*************************************
Satisfiable: true
string0 => "ABCBBD"
*************************************

$$$$$$$$$$$$$$$$$$$$$$$$$$$$$$$$
Calling Z3str3

Returned solutions: 
(define-fun string0 () String  "ABCBBDE")
*************************************
Satisfiable: true
string0 => "ABCBBDE"
*************************************


====================================================== search constraint
depth limit reached: 13

====================================================== snapshot 
thread java.lang.Thread:{id:0,name:main,status:RUNNING,priority:5,isDaemon:false,lockCount:0,suspendCount:0}
  call stack:
	at Main.main(Main.java:17)

$$$$$$$$$$$$$$$$$$$$$$$$$$$$$$$$
Calling Z3str3

Returned solutions: 
(define-fun string0 () String  "ABCBD")
*************************************
Satisfiable: true
string0 => "ABCBD"
*************************************

$$$$$$$$$$$$$$$$$$$$$$$$$$$$$$$$
Calling Z3str3

Returned solutions: 
(define-fun string0 () String  "ABCBDE")
*************************************
Satisfiable: true
string0 => "ABCBDE"
*************************************

$$$$$$$$$$$$$$$$$$$$$$$$$$$$$$$$
Calling Z3str3

Returned solutions: 
(define-fun string0 () String  "ABCBDE")
*************************************
Satisfiable: true
string0 => "ABCBDE"
*************************************

$$$$$$$$$$$$$$$$$$$$$$$$$$$$$$$$
Calling Z3str3

Returned solutions: 
(define-fun string0 () String  "ABCBDB")
*************************************
Satisfiable: true
string0 => "ABCBDB"
*************************************

$$$$$$$$$$$$$$$$$$$$$$$$$$$$$$$$
Calling Z3str3

Returned solutions: 
(define-fun string0 () String  "ABCBDB")
*************************************
Satisfiable: true
string0 => "ABCBDB"
*************************************

$$$$$$$$$$$$$$$$$$$$$$$$$$$$$$$$
Calling Z3str3

Returned solutions: 
(define-fun string0 () String  "ABCBDBE")
*************************************
Satisfiable: true
string0 => "ABCBDBE"
*************************************


====================================================== search constraint
depth limit reached: 13

====================================================== snapshot 
thread java.lang.Thread:{id:0,name:main,status:RUNNING,priority:5,isDaemon:false,lockCount:0,suspendCount:0}
  call stack:
	at Main.main(Main.java:17)

$$$$$$$$$$$$$$$$$$$$$$$$$$$$$$$$
Calling Z3str3

Returned solutions: 
(define-fun string0 () String  "ABCBDE")
*************************************
Satisfiable: true
string0 => "ABCBDE"
*************************************

$$$$$$$$$$$$$$$$$$$$$$$$$$$$$$$$
Calling Z3str3

Returned solutions: 
(define-fun string0 () String  "ABCBDEF")
*************************************
Satisfiable: true
string0 => "ABCBDEF"
*************************************


====================================================== search constraint
depth limit reached: 13

====================================================== snapshot 
thread java.lang.Thread:{id:0,name:main,status:RUNNING,priority:5,isDaemon:false,lockCount:0,suspendCount:0}
  call stack:
	at Main.main(Main.java:17)

$$$$$$$$$$$$$$$$$$$$$$$$$$$$$$$$
Calling Z3str3

Returned solutions: 
(define-fun string0 () String  "ABCD")
*************************************
Satisfiable: true
string0 => "ABCD"
*************************************

$$$$$$$$$$$$$$$$$$$$$$$$$$$$$$$$
Calling Z3str3

Returned solutions: 
(define-fun string0 () String  "ABCDEF")
*************************************
Satisfiable: true
string0 => "ABCDEF"
*************************************

$$$$$$$$$$$$$$$$$$$$$$$$$$$$$$$$
Calling Z3str3

Returned solutions: 
(define-fun string0 () String  "ABCDE")
*************************************
Satisfiable: true
string0 => "ABCDE"
*************************************

$$$$$$$$$$$$$$$$$$$$$$$$$$$$$$$$
Calling Z3str3

Returned solutions: 
(define-fun string0 () String  "ABCDB")
*************************************
Satisfiable: true
string0 => "ABCDB"
*************************************

$$$$$$$$$$$$$$$$$$$$$$$$$$$$$$$$
Calling Z3str3

Returned solutions: 
(define-fun string0 () String  "ABCDB")
*************************************
Satisfiable: true
string0 => "ABCDB"
*************************************

$$$$$$$$$$$$$$$$$$$$$$$$$$$$$$$$
Calling Z3str3

Returned solutions: 
(define-fun string0 () String  "ABCDBE")
*************************************
Satisfiable: true
string0 => "ABCDBE"
*************************************

$$$$$$$$$$$$$$$$$$$$$$$$$$$$$$$$
Calling Z3str3

Returned solutions: 
(define-fun string0 () String  "ABCDBE")
*************************************
Satisfiable: true
string0 => "ABCDBE"
*************************************

$$$$$$$$$$$$$$$$$$$$$$$$$$$$$$$$
Calling Z3str3

Returned solutions: 
(define-fun string0 () String  "ABCDBB")
*************************************
Satisfiable: true
string0 => "ABCDBB"
*************************************

$$$$$$$$$$$$$$$$$$$$$$$$$$$$$$$$
Calling Z3str3

Returned solutions: 
(define-fun string0 () String  "ABCDBB")
*************************************
Satisfiable: true
string0 => "ABCDBB"
*************************************

$$$$$$$$$$$$$$$$$$$$$$$$$$$$$$$$
Calling Z3str3

Returned solutions: 
(define-fun string0 () String  "ABCDBBE")
*************************************
Satisfiable: true
string0 => "ABCDBBE"
*************************************


====================================================== search constraint
depth limit reached: 13

====================================================== snapshot 
thread java.lang.Thread:{id:0,name:main,status:RUNNING,priority:5,isDaemon:false,lockCount:0,suspendCount:0}
  call stack:
	at Main.main(Main.java:17)

$$$$$$$$$$$$$$$$$$$$$$$$$$$$$$$$
Calling Z3str3

Returned solutions: 
(define-fun string0 () String  "ABCDBE")
*************************************
Satisfiable: true
string0 => "ABCDBE"
*************************************

$$$$$$$$$$$$$$$$$$$$$$$$$$$$$$$$
Calling Z3str3

Returned solutions: 
(define-fun string0 () String  "ABCDBEF")
*************************************
Satisfiable: true
string0 => "ABCDBEF"
*************************************


====================================================== search constraint
depth limit reached: 13

====================================================== snapshot 
thread java.lang.Thread:{id:0,name:main,status:RUNNING,priority:5,isDaemon:false,lockCount:0,suspendCount:0}
  call stack:
	at Main.main(Main.java:17)

$$$$$$$$$$$$$$$$$$$$$$$$$$$$$$$$
Calling Z3str3

Returned solutions: 
(define-fun string0 () String  "ABCDE")
*************************************
Satisfiable: true
string0 => "ABCDE"
*************************************

$$$$$$$$$$$$$$$$$$$$$$$$$$$$$$$$
Calling Z3str3

Returned solutions: 
(define-fun string0 () String  "ABCDEF")
*************************************
Satisfiable: true
string0 => "ABCDEF"
*************************************

$$$$$$$$$$$$$$$$$$$$$$$$$$$$$$$$
Calling Z3str3

Returned solutions: 
(define-fun string0 () String  "ABCDEF")
*************************************
Satisfiable: true
string0 => "ABCDEF"
*************************************

$$$$$$$$$$$$$$$$$$$$$$$$$$$$$$$$
Calling Z3str3

Returned solutions: 
(define-fun string0 () String  "ABCDEB")
*************************************
Satisfiable: true
string0 => "ABCDEB"
*************************************

$$$$$$$$$$$$$$$$$$$$$$$$$$$$$$$$
Calling Z3str3

Returned solutions: 
(define-fun string0 () String  "ABCDEB")
*************************************
Satisfiable: true
string0 => "ABCDEB"
*************************************

$$$$$$$$$$$$$$$$$$$$$$$$$$$$$$$$
Calling Z3str3

Returned solutions: 
(define-fun string0 () String  "ABCDEBF")
*************************************
Satisfiable: true
string0 => "ABCDEBF"
*************************************


====================================================== search constraint
depth limit reached: 13

====================================================== snapshot 
thread java.lang.Thread:{id:0,name:main,status:RUNNING,priority:5,isDaemon:false,lockCount:0,suspendCount:0}
  call stack:
	at Main.main(Main.java:17)

$$$$$$$$$$$$$$$$$$$$$$$$$$$$$$$$
Calling Z3str3

Returned solutions: 
(define-fun string0 () String  "ABCDEF")
*************************************
Satisfiable: true
string0 => "ABCDEF"
*************************************

$$$$$$$$$$$$$$$$$$$$$$$$$$$$$$$$
Calling Z3str3

Returned solutions: 
(define-fun string0 () String  "ABCDEFG")
*************************************
Satisfiable: true
string0 => "ABCDEFG"
*************************************


====================================================== search constraint
depth limit reached: 13

====================================================== snapshot 
thread java.lang.Thread:{id:0,name:main,status:RUNNING,priority:5,isDaemon:false,lockCount:0,suspendCount:0}
  call stack:
	at Main.main(Main.java:17)

$$$$$$$$$$$$$$$$$$$$$$$$$$$$$$$$
Calling Z3str3

Returned solutions: 
(define-fun string0 () String  "AC")
*************************************
Satisfiable: true
string0 => "AC"
*************************************

$$$$$$$$$$$$$$$$$$$$$$$$$$$$$$$$
Calling Z3str3

Returned solutions: 
(define-fun string0 () String  "ACD")
*************************************
Satisfiable: true
string0 => "ACD"
*************************************

$$$$$$$$$$$$$$$$$$$$$$$$$$$$$$$$
Calling Z3str3

Returned solutions: 
(define-fun string0 () String  "ACD")
*************************************
Satisfiable: true
string0 => "ACD"
*************************************

$$$$$$$$$$$$$$$$$$$$$$$$$$$$$$$$
Calling Z3str3

Returned solutions: 
(define-fun string0 () String  "ACB")
*************************************
Satisfiable: true
string0 => "ACB"
*************************************

$$$$$$$$$$$$$$$$$$$$$$$$$$$$$$$$
Calling Z3str3

Returned solutions: 
(define-fun string0 () String  "ACB")
*************************************
Satisfiable: true
string0 => "ACB"
*************************************

$$$$$$$$$$$$$$$$$$$$$$$$$$$$$$$$
Calling Z3str3

Returned solutions: 
(define-fun string0 () String  "ACBD")
*************************************
Satisfiable: true
string0 => "ACBD"
*************************************

$$$$$$$$$$$$$$$$$$$$$$$$$$$$$$$$
Calling Z3str3

Returned solutions: 
(define-fun string0 () String  "ACBD")
*************************************
Satisfiable: true
string0 => "ACBD"
*************************************

$$$$$$$$$$$$$$$$$$$$$$$$$$$$$$$$
Calling Z3str3

Returned solutions: 
(define-fun string0 () String  "ACBB")
*************************************
Satisfiable: true
string0 => "ACBB"
*************************************

$$$$$$$$$$$$$$$$$$$$$$$$$$$$$$$$
Calling Z3str3

Returned solutions: 
(define-fun string0 () String  "ACBB")
*************************************
Satisfiable: true
string0 => "ACBB"
*************************************

$$$$$$$$$$$$$$$$$$$$$$$$$$$$$$$$
Calling Z3str3

Returned solutions: 
(define-fun string0 () String  "ACBBDE")
*************************************
Satisfiable: true
string0 => "ACBBDE"
*************************************

$$$$$$$$$$$$$$$$$$$$$$$$$$$$$$$$
Calling Z3str3

Returned solutions: 
(define-fun string0 () String  "ACBBD")
*************************************
Satisfiable: true
string0 => "ACBBD"
*************************************

$$$$$$$$$$$$$$$$$$$$$$$$$$$$$$$$
Calling Z3str3

Returned solutions: 
(define-fun string0 () String  "ACBBB")
*************************************
Satisfiable: true
string0 => "ACBBB"
*************************************

$$$$$$$$$$$$$$$$$$$$$$$$$$$$$$$$
Calling Z3str3

Returned solutions: 
(define-fun string0 () String  "ACBBB")
*************************************
Satisfiable: true
string0 => "ACBBB"
*************************************

$$$$$$$$$$$$$$$$$$$$$$$$$$$$$$$$
Calling Z3str3

Returned solutions: 
(define-fun string0 () String  "ACBBBD")
*************************************
Satisfiable: true
string0 => "ACBBBD"
*************************************

$$$$$$$$$$$$$$$$$$$$$$$$$$$$$$$$
Calling Z3str3

Returned solutions: 
(define-fun string0 () String  "ACBBBD")
*************************************
Satisfiable: true
string0 => "ACBBBD"
*************************************

$$$$$$$$$$$$$$$$$$$$$$$$$$$$$$$$
Calling Z3str3

Returned solutions: 
(define-fun string0 () String  "ACBBBB")
*************************************
Satisfiable: true
string0 => "ACBBBB"
*************************************

$$$$$$$$$$$$$$$$$$$$$$$$$$$$$$$$
Calling Z3str3

Returned solutions: 
(define-fun string0 () String  "ACBBBB")
*************************************
Satisfiable: true
string0 => "ACBBBB"
*************************************

$$$$$$$$$$$$$$$$$$$$$$$$$$$$$$$$
Calling Z3str3

Returned solutions: 
(define-fun string0 () String  "ACBBBBD")
*************************************
Satisfiable: true
string0 => "ACBBBBD"
*************************************


====================================================== search constraint
depth limit reached: 13

====================================================== snapshot 
thread java.lang.Thread:{id:0,name:main,status:RUNNING,priority:5,isDaemon:false,lockCount:0,suspendCount:0}
  call stack:
	at Main.main(Main.java:17)

$$$$$$$$$$$$$$$$$$$$$$$$$$$$$$$$
Calling Z3str3

Returned solutions: 
(define-fun string0 () String  "ACBBBD")
*************************************
Satisfiable: true
string0 => "ACBBBD"
*************************************

$$$$$$$$$$$$$$$$$$$$$$$$$$$$$$$$
Calling Z3str3

Returned solutions: 
(define-fun string0 () String  "ACBBBDE")
*************************************
Satisfiable: true
string0 => "ACBBBDE"
*************************************


====================================================== search constraint
depth limit reached: 13

====================================================== snapshot 
thread java.lang.Thread:{id:0,name:main,status:RUNNING,priority:5,isDaemon:false,lockCount:0,suspendCount:0}
  call stack:
	at Main.main(Main.java:17)

$$$$$$$$$$$$$$$$$$$$$$$$$$$$$$$$
Calling Z3str3

Returned solutions: 
(define-fun string0 () String  "ACBBD")
*************************************
Satisfiable: true
string0 => "ACBBD"
*************************************

$$$$$$$$$$$$$$$$$$$$$$$$$$$$$$$$
Calling Z3str3

Returned solutions: 
(define-fun string0 () String  "ACBBDE")
*************************************
Satisfiable: true
string0 => "ACBBDE"
*************************************

$$$$$$$$$$$$$$$$$$$$$$$$$$$$$$$$
Calling Z3str3

Returned solutions: 
(define-fun string0 () String  "ACBBDE")
*************************************
Satisfiable: true
string0 => "ACBBDE"
*************************************

$$$$$$$$$$$$$$$$$$$$$$$$$$$$$$$$
Calling Z3str3

Returned solutions: 
(define-fun string0 () String  "ACBBDB")
*************************************
Satisfiable: true
string0 => "ACBBDB"
*************************************

$$$$$$$$$$$$$$$$$$$$$$$$$$$$$$$$
Calling Z3str3

Returned solutions: 
(define-fun string0 () String  "ACBBDB")
*************************************
Satisfiable: true
string0 => "ACBBDB"
*************************************

$$$$$$$$$$$$$$$$$$$$$$$$$$$$$$$$
Calling Z3str3

Returned solutions: 
(define-fun string0 () String  "ACBBDBE")
*************************************
Satisfiable: true
string0 => "ACBBDBE"
*************************************


====================================================== search constraint
depth limit reached: 13

====================================================== snapshot 
thread java.lang.Thread:{id:0,name:main,status:RUNNING,priority:5,isDaemon:false,lockCount:0,suspendCount:0}
  call stack:
	at Main.main(Main.java:17)

$$$$$$$$$$$$$$$$$$$$$$$$$$$$$$$$
Calling Z3str3

Returned solutions: 
(define-fun string0 () String  "ACBBDE")
*************************************
Satisfiable: true
string0 => "ACBBDE"
*************************************

$$$$$$$$$$$$$$$$$$$$$$$$$$$$$$$$
Calling Z3str3

Returned solutions: 
(define-fun string0 () String  "ACBBDEF")
*************************************
Satisfiable: true
string0 => "ACBBDEF"
*************************************


====================================================== search constraint
depth limit reached: 13

====================================================== snapshot 
thread java.lang.Thread:{id:0,name:main,status:RUNNING,priority:5,isDaemon:false,lockCount:0,suspendCount:0}
  call stack:
	at Main.main(Main.java:17)

$$$$$$$$$$$$$$$$$$$$$$$$$$$$$$$$
Calling Z3str3

Returned solutions: 
(define-fun string0 () String  "ACBD")
*************************************
Satisfiable: true
string0 => "ACBD"
*************************************

$$$$$$$$$$$$$$$$$$$$$$$$$$$$$$$$
Calling Z3str3

Returned solutions: 
(define-fun string0 () String  "ACBDEF")
*************************************
Satisfiable: true
string0 => "ACBDEF"
*************************************

$$$$$$$$$$$$$$$$$$$$$$$$$$$$$$$$
Calling Z3str3

Returned solutions: 
(define-fun string0 () String  "ACBDE")
*************************************
Satisfiable: true
string0 => "ACBDE"
*************************************

$$$$$$$$$$$$$$$$$$$$$$$$$$$$$$$$
Calling Z3str3

Returned solutions: 
(define-fun string0 () String  "ACBDB")
*************************************
Satisfiable: true
string0 => "ACBDB"
*************************************

$$$$$$$$$$$$$$$$$$$$$$$$$$$$$$$$
Calling Z3str3

Returned solutions: 
(define-fun string0 () String  "ACBDB")
*************************************
Satisfiable: true
string0 => "ACBDB"
*************************************

$$$$$$$$$$$$$$$$$$$$$$$$$$$$$$$$
Calling Z3str3

Returned solutions: 
(define-fun string0 () String  "ACBDBE")
*************************************
Satisfiable: true
string0 => "ACBDBE"
*************************************

$$$$$$$$$$$$$$$$$$$$$$$$$$$$$$$$
Calling Z3str3

Returned solutions: 
(define-fun string0 () String  "ACBDBE")
*************************************
Satisfiable: true
string0 => "ACBDBE"
*************************************

$$$$$$$$$$$$$$$$$$$$$$$$$$$$$$$$
Calling Z3str3

Returned solutions: 
(define-fun string0 () String  "ACBDBB")
*************************************
Satisfiable: true
string0 => "ACBDBB"
*************************************

$$$$$$$$$$$$$$$$$$$$$$$$$$$$$$$$
Calling Z3str3

Returned solutions: 
(define-fun string0 () String  "ACBDBB")
*************************************
Satisfiable: true
string0 => "ACBDBB"
*************************************

$$$$$$$$$$$$$$$$$$$$$$$$$$$$$$$$
Calling Z3str3

Returned solutions: 
(define-fun string0 () String  "ACBDBBE")
*************************************
Satisfiable: true
string0 => "ACBDBBE"
*************************************


====================================================== search constraint
depth limit reached: 13

====================================================== snapshot 
thread java.lang.Thread:{id:0,name:main,status:RUNNING,priority:5,isDaemon:false,lockCount:0,suspendCount:0}
  call stack:
	at Main.main(Main.java:17)

$$$$$$$$$$$$$$$$$$$$$$$$$$$$$$$$
Calling Z3str3

Returned solutions: 
(define-fun string0 () String  "ACBDBE")
*************************************
Satisfiable: true
string0 => "ACBDBE"
*************************************

$$$$$$$$$$$$$$$$$$$$$$$$$$$$$$$$
Calling Z3str3

Returned solutions: 
(define-fun string0 () String  "ACBDBEF")
*************************************
Satisfiable: true
string0 => "ACBDBEF"
*************************************


====================================================== search constraint
depth limit reached: 13

====================================================== snapshot 
thread java.lang.Thread:{id:0,name:main,status:RUNNING,priority:5,isDaemon:false,lockCount:0,suspendCount:0}
  call stack:
	at Main.main(Main.java:17)

$$$$$$$$$$$$$$$$$$$$$$$$$$$$$$$$
Calling Z3str3

Returned solutions: 
(define-fun string0 () String  "ACBDE")
*************************************
Satisfiable: true
string0 => "ACBDE"
*************************************

$$$$$$$$$$$$$$$$$$$$$$$$$$$$$$$$
Calling Z3str3

Returned solutions: 
(define-fun string0 () String  "ACBDEF")
*************************************
Satisfiable: true
string0 => "ACBDEF"
*************************************

$$$$$$$$$$$$$$$$$$$$$$$$$$$$$$$$
Calling Z3str3

Returned solutions: 
(define-fun string0 () String  "ACBDEF")
*************************************
Satisfiable: true
string0 => "ACBDEF"
*************************************

$$$$$$$$$$$$$$$$$$$$$$$$$$$$$$$$
Calling Z3str3

Returned solutions: 
(define-fun string0 () String  "ACBDEB")
*************************************
Satisfiable: true
string0 => "ACBDEB"
*************************************

$$$$$$$$$$$$$$$$$$$$$$$$$$$$$$$$
Calling Z3str3

Returned solutions: 
(define-fun string0 () String  "ACBDEB")
*************************************
Satisfiable: true
string0 => "ACBDEB"
*************************************

$$$$$$$$$$$$$$$$$$$$$$$$$$$$$$$$
Calling Z3str3

Returned solutions: 
(define-fun string0 () String  "ACBDEBF")
*************************************
Satisfiable: true
string0 => "ACBDEBF"
*************************************


====================================================== search constraint
depth limit reached: 13

====================================================== snapshot 
thread java.lang.Thread:{id:0,name:main,status:RUNNING,priority:5,isDaemon:false,lockCount:0,suspendCount:0}
  call stack:
	at Main.main(Main.java:17)

$$$$$$$$$$$$$$$$$$$$$$$$$$$$$$$$
Calling Z3str3

Returned solutions: 
(define-fun string0 () String  "ACBDEF")
*************************************
Satisfiable: true
string0 => "ACBDEF"
*************************************

$$$$$$$$$$$$$$$$$$$$$$$$$$$$$$$$
Calling Z3str3

Returned solutions: 
(define-fun string0 () String  "ACBDEFG")
*************************************
Satisfiable: true
string0 => "ACBDEFG"
*************************************


====================================================== search constraint
depth limit reached: 13

====================================================== snapshot 
thread java.lang.Thread:{id:0,name:main,status:RUNNING,priority:5,isDaemon:false,lockCount:0,suspendCount:0}
  call stack:
	at Main.main(Main.java:17)

$$$$$$$$$$$$$$$$$$$$$$$$$$$$$$$$
Calling Z3str3

Returned solutions: 
(define-fun string0 () String  "ACD")
*************************************
Satisfiable: true
string0 => "ACD"
*************************************

$$$$$$$$$$$$$$$$$$$$$$$$$$$$$$$$
Calling Z3str3

Returned solutions: 
(define-fun string0 () String  "ACDE")
*************************************
Satisfiable: true
string0 => "ACDE"
*************************************

$$$$$$$$$$$$$$$$$$$$$$$$$$$$$$$$
Calling Z3str3

Returned solutions: 
(define-fun string0 () String  "ACDE")
*************************************
Satisfiable: true
string0 => "ACDE"
*************************************

$$$$$$$$$$$$$$$$$$$$$$$$$$$$$$$$
Calling Z3str3

Returned solutions: 
(define-fun string0 () String  "ACDB")
*************************************
Satisfiable: true
string0 => "ACDB"
*************************************

$$$$$$$$$$$$$$$$$$$$$$$$$$$$$$$$
Calling Z3str3

Returned solutions: 
(define-fun string0 () String  "ACDB")
*************************************
Satisfiable: true
string0 => "ACDB"
*************************************

$$$$$$$$$$$$$$$$$$$$$$$$$$$$$$$$
Calling Z3str3

Returned solutions: 
(define-fun string0 () String  "ACDBEF")
*************************************
Satisfiable: true
string0 => "ACDBEF"
*************************************

$$$$$$$$$$$$$$$$$$$$$$$$$$$$$$$$
Calling Z3str3

Returned solutions: 
(define-fun string0 () String  "ACDBE")
*************************************
Satisfiable: true
string0 => "ACDBE"
*************************************

$$$$$$$$$$$$$$$$$$$$$$$$$$$$$$$$
Calling Z3str3

Returned solutions: 
(define-fun string0 () String  "ACDBB")
*************************************
Satisfiable: true
string0 => "ACDBB"
*************************************

$$$$$$$$$$$$$$$$$$$$$$$$$$$$$$$$
Calling Z3str3

Returned solutions: 
(define-fun string0 () String  "ACDBB")
*************************************
Satisfiable: true
string0 => "ACDBB"
*************************************

$$$$$$$$$$$$$$$$$$$$$$$$$$$$$$$$
Calling Z3str3

Returned solutions: 
(define-fun string0 () String  "ACDBBE")
*************************************
Satisfiable: true
string0 => "ACDBBE"
*************************************

$$$$$$$$$$$$$$$$$$$$$$$$$$$$$$$$
Calling Z3str3

Returned solutions: 
(define-fun string0 () String  "ACDBBE")
*************************************
Satisfiable: true
string0 => "ACDBBE"
*************************************

$$$$$$$$$$$$$$$$$$$$$$$$$$$$$$$$
Calling Z3str3

Returned solutions: 
(define-fun string0 () String  "ACDBBB")
*************************************
Satisfiable: true
string0 => "ACDBBB"
*************************************

$$$$$$$$$$$$$$$$$$$$$$$$$$$$$$$$
Calling Z3str3

Returned solutions: 
(define-fun string0 () String  "ACDBBB")
*************************************
Satisfiable: true
string0 => "ACDBBB"
*************************************

$$$$$$$$$$$$$$$$$$$$$$$$$$$$$$$$
Calling Z3str3

Returned solutions: 
(define-fun string0 () String  "ACDBBBE")
*************************************
Satisfiable: true
string0 => "ACDBBBE"
*************************************


====================================================== search constraint
depth limit reached: 13

====================================================== snapshot 
thread java.lang.Thread:{id:0,name:main,status:RUNNING,priority:5,isDaemon:false,lockCount:0,suspendCount:0}
  call stack:
	at Main.main(Main.java:17)

$$$$$$$$$$$$$$$$$$$$$$$$$$$$$$$$
Calling Z3str3

Returned solutions: 
(define-fun string0 () String  "ACDBBE")
*************************************
Satisfiable: true
string0 => "ACDBBE"
*************************************

$$$$$$$$$$$$$$$$$$$$$$$$$$$$$$$$
Calling Z3str3

Returned solutions: 
(define-fun string0 () String  "ACDBBEF")
*************************************
Satisfiable: true
string0 => "ACDBBEF"
*************************************


====================================================== search constraint
depth limit reached: 13

====================================================== snapshot 
thread java.lang.Thread:{id:0,name:main,status:RUNNING,priority:5,isDaemon:false,lockCount:0,suspendCount:0}
  call stack:
	at Main.main(Main.java:17)

$$$$$$$$$$$$$$$$$$$$$$$$$$$$$$$$
Calling Z3str3

Returned solutions: 
(define-fun string0 () String  "ACDBE")
*************************************
Satisfiable: true
string0 => "ACDBE"
*************************************

$$$$$$$$$$$$$$$$$$$$$$$$$$$$$$$$
Calling Z3str3

Returned solutions: 
(define-fun string0 () String  "ACDBEF")
*************************************
Satisfiable: true
string0 => "ACDBEF"
*************************************

$$$$$$$$$$$$$$$$$$$$$$$$$$$$$$$$
Calling Z3str3

Returned solutions: 
(define-fun string0 () String  "ACDBEF")
*************************************
Satisfiable: true
string0 => "ACDBEF"
*************************************

$$$$$$$$$$$$$$$$$$$$$$$$$$$$$$$$
Calling Z3str3

Returned solutions: 
(define-fun string0 () String  "ACDBEB")
*************************************
Satisfiable: true
string0 => "ACDBEB"
*************************************

$$$$$$$$$$$$$$$$$$$$$$$$$$$$$$$$
Calling Z3str3

Returned solutions: 
(define-fun string0 () String  "ACDBEB")
*************************************
Satisfiable: true
string0 => "ACDBEB"
*************************************

$$$$$$$$$$$$$$$$$$$$$$$$$$$$$$$$
Calling Z3str3

Returned solutions: 
(define-fun string0 () String  "ACDBEBF")
*************************************
Satisfiable: true
string0 => "ACDBEBF"
*************************************


====================================================== search constraint
depth limit reached: 13

====================================================== snapshot 
thread java.lang.Thread:{id:0,name:main,status:RUNNING,priority:5,isDaemon:false,lockCount:0,suspendCount:0}
  call stack:
	at Main.main(Main.java:17)

$$$$$$$$$$$$$$$$$$$$$$$$$$$$$$$$
Calling Z3str3

Returned solutions: 
(define-fun string0 () String  "ACDBEF")
*************************************
Satisfiable: true
string0 => "ACDBEF"
*************************************

$$$$$$$$$$$$$$$$$$$$$$$$$$$$$$$$
Calling Z3str3

Returned solutions: 
(define-fun string0 () String  "ACDBEFG")
*************************************
Satisfiable: true
string0 => "ACDBEFG"
*************************************


====================================================== search constraint
depth limit reached: 13

====================================================== snapshot 
thread java.lang.Thread:{id:0,name:main,status:RUNNING,priority:5,isDaemon:false,lockCount:0,suspendCount:0}
  call stack:
	at Main.main(Main.java:17)

$$$$$$$$$$$$$$$$$$$$$$$$$$$$$$$$
Calling Z3str3

Returned solutions: 
(define-fun string0 () String  "ACDE")
*************************************
Satisfiable: true
string0 => "ACDE"
*************************************

$$$$$$$$$$$$$$$$$$$$$$$$$$$$$$$$
Calling Z3str3

Returned solutions: 
(define-fun string0 () String  "ACDEF")
*************************************
Satisfiable: true
string0 => "ACDEF"
*************************************

$$$$$$$$$$$$$$$$$$$$$$$$$$$$$$$$
Calling Z3str3

Returned solutions: 
(define-fun string0 () String  "ACDEF")
*************************************
Satisfiable: true
string0 => "ACDEF"
*************************************

$$$$$$$$$$$$$$$$$$$$$$$$$$$$$$$$
Calling Z3str3

Returned solutions: 
(define-fun string0 () String  "ACDEB")
*************************************
Satisfiable: true
string0 => "ACDEB"
*************************************

$$$$$$$$$$$$$$$$$$$$$$$$$$$$$$$$
Calling Z3str3

Returned solutions: 
(define-fun string0 () String  "ACDEB")
*************************************
Satisfiable: true
string0 => "ACDEB"
*************************************

$$$$$$$$$$$$$$$$$$$$$$$$$$$$$$$$
Calling Z3str3

Returned solutions: 
(define-fun string0 () String  "ACDEBF")
*************************************
Satisfiable: true
string0 => "ACDEBF"
*************************************

$$$$$$$$$$$$$$$$$$$$$$$$$$$$$$$$
Calling Z3str3

Returned solutions: 
(define-fun string0 () String  "ACDEBF")
*************************************
Satisfiable: true
string0 => "ACDEBF"
*************************************

$$$$$$$$$$$$$$$$$$$$$$$$$$$$$$$$
Calling Z3str3

Returned solutions: 
(define-fun string0 () String  "ACDEBB")
*************************************
Satisfiable: true
string0 => "ACDEBB"
*************************************

$$$$$$$$$$$$$$$$$$$$$$$$$$$$$$$$
Calling Z3str3

Returned solutions: 
(define-fun string0 () String  "ACDEBB")
*************************************
Satisfiable: true
string0 => "ACDEBB"
*************************************

$$$$$$$$$$$$$$$$$$$$$$$$$$$$$$$$
Calling Z3str3

Returned solutions: 
(define-fun string0 () String  "ACDEBBF")
*************************************
Satisfiable: true
string0 => "ACDEBBF"
*************************************


====================================================== search constraint
depth limit reached: 13

====================================================== snapshot 
thread java.lang.Thread:{id:0,name:main,status:RUNNING,priority:5,isDaemon:false,lockCount:0,suspendCount:0}
  call stack:
	at Main.main(Main.java:17)

$$$$$$$$$$$$$$$$$$$$$$$$$$$$$$$$
Calling Z3str3

Returned solutions: 
(define-fun string0 () String  "ACDEBF")
*************************************
Satisfiable: true
string0 => "ACDEBF"
*************************************

$$$$$$$$$$$$$$$$$$$$$$$$$$$$$$$$
Calling Z3str3

Returned solutions: 
(define-fun string0 () String  "ACDEBFG")
*************************************
Satisfiable: true
string0 => "ACDEBFG"
*************************************


====================================================== search constraint
depth limit reached: 13

====================================================== snapshot 
thread java.lang.Thread:{id:0,name:main,status:RUNNING,priority:5,isDaemon:false,lockCount:0,suspendCount:0}
  call stack:
	at Main.main(Main.java:17)

$$$$$$$$$$$$$$$$$$$$$$$$$$$$$$$$
Calling Z3str3

Returned solutions: 
(define-fun string0 () String  "ACDEF")
*************************************
Satisfiable: true
string0 => "ACDEF"
*************************************

$$$$$$$$$$$$$$$$$$$$$$$$$$$$$$$$
Calling Z3str3

Returned solutions: 
(define-fun string0 () String  "ACDEFG")
*************************************
Satisfiable: true
string0 => "ACDEFG"
*************************************

$$$$$$$$$$$$$$$$$$$$$$$$$$$$$$$$
Calling Z3str3

Returned solutions: 
(define-fun string0 () String  "ACDEFG")
*************************************
Satisfiable: true
string0 => "ACDEFG"
*************************************

$$$$$$$$$$$$$$$$$$$$$$$$$$$$$$$$
Calling Z3str3

Returned solutions: 
(define-fun string0 () String  "ACDEFB")
*************************************
Satisfiable: true
string0 => "ACDEFB"
*************************************

$$$$$$$$$$$$$$$$$$$$$$$$$$$$$$$$
Calling Z3str3

Returned solutions: 
(define-fun string0 () String  "ACDEFB")
*************************************
Satisfiable: true
string0 => "ACDEFB"
*************************************

$$$$$$$$$$$$$$$$$$$$$$$$$$$$$$$$
Calling Z3str3

Returned solutions: 
(define-fun string0 () String  "ACDEFBG")
*************************************
Satisfiable: true
string0 => "ACDEFBG"
*************************************


====================================================== search constraint
depth limit reached: 13

====================================================== snapshot 
thread java.lang.Thread:{id:0,name:main,status:RUNNING,priority:5,isDaemon:false,lockCount:0,suspendCount:0}
  call stack:
	at Main.main(Main.java:17)

$$$$$$$$$$$$$$$$$$$$$$$$$$$$$$$$
Calling Z3str3

Returned solutions: 
(define-fun string0 () String  "ACDEFG")
*************************************
Satisfiable: true
string0 => "ACDEFG"
*************************************

$$$$$$$$$$$$$$$$$$$$$$$$$$$$$$$$
Calling Z3str3

Returned solutions: 
(define-fun string0 () String  "ACDEFGH")
*************************************
Satisfiable: true
string0 => "ACDEFGH"
*************************************


====================================================== search constraint
depth limit reached: 13

====================================================== snapshot 
thread java.lang.Thread:{id:0,name:main,status:RUNNING,priority:5,isDaemon:false,lockCount:0,suspendCount:0}
  call stack:
	at Main.main(Main.java:17)


====================================================== Method Summaries

====================================================== Method Summaries (HTML)

====================================================== results
no errors detected

====================================================== statistics
elapsed time:       00:00:10
states:             new=253,visited=0,backtracked=253,end=63
search:             maxDepth=13,constraints=64
choice generators:  thread=1 (signal=0,lock=1,sharedRef=0,threadApi=0,reschedule=0), data=126
heap:               new=470,released=701,maxLive=462,gcCycles=253
instructions:       8311
max memory:         44MB
loaded code:        classes=85,methods=1828

====================================================== search finished: 7/8/25 4:43 AM
SAFE
